"gbifID","scientificName","acceptedScientificName","decimalLatitude","decimalLongitude","geodeticDatum","issues","continent","country","countryCode","stateProvince","county","municipality","locality","basisOfRecord","occurrenceStatus","taxonomicStatus","datasetName","datasetKey","publishingOrgKey","institutionCode","collectionCode","recordedBy","identifiedBy","eventDate","year","month","day","habitat","elevation","elevationAccuracy","occurrenceRemarks","license","rightsHolder"
"6162808808","Cavendishia pubescens (Kunth) Hemsl.","Cavendishia pubescens (Kunth) Hemsl.",1.720689,-76.118904,"WGS84","cdc,cdround","SOUTH_AMERICA","Colombia","CO","Huila",,,,"HUMAN_OBSERVATION","PRESENT","ACCEPTED","iNaturalist research-grade observations","50c9509d-22c7-4a22-a47d-8c48425ef4a7","28eb1a3f-1c15-4a95-931a-4af90ecb574d","iNaturalist","Observations","Jonathan Newman","Samuel Serna Wills","2026-02-14T08:09",2026,2,14,,,,,"http://creativecommons.org/licenses/by-nc/4.0/legalcode","Jonathan Newman"
"6413688098","Cavendishia pubescens (Kunth) Hemsl.","Cavendishia pubescens (Kunth) Hemsl.",5.953463,-75.640437,"WGS84","cdc,cdround","SOUTH_AMERICA","Colombia","CO","Antioquia",,,,"HUMAN_OBSERVATION","PRESENT","ACCEPTED","iNaturalist research-grade observations","50c9509d-22c7-4a22-a47d-8c48425ef4a7","28eb1a3f-1c15-4a95-931a-4af90ecb574d","iNaturalist","Observations","tropico97","tropico97","2026-02-15T13:33:38",2026,2,15,,,,,"http://creativecommons.org/licenses/by-nc/4.0/legalcode","tropico97"
"6184904661","Cavendishia pubescens (Kunth) Hemsl.","Cavendishia pubescens (Kunth) Hemsl.",6.03802,-75.617333,"WGS84","cdc,cdround","SOUTH_AMERICA","Colombia","CO","Antioquia",,,,"HUMAN_OBSERVATION","PRESENT","ACCEPTED","iNaturalist research-grade observations","50c9509d-22c7-4a22-a47d-8c48425ef4a7","28eb1a3f-1c15-4a95-931a-4af90ecb574d","iNaturalist","Observations","UNIRSE Alejandro,Velez Mesa","UNIRSE Alejandro,Velez Mesa","2026-03-22T09:05:55",2026,3,22,,,,,"http://creativecommons.org/licenses/by-nc/4.0/legalcode","UNIRSE Alejandro,Velez Mesa"
"6456523582","Cavendishia pubescens (Kunth) Hemsl.","Cavendishia pubescens (Kunth) Hemsl.",5.363242,-74.4375,"WGS84","cdround","SOUTH_AMERICA","Colombia","CO","Cundinamarca","Caparrapí",,"Reserva Forestal Cañitas y Lusitania","HUMAN_OBSERVATION","PRESENT","ACCEPTED","25-201 - Mapa Unidades Bióticas - CAR","b5267992-4ec9-4dc4-ae9b-8a3698661022","47380c8a-0edd-4036-b1bc-d852cba8232f","Corporación Autónoma Regional de Cundinamarca (CAR)","FMB","Daniel Nossa-Silva|Aura Robles|Marina Moyano","Carlos A. Paz","2026-03-20",2026,3,20,"Bosque húmedo premontano conservado",1837,0,,"http://creativecommons.org/licenses/by-nc/4.0/legalcode",
"6456523700","Cavendishia pubescens (Kunth) Hemsl.","Cavendishia pubescens (Kunth) Hemsl.",5.395569,-74.202058,"WGS84","cdround","SOUTH_AMERICA","Colombia","CO","Cundinamarca","Paime",,"Inspección Tudela, Vereda La Agüita","HUMAN_OBSERVATION","PRESENT","ACCEPTED","25-201 - Mapa Unidades Bióticas - CAR","b5267992-4ec9-4dc4-ae9b-8a3698661022","47380c8a-0edd-4036-b1bc-d852cba8232f","Corporación Autónoma Regional de Cundinamarca (CAR)","FMB","Daniel Nossa-Silva|Aura Robles|Jose Quitian","Carlos A. Paz","2026-03-24",2026,3,24,"Bosque húmedo premontano en regeneración",1620,0,,"http://creativecommons.org/licenses/by-nc/4.0/legalcode",
"6251752339","Cavendishia pubescens (Kunth) Hemsl.","Cavendishia pubescens (Kunth) Hemsl.",6.34646,-75.674085,"WGS84","cdc,cdround","SOUTH_AMERICA","Colombia","CO","Antioquia",,,,"HUMAN_OBSERVATION","PRESENT","ACCEPTED","iNaturalist research-grade observations","50c9509d-22c7-4a22-a47d-8c48425ef4a7","28eb1a3f-1c15-4a95-931a-4af90ecb574d","iNaturalist","Observations","Santiago Perez Muñoz","Santiago Perez Muñoz","2026-04-24T08:27:22",2026,4,24,,,,,"http://creativecommons.org/licenses/by-nc/4.0/legalcode","Santiago Perez Muñoz"
"6251872973","Cavendishia pubescens (Kunth) Hemsl.","Cavendishia pubescens (Kunth) Hemsl.",6.25147,-75.647554,"WGS84","cdc,cdround","SOUTH_AMERICA","Colombia","CO","Antioquia",,,,"HUMAN_OBSERVATION","PRESENT","ACCEPTED","iNaturalist research-grade observations","50c9509d-22c7-4a22-a47d-8c48425ef4a7","28eb1a3f-1c15-4a95-931a-4af90ecb574d","iNaturalist","Observations","Natalia Andrea","Natalia Andrea","2026-04-27T08:20",2026,4,27,,,,,"http://creativecommons.org/licenses/by-nc/4.0/legalcode","Natalia Andrea"
"6253081304","Cavendishia pubescens (Kunth) Hemsl.","Cavendishia pubescens (Kunth) Hemsl.",6.218238,-75.498975,"WGS84","cdc,cdround","SOUTH_AMERICA","Colombia","CO","Antioquia",,,,"HUMAN_OBSERVATION","PRESENT","ACCEPTED","iNaturalist research-grade observations","50c9509d-22c7-4a22-a47d-8c48425ef4a7","28eb1a3f-1c15-4a95-931a-4af90ecb574d","iNaturalist","Observations","olga-guarda","olga-guarda","2026-04-27T12:03:39",2026,4,27,,,,,"http://creativecommons.org/licenses/by-nc/4.0/legalcode","olga-guarda"
"6253116564","Cavendishia pubescens (Kunth) Hemsl.","Cavendishia pubescens (Kunth) Hemsl.",6.235781,-75.650153,"WGS84","cdc,cdround","SOUTH_AMERICA","Colombia","CO","Antioquia",,,,"HUMAN_OBSERVATION","PRESENT","ACCEPTED","iNaturalist research-grade observations","50c9509d-22c7-4a22-a47d-8c48425ef4a7","28eb1a3f-1c15-4a95-931a-4af90ecb574d","iNaturalist","Observations","Alvaro elias Ospina ortiz","Alvaro elias Ospina ortiz","2026-04-27T19:32",2026,4,27,,,,,"http://creativecommons.org/licenses/by-nc/4.0/legalcode","Alvaro elias Ospina ortiz"
"6320335816","Cavendishia pubescens (Kunth) Hemsl.","Cavendishia pubescens (Kunth) Hemsl.",6.19202,-75.668213,"WGS84","cdc,cdround","SOUTH_AMERICA","Colombia","CO","Antioquia",,,,"HUMAN_OBSERVATION","PRESENT","ACCEPTED","iNaturalist research-grade observations","50c9509d-22c7-4a22-a47d-8c48425ef4a7","28eb1a3f-1c15-4a95-931a-4af90ecb574d","iNaturalist","Observations","Emmanuel olaya","Emmanuel olaya","2026-04-01T07:09:30",2026,4,1,,,,,"http://creativecommons.org/licenses/by-nc/4.0/legalcode","Emmanuel olaya"
"6320336733","Cavendishia pubescens (Kunth) Hemsl.","Cavendishia pubescens (Kunth) Hemsl.",6.070783,-75.333992,"WGS84","cdc,cdround","SOUTH_AMERICA","Colombia","CO","Antioquia",,,,"HUMAN_OBSERVATION","PRESENT","ACCEPTED","iNaturalist research-grade observations","50c9509d-22c7-4a22-a47d-8c48425ef4a7","28eb1a3f-1c15-4a95-931a-4af90ecb574d","iNaturalist","Observations","Mario Vélez",,"2026-05-14T17:27:14",2026,5,14,,,,,"http://creativecommons.org/licenses/by-nc/4.0/legalcode","Mario Vélez"
"6441368536","Cavendishia pubescens (Kunth) Hemsl.","Cavendishia pubescens (Kunth) Hemsl.",6.405272,-75.983551,"WGS84","cdc,cdround","SOUTH_AMERICA","Colombia","CO","Antioquia",,,,"HUMAN_OBSERVATION","PRESENT","ACCEPTED","iNaturalist research-grade observations","50c9509d-22c7-4a22-a47d-8c48425ef4a7","28eb1a3f-1c15-4a95-931a-4af90ecb574d","iNaturalist","Observations","Alexa Montoya","Alexa Montoya","2026-06-30T08:55",2026,6,30,,,,,"http://creativecommons.org/licenses/by-nc/4.0/legalcode","Alexa Montoya"
"6451894953","Cavendishia pubescens (Kunth) Hemsl.","Cavendishia pubescens (Kunth) Hemsl.",5.769028,-75.245806,"WGS84","cdc","SOUTH_AMERICA","Colombia","CO","Antioquia",,,,"HUMAN_OBSERVATION","PRESENT","ACCEPTED","iNaturalist research-grade observations","50c9509d-22c7-4a22-a47d-8c48425ef4a7","28eb1a3f-1c15-4a95-931a-4af90ecb574d","iNaturalist","Observations","Ximena Orozco Gómez","Ximena Orozco Gómez","2026-06-18T07:25",2026,6,18,,,,,"http://creativecommons.org/licenses/by-nc/4.0/legalcode","Ximena Orozco Gómez"
"5087882189","Cavendishia pubescens (Kunth) Hemsl.","Cavendishia pubescens (Kunth) Hemsl.",6.234159,-75.174902,"WGS84","cdc,cdround","SOUTH_AMERICA","Colombia","CO","Antioquia",,,,"HUMAN_OBSERVATION","PRESENT","ACCEPTED","iNaturalist research-grade observations","50c9509d-22c7-4a22-a47d-8c48425ef4a7","28eb1a3f-1c15-4a95-931a-4af90ecb574d","iNaturalist","Observations","gby777","gby777","2025-03-13T10:33:02",2025,3,13,,,,,"http://creativecommons.org/licenses/by-nc/4.0/legalcode","gby777"
"5140931773","Cavendishia pubescens (Kunth) Hemsl.","Cavendishia pubescens (Kunth) Hemsl.",6.209103,-75.497758,"WGS84","cdc,cdround","SOUTH_AMERICA","Colombia","CO","Antioquia",,,,"HUMAN_OBSERVATION","PRESENT","ACCEPTED","iNaturalist research-grade observations","50c9509d-22c7-4a22-a47d-8c48425ef4a7","28eb1a3f-1c15-4a95-931a-4af90ecb574d","iNaturalist","Observations","jeromegutierrez","jeromegutierrez","2025-04-26T03:43",2025,4,26,,,,,"http://creativecommons.org/licenses/by-nc/4.0/legalcode","jeromegutierrez"
"5153674483","Cavendishia pubescens (Kunth) Hemsl.","Cavendishia pubescens (Kunth) Hemsl.",6.227804,-75.498123,"WGS84","cdc,cdround","SOUTH_AMERICA","Colombia","CO","Antioquia",,,,"HUMAN_OBSERVATION","PRESENT","ACCEPTED","iNaturalist research-grade observations","50c9509d-22c7-4a22-a47d-8c48425ef4a7","28eb1a3f-1c15-4a95-931a-4af90ecb574d","iNaturalist","Observations","Ana Maria Benavides","Ana Maria Benavides","2025-04-25T12:49",2025,4,25,,,,,"http://creativecommons.org/licenses/by-nc/4.0/legalcode","Ana Maria Benavides"
"5153902338","Cavendishia pubescens (Kunth) Hemsl.","Cavendishia pubescens (Kunth) Hemsl.",6.206178,-75.506609,"WGS84","cdc,cdround","SOUTH_AMERICA","Colombia","CO","Antioquia",,,,"HUMAN_OBSERVATION","PRESENT","ACCEPTED","iNaturalist research-grade observations","50c9509d-22c7-4a22-a47d-8c48425ef4a7","28eb1a3f-1c15-4a95-931a-4af90ecb574d","iNaturalist","Observations","Natalia Sanchez Junco","Juan David Fernandez","2025-04-26T08:27:29",2025,4,26,,,,,"http://creativecommons.org/licenses/by-nc/4.0/legalcode","Natalia Sanchez Junco"
"5154471421","Cavendishia pubescens (Kunth) Hemsl.","Cavendishia pubescens (Kunth) Hemsl.",6.39439,-75.51646,"WGS84","cdc,cdround","SOUTH_AMERICA","Colombia","CO","Antioquia",,,,"HUMAN_OBSERVATION","PRESENT","ACCEPTED","iNaturalist research-grade observations","50c9509d-22c7-4a22-a47d-8c48425ef4a7","28eb1a3f-1c15-4a95-931a-4af90ecb574d","iNaturalist","Observations","Samuel","Samuel","2025-04-26T08:20:05",2025,4,26,,,,,"http://creativecommons.org/licenses/by-nc/4.0/legalcode","Samuel"
"5292605846","Cavendishia pubescens (Kunth) Hemsl.","Cavendishia pubescens (Kunth) Hemsl.",5.818336,-73.488848,"WGS84","cdc,cdround","SOUTH_AMERICA","Colombia","CO","Boyacá",,,,"HUMAN_OBSERVATION","PRESENT","ACCEPTED","iNaturalist research-grade observations","50c9509d-22c7-4a22-a47d-8c48425ef4a7","28eb1a3f-1c15-4a95-931a-4af90ecb574d","iNaturalist","Observations","Nima Gallego","Apipa","2025-08-17T09:30",2025,8,17,,,,,"http://creativecommons.org/licenses/by-nc/4.0/legalcode","Nima Gallego"
"6217134486","Cavendishia pubescens (Kunth) Hemsl.","Cavendishia pubescens (Kunth) Hemsl.",5.667826,-75.736845,"WGS84","cdround","SOUTH_AMERICA","Colombia","CO","Antioquia","Támesis","Vereda San Antonio","Reserva Natural Mundos Paralelos","HUMAN_OBSERVATION","PRESENT","ACCEPTED","Monitoreo participativo de biodiversidad, diagnóstico de viveros y turismo - Fase 3 de aceleración de la ruta Cartama Sostenible","8d1f9528-9cfc-456a-856a-43ba12ae523d","e0b6628a-97c6-4f24-aac4-e20adb43160a","Fundación Grupo Argos (FGA)",,"Vanessa Correa","Vanessa Correa","2025-10-30",2025,10,30,"Bosque de niebla, con organales, potreros y aguacateras alrededor",2370,0,,"http://creativecommons.org/licenses/by/4.0/legalcode","Fundación Grupo Argos"
"4852238363","Cavendishia pubescens (Kunth) Hemsl.","Cavendishia pubescens (Kunth) Hemsl.",6.218238,-75.498975,"WGS84","cdc,cdround","SOUTH_AMERICA","Colombia","CO","Antioquia",,,,"HUMAN_OBSERVATION","PRESENT","ACCEPTED","iNaturalist research-grade observations","50c9509d-22c7-4a22-a47d-8c48425ef4a7","28eb1a3f-1c15-4a95-931a-4af90ecb574d","iNaturalist","Observations","olga-guarda","olga-guarda","2024-04-29T10:19:29",2024,4,29,,,,,"http://creativecommons.org/licenses/by-nc/4.0/legalcode","olga-guarda"
"4852507219","Cavendishia pubescens (Kunth) Hemsl.","Cavendishia pubescens (Kunth) Hemsl.",6.25435,-75.646029,"WGS84","cdc,cdround","SOUTH_AMERICA","Colombia","CO","Antioquia",,,,"HUMAN_OBSERVATION","PRESENT","ACCEPTED","iNaturalist research-grade observations","50c9509d-22c7-4a22-a47d-8c48425ef4a7","28eb1a3f-1c15-4a95-931a-4af90ecb574d","iNaturalist","Observations","mapau021","Nelly sabas","2024-04-26T11:02:16",2024,4,26,,,,,"http://creativecommons.org/licenses/by-nc/4.0/legalcode","mapau021"
"4853168566","Cavendishia pubescens (Kunth) Hemsl.","Cavendishia pubescens (Kunth) Hemsl.",6.040745,-75.618872,"WGS84","cdc,cdround","SOUTH_AMERICA","Colombia","CO","Antioquia",,,,"HUMAN_OBSERVATION","PRESENT","ACCEPTED","iNaturalist research-grade observations","50c9509d-22c7-4a22-a47d-8c48425ef4a7","28eb1a3f-1c15-4a95-931a-4af90ecb574d","iNaturalist","Observations","alejandropm8","Daniel Mesa","2024-04-28T09:27:46",2024,4,28,,,,,"http://creativecommons.org/licenses/by-nc/4.0/legalcode","alejandropm8"
"5844512291","Cavendishia pubescens (Kunth) Hemsl.","Cavendishia pubescens (Kunth) Hemsl.",6.263128,-75.390233,"WGS84","cdc,cdround","SOUTH_AMERICA","Colombia","CO","Antioquia",,,,"HUMAN_OBSERVATION","PRESENT","ACCEPTED","iNaturalist research-grade observations","50c9509d-22c7-4a22-a47d-8c48425ef4a7","28eb1a3f-1c15-4a95-931a-4af90ecb574d","iNaturalist","Observations","kruzkalke","kruzkalke","2024-11-11T11:54:12",2024,11,11,,,,,"http://creativecommons.org/licenses/by-nc/4.0/legalcode","kruzkalke"
"5098766646","Cavendishia pubescens (Kunth) Hemsl.","Cavendishia pubescens (Kunth) Hemsl.",5.624005,-75.713023,"WGS84","cdround","SOUTH_AMERICA","Colombia","CO","Antioquia","Támesis","Vereda La Liborina",,"HUMAN_OBSERVATION","PRESENT","ACCEPTED","Gestión para el Monitoreo Participativo de Biodiversidad en las cuencas del Río Frío, Cartama y San Antonio del municipio de Támesis, Antioquia","194c7c2b-9bce-4694-9577-5474451beb71","e0b6628a-97c6-4f24-aac4-e20adb43160a","Fundación Grupo Argos (FGA)",,"Alicia Leguizamón","Vanessa Correa","2024-12-13",2024,12,13,,,,,"http://creativecommons.org/licenses/by/4.0/legalcode",
"5007969634","Cavendishia pubescens (Kunth) Hemsl.","Cavendishia pubescens (Kunth) Hemsl.",5.9047,-75.31187,"WGS84","cdc,cdround","SOUTH_AMERICA","Colombia","CO","Antioquia",,,,"HUMAN_OBSERVATION","PRESENT","ACCEPTED","iNaturalist research-grade observations","50c9509d-22c7-4a22-a47d-8c48425ef4a7","28eb1a3f-1c15-4a95-931a-4af90ecb574d","iNaturalist","Observations","carlosmario04","carlosmario04","2023-02-11T12:31:30",2023,2,11,,,,,"http://creativecommons.org/licenses/by-nc/4.0/legalcode","carlosmario04"
"5889527461","Cavendishia pubescens (Kunth) Hemsl.","Cavendishia pubescens (Kunth) Hemsl.",4.926813,-74.273004,"WGS84","cdc,cdround","SOUTH_AMERICA","Colombia","CO","Cundinamarca",,,,"HUMAN_OBSERVATION","PRESENT","ACCEPTED","iNaturalist research-grade observations","50c9509d-22c7-4a22-a47d-8c48425ef4a7","28eb1a3f-1c15-4a95-931a-4af90ecb574d","iNaturalist","Observations","matecarr","Nicolás Baresch Uribe","2023-03-26T14:57:30",2023,3,26,,,,,"http://creativecommons.org/licenses/by-nc/4.0/legalcode","matecarr"
"4102588116","Cavendishia pubescens (Kunth) Hemsl.","Cavendishia pubescens (Kunth) Hemsl.",6.27109,-75.66559,"WGS84","cdc,cdround","SOUTH_AMERICA","Colombia","CO","Antioquia",,,,"HUMAN_OBSERVATION","PRESENT","ACCEPTED","iNaturalist research-grade observations","50c9509d-22c7-4a22-a47d-8c48425ef4a7","28eb1a3f-1c15-4a95-931a-4af90ecb574d","iNaturalist","Observations","sebas","sebas","2023-04-28T09:38:48",2023,4,28,,,,,"http://creativecommons.org/licenses/by-nc/4.0/legalcode","sebas"
"4111647593","Cavendishia pubescens (Kunth) Hemsl.","Cavendishia pubescens (Kunth) Hemsl.",6.240505,-75.50198,"WGS84","cdc,cdround","SOUTH_AMERICA","Colombia","CO","Antioquia",,,,"HUMAN_OBSERVATION","PRESENT","ACCEPTED","iNaturalist research-grade observations","50c9509d-22c7-4a22-a47d-8c48425ef4a7","28eb1a3f-1c15-4a95-931a-4af90ecb574d","iNaturalist","Observations","olga-guarda","olga-guarda","2023-04-30T09:59:43",2023,4,30,,,,,"http://creativecommons.org/licenses/by-nc/4.0/legalcode","olga-guarda"
"4111774042","Cavendishia pubescens (Kunth) Hemsl.","Cavendishia pubescens (Kunth) Hemsl.",6.28051,-75.5009,"WGS84","cdc,cdround","SOUTH_AMERICA","Colombia","CO","Antioquia",,,,"HUMAN_OBSERVATION","PRESENT","ACCEPTED","iNaturalist research-grade observations","50c9509d-22c7-4a22-a47d-8c48425ef4a7","28eb1a3f-1c15-4a95-931a-4af90ecb574d","iNaturalist","Observations","Ana Maria Benavides","Ana Maria Benavides","2023-04-29T11:45",2023,4,29,,,,,"http://creativecommons.org/licenses/by-nc/4.0/legalcode","Ana Maria Benavides"
"4112079865","Cavendishia pubescens (Kunth) Hemsl.","Cavendishia pubescens (Kunth) Hemsl.",6.208578,-75.507478,"WGS84","cdc,cdround","SOUTH_AMERICA","Colombia","CO","Antioquia",,,,"HUMAN_OBSERVATION","PRESENT","ACCEPTED","iNaturalist research-grade observations","50c9509d-22c7-4a22-a47d-8c48425ef4a7","28eb1a3f-1c15-4a95-931a-4af90ecb574d","iNaturalist","Observations","jgarizabal","Apipa","2023-04-29T08:19:59",2023,4,29,,,,,"http://creativecommons.org/licenses/by-nc/4.0/legalcode","jgarizabal"
"4112096589","Cavendishia pubescens (Kunth) Hemsl.","Cavendishia pubescens (Kunth) Hemsl.",6.049022,-75.619461,"WGS84","cdc,cdround","SOUTH_AMERICA","Colombia","CO","Antioquia",,,,"HUMAN_OBSERVATION","PRESENT","ACCEPTED","iNaturalist research-grade observations","50c9509d-22c7-4a22-a47d-8c48425ef4a7","28eb1a3f-1c15-4a95-931a-4af90ecb574d","iNaturalist","Observations","santiagoip","santiagoip","2023-04-29T09:00",2023,4,29,,,,,"http://creativecommons.org/licenses/by-nc/4.0/legalcode","santiagoip"
"4171232722","Cavendishia pubescens (Kunth) Hemsl.","Cavendishia pubescens (Kunth) Hemsl.",7.142302,-73.027551,"WGS84","cdc,cdround","SOUTH_AMERICA","Colombia","CO","Santander",,,,"HUMAN_OBSERVATION","PRESENT","ACCEPTED","iNaturalist research-grade observations","50c9509d-22c7-4a22-a47d-8c48425ef4a7","28eb1a3f-1c15-4a95-931a-4af90ecb574d","iNaturalist","Observations","Juan Sebastián Quintero","Juan Sebastián Quintero","2023-04-16T07:27:08",2023,4,16,,,,,"http://creativecommons.org/licenses/by-nc/4.0/legalcode","Juan Sebastián Quintero"
"4111571692","Cavendishia pubescens (Kunth) Hemsl.","Cavendishia pubescens (Kunth) Hemsl.",6.204258,-75.640013,"WGS84","cdc,cdround","SOUTH_AMERICA","Colombia","CO","Antioquia",,,,"HUMAN_OBSERVATION","PRESENT","ACCEPTED","iNaturalist research-grade observations","50c9509d-22c7-4a22-a47d-8c48425ef4a7","28eb1a3f-1c15-4a95-931a-4af90ecb574d","iNaturalist","Observations","derlly","Juan David Fernandez","2023-05-01T07:19:59",2023,5,1,,,,,"http://creativecommons.org/licenses/by-nc/4.0/legalcode","derlly"
"4430932504","Cavendishia pubescens (Kunth) Hemsl.","Cavendishia pubescens (Kunth) Hemsl.",6.013614,-75.271239,"WGS84","cdc,cdround","SOUTH_AMERICA","Colombia","CO","Antioquia",,,,"HUMAN_OBSERVATION","PRESENT","ACCEPTED","iNaturalist research-grade observations","50c9509d-22c7-4a22-a47d-8c48425ef4a7","28eb1a3f-1c15-4a95-931a-4af90ecb574d","iNaturalist","Observations","Alejandra Castiblanco V.","Alejandra Castiblanco V.","2023-06-18T18:25",2023,6,18,,,,,"http://creativecommons.org/licenses/by-nc/4.0/legalcode","Alejandra Castiblanco V."
"5176606409","Cavendishia pubescens (Kunth) Hemsl.","Cavendishia pubescens (Kunth) Hemsl.",5.503318,-75.850502,"WGS84","cdc,cdround","SOUTH_AMERICA","Colombia","CO","Caldas",,,,"HUMAN_OBSERVATION","PRESENT","ACCEPTED","iNaturalist research-grade observations","50c9509d-22c7-4a22-a47d-8c48425ef4a7","28eb1a3f-1c15-4a95-931a-4af90ecb574d","iNaturalist","Observations","Ana Maria Benavides","Ana Maria Benavides","2023-06-18T13:32",2023,6,18,,,,"Parcela de Restauración 2017","http://creativecommons.org/licenses/by-nc/4.0/legalcode","Ana Maria Benavides"
"4170727307","Cavendishia pubescens (Kunth) Hemsl.","Cavendishia pubescens (Kunth) Hemsl.",-16.397194,-67.546694,"WGS84","cdround,gass84,osiic,colmano,inmafu","SOUTH_AMERICA","Bolivia (Plurinational State of)","BO","La Paz","Sud Yungas",,"Comunidad Paraíso? terrenos de puesto militar, al lado de sendero a casa.","PRESERVED_SPECIMEN","PRESENT","ACCEPTED","Tropicos","e053ff53-c156-4e2e-b9b5-4462e9625424","90fd6680-349f-11d8-aa2d-b8a03c50a862","LPB","Tropicos","Alfredo F. Fuentes","A. Fuentes (LPB)","2023-07-05",2023,7,5,,2123,,,"http://creativecommons.org/licenses/by/4.0/legalcode","Missouri Botanical Garden"
"4170762313","Cavendishia pubescens (Kunth) Hemsl.","Cavendishia pubescens (Kunth) Hemsl.",-16.397194,-67.546694,"WGS84","cdround,gass84,osiic,colmano,inmafu","SOUTH_AMERICA","Bolivia (Plurinational State of)","BO","La Paz","Sud Yungas",,"Comunidad Paraíso? terrenos de puesto militar, al lado de sendero a casa.","PRESERVED_SPECIMEN","PRESENT","ACCEPTED","Tropicos","7bd65a7a-f762-11e1-a439-00145eb45e9a","90fd6680-349f-11d8-aa2d-b8a03c50a862","MO","Tropicos","Alfredo F. Fuentes","A. Fuentes (LPB)","2023-07-05",2023,7,5,,2123,,,"http://creativecommons.org/licenses/by/4.0/legalcode","Missouri Botanical Garden"
"4438830872","Cavendishia pubescens (Kunth) Hemsl.","Cavendishia pubescens (Kunth) Hemsl.",6.134114,-75.457045,"WGS84","cdc","SOUTH_AMERICA","Colombia","CO","Antioquia",,,,"HUMAN_OBSERVATION","PRESENT","ACCEPTED","iNaturalist research-grade observations","50c9509d-22c7-4a22-a47d-8c48425ef4a7","28eb1a3f-1c15-4a95-931a-4af90ecb574d","iNaturalist","Observations","jonathan_or","Apipa","2023-11-04T16:02",2023,11,4,,,,,"http://creativecommons.org/licenses/by-nc/4.0/legalcode","jonathan_or"
"3759205778","Cavendishia pubescens (Kunth) Hemsl.","Cavendishia pubescens (Kunth) Hemsl.",5.60997,-75.814187,"WGS84","cdc,cdround","SOUTH_AMERICA","Colombia","CO","Antioquia",,,,"HUMAN_OBSERVATION","PRESENT","ACCEPTED","iNaturalist research-grade observations","50c9509d-22c7-4a22-a47d-8c48425ef4a7","28eb1a3f-1c15-4a95-931a-4af90ecb574d","iNaturalist","Observations","Skjold Søndergaard","Andres Castro Palmer","2022-01-24T12:21:21",2022,1,24,,,,"@dariogarcia @mateohernandezschmidt @edgardomortiz","http://creativecommons.org/licenses/by/4.0/legalcode","Skjold Søndergaard"
"3705780006","Cavendishia pubescens (Kunth) Hemsl.","Cavendishia pubescens (Kunth) Hemsl.",5.617097,-75.810287,"WGS84","cdc,cdround","SOUTH_AMERICA","Colombia","CO","Antioquia",,,,"HUMAN_OBSERVATION","PRESENT","ACCEPTED","iNaturalist research-grade observations","50c9509d-22c7-4a22-a47d-8c48425ef4a7","28eb1a3f-1c15-4a95-931a-4af90ecb574d","iNaturalist","Observations","Jessica Wu","Skjold Søndergaard","2022-02-09T12:21:44",2022,2,9,,,,,"http://creativecommons.org/licenses/by-nc/4.0/legalcode","Jessica Wu"
"3873004595","Cavendishia pubescens (Kunth) Hemsl.","Cavendishia pubescens (Kunth) Hemsl.",5.790973,-75.803726,"WGS84","cdc,cdround","SOUTH_AMERICA","Colombia","CO","Antioquia",,,,"HUMAN_OBSERVATION","PRESENT","ACCEPTED","iNaturalist research-grade observations","50c9509d-22c7-4a22-a47d-8c48425ef4a7","28eb1a3f-1c15-4a95-931a-4af90ecb574d","iNaturalist","Observations","Jessica Wu","Daniel Mesa","2022-03-25T12:57:44",2022,3,25,,,,,"http://creativecommons.org/licenses/by-nc/4.0/legalcode","Jessica Wu"
"3772929399","Cavendishia pubescens (Kunth) Hemsl.","Cavendishia pubescens (Kunth) Hemsl.",6.376636,-75.567117,"WGS84","cdc,cdround","SOUTH_AMERICA","Colombia","CO","Antioquia",,,,"HUMAN_OBSERVATION","PRESENT","ACCEPTED","iNaturalist research-grade observations","50c9509d-22c7-4a22-a47d-8c48425ef4a7","28eb1a3f-1c15-4a95-931a-4af90ecb574d","iNaturalist","Observations","Anderson Mesa C","Anderson Mesa C","2022-05-07T09:57",2022,5,7,,,,,"http://creativecommons.org/licenses/by-nc/4.0/legalcode","Anderson Mesa C"
"3773699060","Cavendishia pubescens (Kunth) Hemsl.","Cavendishia pubescens (Kunth) Hemsl.",6.33999,-75.59307,"WGS84","cdc,cdround","SOUTH_AMERICA","Colombia","CO","Antioquia",,,,"HUMAN_OBSERVATION","PRESENT","ACCEPTED","iNaturalist research-grade observations","50c9509d-22c7-4a22-a47d-8c48425ef4a7","28eb1a3f-1c15-4a95-931a-4af90ecb574d","iNaturalist","Observations","muriel-26","muriel-26","2022-05-11T17:12:34",2022,5,11,,,,,"http://creativecommons.org/licenses/by-nc/4.0/legalcode","muriel-26"
"4011705592","Cavendishia pubescens (Kunth) Hemsl.","Cavendishia pubescens (Kunth) Hemsl.",2.248701,-75.913711,"WGS84","cdc,cdround","SOUTH_AMERICA","Colombia","CO","Huila",,,,"HUMAN_OBSERVATION","PRESENT","ACCEPTED","iNaturalist research-grade observations","50c9509d-22c7-4a22-a47d-8c48425ef4a7","28eb1a3f-1c15-4a95-931a-4af90ecb574d","iNaturalist","Observations","Edwin Arrigui Torres","Edwin Arrigui Torres","2022-10-30T21:55",2022,10,30,,,,,"http://creativecommons.org/licenses/by-nc/4.0/legalcode","Edwin Arrigui Torres"
"4011525624","Cavendishia pubescens (Kunth) Hemsl.","Cavendishia pubescens (Kunth) Hemsl.",4.947733,-74.301492,"WGS84","cdc,cdround","SOUTH_AMERICA","Colombia","CO","Cundinamarca",,,,"HUMAN_OBSERVATION","PRESENT","ACCEPTED","iNaturalist research-grade observations","50c9509d-22c7-4a22-a47d-8c48425ef4a7","28eb1a3f-1c15-4a95-931a-4af90ecb574d","iNaturalist","Observations","Nicolás Baresch Uribe","Nicolás Baresch Uribe","2022-11-26T12:19:45",2022,11,26,,,,,"http://creativecommons.org/licenses/by/4.0/legalcode","Nicolás Baresch Uribe"
"3335442179","Cavendishia pubescens (Kunth) Hemsl.","Cavendishia pubescens (Kunth) Hemsl.",4.785708,-74.542377,"WGS84","cdc,cdround","SOUTH_AMERICA","Colombia","CO","Cundinamarca",,,,"HUMAN_OBSERVATION","PRESENT","ACCEPTED","iNaturalist research-grade observations","50c9509d-22c7-4a22-a47d-8c48425ef4a7","28eb1a3f-1c15-4a95-931a-4af90ecb574d","iNaturalist","Observations","Alejandro Garay Marín","Apipa","2021-01-22T17:38",2021,1,22,,,,,"http://creativecommons.org/licenses/by-nc/4.0/legalcode","Alejandro Garay Marín"
"3301934523","Cavendishia pubescens (Kunth) Hemsl.","Cavendishia pubescens (Kunth) Hemsl.",6.247638,-75.565815,"WGS84","cdc,cdround","SOUTH_AMERICA","Colombia","CO","Antioquia",,,,"HUMAN_OBSERVATION","PRESENT","ACCEPTED","iNaturalist research-grade observations","50c9509d-22c7-4a22-a47d-8c48425ef4a7","28eb1a3f-1c15-4a95-931a-4af90ecb574d","iNaturalist","Observations","Manuela927","Montoya C Julio","2021-02-28T12:28",2021,2,28,,,,,"http://creativecommons.org/licenses/by-nc/4.0/legalcode","Manuela927"
"3113509411","Cavendishia pubescens (Kunth) Hemsl.","Cavendishia pubescens (Kunth) Hemsl.",6.06119,-75.154725,"WGS84","cdc,cdround","SOUTH_AMERICA","Colombia","CO","Antioquia",,,,"HUMAN_OBSERVATION","PRESENT","ACCEPTED","iNaturalist research-grade observations","50c9509d-22c7-4a22-a47d-8c48425ef4a7","28eb1a3f-1c15-4a95-931a-4af90ecb574d","iNaturalist","Observations","carlosmario04","Darío García S.","2021-03-22T09:00:44",2021,3,22,,,,,"http://creativecommons.org/licenses/by-nc/4.0/legalcode","carlosmario04"
"4029356411","Cavendishia pubescens (Kunth) Hemsl.","Cavendishia pubescens (Kunth) Hemsl.",6.778385,-75.322309,"WGS84","","SOUTH_AMERICA","Colombia","CO","Antioquia","Carolina","Carolina del Príncipe","Tenche","HUMAN_OBSERVATION","PRESENT","ACCEPTED",,"80b0a4fd-b6db-4137-8690-5d5191d7432f","d42b7e5d-a3e5-4fc2-8b3d-105336d70898","Empresas Públicas de Medellín E.S.P. (EPM)",,,,"2021-03-06",2021,3,6,"Pastos enmalezados",,,,"http://creativecommons.org/licenses/by-nc/4.0/legalcode",
"4029356434","Cavendishia pubescens (Kunth) Hemsl.","Cavendishia pubescens (Kunth) Hemsl.",6.778919,-75.32212,"WGS84","","SOUTH_AMERICA","Colombia","CO","Antioquia","Carolina","Carolina del Príncipe","Tenche","HUMAN_OBSERVATION","PRESENT","ACCEPTED",,"80b0a4fd-b6db-4137-8690-5d5191d7432f","d42b7e5d-a3e5-4fc2-8b3d-105336d70898","Empresas Públicas de Medellín E.S.P. (EPM)",,,,"2021-03-06",2021,3,6,"Pastos enmalezados",,,,"http://creativecommons.org/licenses/by-nc/4.0/legalcode",
"4029356436","Cavendishia pubescens (Kunth) Hemsl.","Cavendishia pubescens (Kunth) Hemsl.",6.778919,-75.32212,"WGS84","","SOUTH_AMERICA","Colombia","CO","Antioquia","Carolina","Carolina del Príncipe","Tenche","HUMAN_OBSERVATION","PRESENT","ACCEPTED",,"80b0a4fd-b6db-4137-8690-5d5191d7432f","d42b7e5d-a3e5-4fc2-8b3d-105336d70898","Empresas Públicas de Medellín E.S.P. (EPM)",,,,"2021-03-06",2021,3,6,"Pastos enmalezados",,,,"http://creativecommons.org/licenses/by-nc/4.0/legalcode",
"4029356437","Cavendishia pubescens (Kunth) Hemsl.","Cavendishia pubescens (Kunth) Hemsl.",6.780689,-75.319339,"WGS84","","SOUTH_AMERICA","Colombia","CO","Antioquia","Carolina","Carolina del Príncipe","Tenche","HUMAN_OBSERVATION","PRESENT","ACCEPTED",,"80b0a4fd-b6db-4137-8690-5d5191d7432f","d42b7e5d-a3e5-4fc2-8b3d-105336d70898","Empresas Públicas de Medellín E.S.P. (EPM)",,,,"2021-03-27",2021,3,27,"Pastos enmalezados",,,,"http://creativecommons.org/licenses/by-nc/4.0/legalcode",
"4029356439","Cavendishia pubescens (Kunth) Hemsl.","Cavendishia pubescens (Kunth) Hemsl.",6.780689,-75.319303,"WGS84","","SOUTH_AMERICA","Colombia","CO","Antioquia","Carolina","Carolina del Príncipe","Tenche","HUMAN_OBSERVATION","PRESENT","ACCEPTED",,"80b0a4fd-b6db-4137-8690-5d5191d7432f","d42b7e5d-a3e5-4fc2-8b3d-105336d70898","Empresas Públicas de Medellín E.S.P. (EPM)",,,,"2021-03-27",2021,3,27,"Pastos enmalezados",,,,"http://creativecommons.org/licenses/by-nc/4.0/legalcode",
"4029356882","Cavendishia pubescens (Kunth) Hemsl.","Cavendishia pubescens (Kunth) Hemsl.",6.7804,-75.319121,"WGS84","","SOUTH_AMERICA","Colombia","CO","Antioquia","Carolina","Carolina del Príncipe","Tenche","HUMAN_OBSERVATION","PRESENT","ACCEPTED",,"80b0a4fd-b6db-4137-8690-5d5191d7432f","d42b7e5d-a3e5-4fc2-8b3d-105336d70898","Empresas Públicas de Medellín E.S.P. (EPM)",,,,"2021-03-25",2021,3,25,"Pastos enmalezados",,,,"http://creativecommons.org/licenses/by-nc/4.0/legalcode",
"4029356883","Cavendishia pubescens (Kunth) Hemsl.","Cavendishia pubescens (Kunth) Hemsl.",6.780364,-75.319067,"WGS84","","SOUTH_AMERICA","Colombia","CO","Antioquia","Carolina","Carolina del Príncipe","Tenche","HUMAN_OBSERVATION","PRESENT","ACCEPTED",,"80b0a4fd-b6db-4137-8690-5d5191d7432f","d42b7e5d-a3e5-4fc2-8b3d-105336d70898","Empresas Públicas de Medellín E.S.P. (EPM)",,,,"2021-03-25",2021,3,25,"Pastos enmalezados",,,,"http://creativecommons.org/licenses/by-nc/4.0/legalcode",
"4029356884","Cavendishia pubescens (Kunth) Hemsl.","Cavendishia pubescens (Kunth) Hemsl.",6.780463,-75.31914,"WGS84","","SOUTH_AMERICA","Colombia","CO","Antioquia","Carolina","Carolina del Príncipe","Tenche","HUMAN_OBSERVATION","PRESENT","ACCEPTED",,"80b0a4fd-b6db-4137-8690-5d5191d7432f","d42b7e5d-a3e5-4fc2-8b3d-105336d70898","Empresas Públicas de Medellín E.S.P. (EPM)",,,,"2021-03-25",2021,3,25,"Pastos enmalezados",,,,"http://creativecommons.org/licenses/by-nc/4.0/legalcode",
"4029356886","Cavendishia pubescens (Kunth) Hemsl.","Cavendishia pubescens (Kunth) Hemsl.",6.780418,-75.319112,"WGS84","","SOUTH_AMERICA","Colombia","CO","Antioquia","Carolina","Carolina del Príncipe","Tenche","HUMAN_OBSERVATION","PRESENT","ACCEPTED",,"80b0a4fd-b6db-4137-8690-5d5191d7432f","d42b7e5d-a3e5-4fc2-8b3d-105336d70898","Empresas Públicas de Medellín E.S.P. (EPM)",,,,"2021-03-25",2021,3,25,"Pastos enmalezados",,,,"http://creativecommons.org/licenses/by-nc/4.0/legalcode",
"4029358787","Cavendishia pubescens (Kunth) Hemsl.","Cavendishia pubescens (Kunth) Hemsl.",6.780671,-75.31924,"WGS84","","SOUTH_AMERICA","Colombia","CO","Antioquia","Carolina","Carolina del Príncipe","Tenche","HUMAN_OBSERVATION","PRESENT","ACCEPTED",,"80b0a4fd-b6db-4137-8690-5d5191d7432f","d42b7e5d-a3e5-4fc2-8b3d-105336d70898","Empresas Públicas de Medellín E.S.P. (EPM)",,,,"2021-03-27",2021,3,27,"Pastos enmalezados",,,,"http://creativecommons.org/licenses/by-nc/4.0/legalcode",
"4029358791","Cavendishia pubescens (Kunth) Hemsl.","Cavendishia pubescens (Kunth) Hemsl.",6.780571,-75.319194,"WGS84","","SOUTH_AMERICA","Colombia","CO","Antioquia","Carolina","Carolina del Príncipe","Tenche","HUMAN_OBSERVATION","PRESENT","ACCEPTED",,"80b0a4fd-b6db-4137-8690-5d5191d7432f","d42b7e5d-a3e5-4fc2-8b3d-105336d70898","Empresas Públicas de Medellín E.S.P. (EPM)",,,,"2021-03-26",2021,3,26,"Pastos enmalezados",,,,"http://creativecommons.org/licenses/by-nc/4.0/legalcode",
"4029358793","Cavendishia pubescens (Kunth) Hemsl.","Cavendishia pubescens (Kunth) Hemsl.",6.780526,-75.319194,"WGS84","","SOUTH_AMERICA","Colombia","CO","Antioquia","Carolina","Carolina del Príncipe","Tenche","HUMAN_OBSERVATION","PRESENT","ACCEPTED",,"80b0a4fd-b6db-4137-8690-5d5191d7432f","d42b7e5d-a3e5-4fc2-8b3d-105336d70898","Empresas Públicas de Medellín E.S.P. (EPM)",,,,"2021-03-26",2021,3,26,"Pastos enmalezados",,,,"http://creativecommons.org/licenses/by-nc/4.0/legalcode",
"4029358794","Cavendishia pubescens (Kunth) Hemsl.","Cavendishia pubescens (Kunth) Hemsl.",6.780626,-75.319239,"WGS84","","SOUTH_AMERICA","Colombia","CO","Antioquia","Carolina","Carolina del Príncipe","Tenche","HUMAN_OBSERVATION","PRESENT","ACCEPTED",,"80b0a4fd-b6db-4137-8690-5d5191d7432f","d42b7e5d-a3e5-4fc2-8b3d-105336d70898","Empresas Públicas de Medellín E.S.P. (EPM)",,,,"2021-03-26",2021,3,26,"Pastos enmalezados",,,,"http://creativecommons.org/licenses/by-nc/4.0/legalcode",
"4029358796","Cavendishia pubescens (Kunth) Hemsl.","Cavendishia pubescens (Kunth) Hemsl.",6.780571,-75.319194,"WGS84","","SOUTH_AMERICA","Colombia","CO","Antioquia","Carolina","Carolina del Príncipe","Tenche","HUMAN_OBSERVATION","PRESENT","ACCEPTED",,"80b0a4fd-b6db-4137-8690-5d5191d7432f","d42b7e5d-a3e5-4fc2-8b3d-105336d70898","Empresas Públicas de Medellín E.S.P. (EPM)",,,,"2021-03-26",2021,3,26,"Pastos enmalezados",,,,"http://creativecommons.org/licenses/by-nc/4.0/legalcode",
"4076231425","Cavendishia pubescens (Kunth) Hemsl.","Cavendishia pubescens (Kunth) Hemsl.",5.757091,-73.424283,"WGS84","cdc,cdround","SOUTH_AMERICA","Colombia","CO","Santander",,,,"HUMAN_OBSERVATION","PRESENT","ACCEPTED","iNaturalist research-grade observations","50c9509d-22c7-4a22-a47d-8c48425ef4a7","28eb1a3f-1c15-4a95-931a-4af90ecb574d","iNaturalist","Observations","Apipa","Apipa","2021-03-06T16:01Z",2021,3,6,,,,,"http://creativecommons.org/licenses/by-nc/4.0/legalcode","Apipa"
"3112609633","Cavendishia pubescens (Kunth) Hemsl.","Cavendishia pubescens (Kunth) Hemsl.",6.054234,-75.621798,"WGS84","cdc,cdround","SOUTH_AMERICA","Colombia","CO","Antioquia",,,,"HUMAN_OBSERVATION","PRESENT","ACCEPTED","iNaturalist research-grade observations","50c9509d-22c7-4a22-a47d-8c48425ef4a7","28eb1a3f-1c15-4a95-931a-4af90ecb574d","iNaturalist","Observations","Alto de San Miguel","Juan Andrés leyva","2021-04-30T12:14",2021,4,30,,,,,"http://creativecommons.org/licenses/by-nc/4.0/legalcode","Alto de San Miguel"
"4029356430","Cavendishia pubescens (Kunth) Hemsl.","Cavendishia pubescens (Kunth) Hemsl.",6.780761,-75.319258,"WGS84","","SOUTH_AMERICA","Colombia","CO","Antioquia","Carolina","Carolina del Príncipe","Tenche","HUMAN_OBSERVATION","PRESENT","ACCEPTED",,"80b0a4fd-b6db-4137-8690-5d5191d7432f","d42b7e5d-a3e5-4fc2-8b3d-105336d70898","Empresas Públicas de Medellín E.S.P. (EPM)",,,,"2021-04-07",2021,4,7,"Pastos enmalezados",,,,"http://creativecommons.org/licenses/by-nc/4.0/legalcode",
"4029356860","Cavendishia pubescens (Kunth) Hemsl.","Cavendishia pubescens (Kunth) Hemsl.",6.781829,-75.318673,"WGS84","","SOUTH_AMERICA","Colombia","CO","Antioquia","Carolina","Carolina del Príncipe","Tenche","HUMAN_OBSERVATION","PRESENT","ACCEPTED",,"80b0a4fd-b6db-4137-8690-5d5191d7432f","d42b7e5d-a3e5-4fc2-8b3d-105336d70898","Empresas Públicas de Medellín E.S.P. (EPM)",,,,"2021-04-10",2021,4,10,"Pastos limpios",,,,"http://creativecommons.org/licenses/by-nc/4.0/legalcode",
"4029356862","Cavendishia pubescens (Kunth) Hemsl.","Cavendishia pubescens (Kunth) Hemsl.",6.781078,-75.31887,"WGS84","","SOUTH_AMERICA","Colombia","CO","Antioquia","Carolina","Carolina del Príncipe","Tenche","HUMAN_OBSERVATION","PRESENT","ACCEPTED",,"80b0a4fd-b6db-4137-8690-5d5191d7432f","d42b7e5d-a3e5-4fc2-8b3d-105336d70898","Empresas Públicas de Medellín E.S.P. (EPM)",,,,"2021-04-08",2021,4,8,"Pastos enmalezados",,,,"http://creativecommons.org/licenses/by-nc/4.0/legalcode",
"4029356865","Cavendishia pubescens (Kunth) Hemsl.","Cavendishia pubescens (Kunth) Hemsl.",6.782327,-75.318566,"WGS84","","SOUTH_AMERICA","Colombia","CO","Antioquia","Carolina","Carolina del Príncipe","Tenche","HUMAN_OBSERVATION","PRESENT","ACCEPTED",,"80b0a4fd-b6db-4137-8690-5d5191d7432f","d42b7e5d-a3e5-4fc2-8b3d-105336d70898","Empresas Públicas de Medellín E.S.P. (EPM)",,,,"2021-04-10",2021,4,10,"Pastos limpios",,,,"http://creativecommons.org/licenses/by-nc/4.0/legalcode",
"4029356867","Cavendishia pubescens (Kunth) Hemsl.","Cavendishia pubescens (Kunth) Hemsl.",6.782327,-75.318566,"WGS84","","SOUTH_AMERICA","Colombia","CO","Antioquia","Carolina","Carolina del Príncipe","Tenche","HUMAN_OBSERVATION","PRESENT","ACCEPTED",,"80b0a4fd-b6db-4137-8690-5d5191d7432f","d42b7e5d-a3e5-4fc2-8b3d-105336d70898","Empresas Públicas de Medellín E.S.P. (EPM)",,,,"2021-04-10",2021,4,10,"Pastos limpios",,,,"http://creativecommons.org/licenses/by-nc/4.0/legalcode",
"4029356870","Cavendishia pubescens (Kunth) Hemsl.","Cavendishia pubescens (Kunth) Hemsl.",6.781006,-75.318897,"WGS84","","SOUTH_AMERICA","Colombia","CO","Antioquia","Carolina","Carolina del Príncipe","Tenche","HUMAN_OBSERVATION","PRESENT","ACCEPTED",,"80b0a4fd-b6db-4137-8690-5d5191d7432f","d42b7e5d-a3e5-4fc2-8b3d-105336d70898","Empresas Públicas de Medellín E.S.P. (EPM)",,,,"2021-04-08",2021,4,8,"Pastos enmalezados",,,,"http://creativecommons.org/licenses/by-nc/4.0/legalcode",
"4029356872","Cavendishia pubescens (Kunth) Hemsl.","Cavendishia pubescens (Kunth) Hemsl.",6.780906,-75.319231,"WGS84","","SOUTH_AMERICA","Colombia","CO","Antioquia","Carolina","Carolina del Príncipe","Tenche","HUMAN_OBSERVATION","PRESENT","ACCEPTED",,"80b0a4fd-b6db-4137-8690-5d5191d7432f","d42b7e5d-a3e5-4fc2-8b3d-105336d70898","Empresas Públicas de Medellín E.S.P. (EPM)",,,,"2021-04-07",2021,4,7,"Pastos enmalezados",,,,"http://creativecommons.org/licenses/by-nc/4.0/legalcode",
"3384327209","Cavendishia pubescens (Kunth) Hemsl.","Cavendishia pubescens (Kunth) Hemsl.",5.796258,-73.456495,"WGS84","cdc,cdround","SOUTH_AMERICA","Colombia","CO","Santander",,,,"HUMAN_OBSERVATION","PRESENT","ACCEPTED","iNaturalist research-grade observations","50c9509d-22c7-4a22-a47d-8c48425ef4a7","28eb1a3f-1c15-4a95-931a-4af90ecb574d","iNaturalist","Observations","Juan Andrés leyva","Juan Andrés leyva","2021-07-26T21:04",2021,7,26,,,,,"http://creativecommons.org/licenses/by-nc/4.0/legalcode","Juan Andrés leyva"
"3455742365","Cavendishia pubescens (Kunth) Hemsl.","Cavendishia pubescens (Kunth) Hemsl.",4.326402,-74.493653,"WGS84","cdc,cdround","SOUTH_AMERICA","Colombia","CO","Cundinamarca",,,,"HUMAN_OBSERVATION","PRESENT","ACCEPTED","iNaturalist research-grade observations","50c9509d-22c7-4a22-a47d-8c48425ef4a7","28eb1a3f-1c15-4a95-931a-4af90ecb574d","iNaturalist","Observations","expedicionario","Nicolás Baresch Uribe","2021-12-27T13:26:53",2021,12,27,,,,,"http://creativecommons.org/licenses/by-nc/4.0/legalcode","expedicionario"
"2634235492","Cavendishia pubescens (Kunth) Hemsl.","Cavendishia pubescens (Kunth) Hemsl.",6.216611,-75.233139,"WGS84","cdc,cdround","SOUTH_AMERICA","Colombia","CO","Antioquia",,,,"HUMAN_OBSERVATION","PRESENT","ACCEPTED","iNaturalist research-grade observations","50c9509d-22c7-4a22-a47d-8c48425ef4a7","28eb1a3f-1c15-4a95-931a-4af90ecb574d","iNaturalist","Observations","Julián Maya","Mateo Hernandez Schmidt","2020-01-25T15:57:02",2020,1,25,,,,,"http://creativecommons.org/licenses/by-nc/4.0/legalcode","Julián Maya"
"3128942770","Cavendishia pubescens (Kunth) Hemsl.","Cavendishia pubescens (Kunth) Hemsl.",5.93892,-73.13318,"WGS84","","SOUTH_AMERICA","Colombia","CO","Boyacá","Duitama","Duitama","El Carmen","HUMAN_OBSERVATION","PRESENT","ACCEPTED","Universidad Pedagógica y Tecnológica de Colombia","a4a19183-6c3f-438d-b566-48b465c88970","ad3f9c5f-5021-45a3-a7c4-3e64895f6f79","Universidad Pedagógica y Tecnológica de Colombia (UPTC)","UPTC-H","Reyes-Duarte A.C.|Gil-Leguizamón P.A.|Escobar-Alba M.R.|D.A-Moreno.","Reyes-Duarte A.C.|Carvajal-Muñoz A.P.","2020-01-14",2020,1,14,,3190,0,,"http://creativecommons.org/licenses/by/4.0/legalcode",
"3326596859","Cavendishia pubescens (Kunth) Hemsl.","Cavendishia pubescens (Kunth) Hemsl.",5.93892,-73.13318,"WGS84","colmafu,inmafu","SOUTH_AMERICA","Colombia","CO","Boyacá","Duitama","Duitama","El Carmen","PRESERVED_SPECIMEN","PRESENT","ACCEPTED","Universidad Pedagógica y Tecnológica de Colombia","0760929c-5516-4bbb-a3d2-b8817770a93b","ad3f9c5f-5021-45a3-a7c4-3e64895f6f79","Universidad Pedagógica y Tecnológica de Colombia (UPTC)","UPTC-H","Reyes-Duarte A.C.|Gil-Leguizamón P.A.|Escobar-Alba M.R.|D.A-Moreno.","Reyes-Duarte A.C.|Carvajal-Muñoz A.P.","2020-01-14",2020,1,14,,3190,0,,"http://creativecommons.org/licenses/by/4.0/legalcode",
"2868190369","Cavendishia pubescens (Kunth) Hemsl.","Cavendishia pubescens (Kunth) Hemsl.",5.042272,-74.242195,"WGS84","cdc,cdround","SOUTH_AMERICA","Colombia","CO","Cundinamarca",,,,"HUMAN_OBSERVATION","PRESENT","ACCEPTED","iNaturalist research-grade observations","50c9509d-22c7-4a22-a47d-8c48425ef4a7","28eb1a3f-1c15-4a95-931a-4af90ecb574d","iNaturalist","Observations","mariabonilla","Mateo Hernandez Schmidt","2020-02-21T14:22:02",2020,2,21,,,,,"http://creativecommons.org/licenses/by-nc/4.0/legalcode","mariabonilla"
"3455312732","Cavendishia pubescens (Kunth) Hemsl.","Cavendishia pubescens (Kunth) Hemsl.",5.764742,-73.424636,"WGS84","cdc","SOUTH_AMERICA","Colombia","CO","Santander",,,,"HUMAN_OBSERVATION","PRESENT","ACCEPTED","iNaturalist research-grade observations","50c9509d-22c7-4a22-a47d-8c48425ef4a7","28eb1a3f-1c15-4a95-931a-4af90ecb574d","iNaturalist","Observations","mathias_s","Apipa","2020-02-24T12:47",2020,2,24,,,,,"http://creativecommons.org/licenses/by-nc/4.0/legalcode","mathias_s"
"3079636778","Cavendishia pubescens (Kunth) Hemsl.","Cavendishia pubescens (Kunth) Hemsl.",5.797971,-75.793853,"WGS84","cdc,cdround","SOUTH_AMERICA","Colombia","CO","Antioquia",,,,"HUMAN_OBSERVATION","PRESENT","ACCEPTED","iNaturalist research-grade observations","50c9509d-22c7-4a22-a47d-8c48425ef4a7","28eb1a3f-1c15-4a95-931a-4af90ecb574d","iNaturalist","Observations","Álvaro Rivas Godin","Mateo Hernandez Schmidt","2020-03-24T07:38",2020,3,24,,,,,"http://creativecommons.org/licenses/by/4.0/legalcode","Álvaro Rivas Godin"
"3780790652","Cavendishia pubescens (Kunth) Hemsl.","Cavendishia pubescens (Kunth) Hemsl.",4.477,-75.3925,"WGS84","","SOUTH_AMERICA","Colombia","CO","Tolima","Ibagué",,"Volcán Cerro Machín","HUMAN_OBSERVATION","PRESENT","ACCEPTED","Proyecto Diversidad Vegetal del Volcán Cerro Machín - CORTOLIMA","f2a87754-de33-48b4-a5df-882d5a971e3f","0bad0631-0693-41fa-afd5-54df0120c509","Corporación Autónoma Regional del Tolima (CORTOLIMA)","TOLI","Héctor Eduardo Esquivel|D. Morales","Héctor Eduardo Esquivel|D. Morales|J. Nuñez","2020-03-09",2020,3,9,"Bosque Montano Bajo",2301,0,,"http://creativecommons.org/licenses/by/4.0/legalcode",
"2611119034","Cavendishia pubescens (Kunth) Hemsl.","Cavendishia pubescens (Kunth) Hemsl.",6.014096,-75.444801,"WGS84","cdc,cdround","SOUTH_AMERICA","Colombia","CO","Antioquia",,,,"HUMAN_OBSERVATION","PRESENT","ACCEPTED","iNaturalist research-grade observations","50c9509d-22c7-4a22-a47d-8c48425ef4a7","28eb1a3f-1c15-4a95-931a-4af90ecb574d","iNaturalist","Observations","Juan José Botero","Juan José Botero","2020-04-20",2020,4,20,,,,,"http://creativecommons.org/licenses/by-nc/4.0/legalcode","Juan José Botero"
"4028788411","Cavendishia pubescens (Kunth) Hemsl.","Cavendishia pubescens (Kunth) Hemsl.",5.39159,-75.71139,"WGS84","cdc,cdround","SOUTH_AMERICA","Colombia","CO","Caldas",,,,"HUMAN_OBSERVATION","PRESENT","ACCEPTED","iNaturalist research-grade observations","50c9509d-22c7-4a22-a47d-8c48425ef4a7","28eb1a3f-1c15-4a95-931a-4af90ecb574d","iNaturalist","Observations","Sebas Arango","Gabriel Camilo Jaramillo Giraldo","2020-06-29T17:10",2020,6,29,,,,,"http://creativecommons.org/licenses/by/4.0/legalcode","Sebas Arango"
"2576350943","Cavendishia pubescens (Kunth) Hemsl.","Cavendishia pubescens (Kunth) Hemsl.",5.587221,-75.812108,"WGS84","cdc,cdround","SOUTH_AMERICA","Colombia","CO","Antioquia",,,,"HUMAN_OBSERVATION","PRESENT","ACCEPTED","iNaturalist research-grade observations","50c9509d-22c7-4a22-a47d-8c48425ef4a7","28eb1a3f-1c15-4a95-931a-4af90ecb574d","iNaturalist","Observations","Liu Idárraga Orozco","Liu Idárraga Orozco","2019-01-10T15:09",2019,1,10,,,,,"http://creativecommons.org/licenses/by/4.0/legalcode","Liu Idárraga Orozco"
"2603432131","Cavendishia pubescens (Kunth) Hemsl.","Cavendishia pubescens (Kunth) Hemsl.",5.617755,-75.798198,"WGS84","cdc,cdround","SOUTH_AMERICA","Colombia","CO","Antioquia",,,,"HUMAN_OBSERVATION","PRESENT","ACCEPTED","iNaturalist research-grade observations","50c9509d-22c7-4a22-a47d-8c48425ef4a7","28eb1a3f-1c15-4a95-931a-4af90ecb574d","iNaturalist","Observations","Liu Idárraga Orozco","Liu Idárraga Orozco","2019-01-11T14:26",2019,1,11,,,,,"http://creativecommons.org/licenses/by/4.0/legalcode","Liu Idárraga Orozco"
"3923520338","Cavendishia pubescens (Kunth) Hemsl.","Cavendishia pubescens (Kunth) Hemsl.",5.587862,-75.812838,"WGS84","cdc,cdround","SOUTH_AMERICA","Colombia","CO","Antioquia",,,,"HUMAN_OBSERVATION","PRESENT","ACCEPTED","iNaturalist research-grade observations","50c9509d-22c7-4a22-a47d-8c48425ef4a7","28eb1a3f-1c15-4a95-931a-4af90ecb574d","iNaturalist","Observations","Liu Idárraga Orozco","Liu Idárraga Orozco","2019-01-10T13:44",2019,1,10,,,,,"http://creativecommons.org/licenses/by/4.0/legalcode","Liu Idárraga Orozco"
"2238825031","Cavendishia pubescens (Kunth) Hemsl.","Cavendishia pubescens (Kunth) Hemsl.",6.264991,-75.654887,"WGS84","cdc,cdround","SOUTH_AMERICA","Colombia","CO","Antioquia",,,,"HUMAN_OBSERVATION","PRESENT","ACCEPTED","iNaturalist research-grade observations","50c9509d-22c7-4a22-a47d-8c48425ef4a7","28eb1a3f-1c15-4a95-931a-4af90ecb574d","iNaturalist","Observations","sebas","sebas","2019-04-26T08:17:37",2019,4,26,,,,,"http://creativecommons.org/licenses/by-nc/4.0/legalcode","sebas"
"2239010635","Cavendishia pubescens (Kunth) Hemsl.","Cavendishia pubescens (Kunth) Hemsl.",6.225098,-75.519341,"WGS84","cdc,cdround","SOUTH_AMERICA","Colombia","CO","Antioquia",,,,"HUMAN_OBSERVATION","PRESENT","ACCEPTED","iNaturalist research-grade observations","50c9509d-22c7-4a22-a47d-8c48425ef4a7","28eb1a3f-1c15-4a95-931a-4af90ecb574d","iNaturalist","Observations","Ana Maria Benavides","Gustavo Andrés Espinel","2019-04-28",2019,4,28,,,,,"http://creativecommons.org/licenses/by-nc/4.0/legalcode","Ana Maria Benavides"
"2239015623","Cavendishia pubescens (Kunth) Hemsl.","Cavendishia pubescens (Kunth) Hemsl.",6.194125,-75.664069,"WGS84","cdc,cdround","SOUTH_AMERICA","Colombia","CO","Antioquia",,,,"HUMAN_OBSERVATION","PRESENT","ACCEPTED","iNaturalist research-grade observations","50c9509d-22c7-4a22-a47d-8c48425ef4a7","28eb1a3f-1c15-4a95-931a-4af90ecb574d","iNaturalist","Observations","Lucía Roldán","Gustavo Andrés Espinel","2019-04-28T12:42:06",2019,4,28,,,,,"http://creativecommons.org/licenses/by-nc/4.0/legalcode","Lucía Roldán"
"2239050005","Cavendishia pubescens (Kunth) Hemsl.","Cavendishia pubescens (Kunth) Hemsl.",6.25755,-75.65454,"WGS84","cdc","SOUTH_AMERICA","Colombia","CO","Antioquia",,,,"HUMAN_OBSERVATION","PRESENT","ACCEPTED","iNaturalist research-grade observations","50c9509d-22c7-4a22-a47d-8c48425ef4a7","28eb1a3f-1c15-4a95-931a-4af90ecb574d","iNaturalist","Observations","dorisbenitez","alejandro_ospina","2019-04-29",2019,4,29,,,,"Reserva El Moral","http://creativecommons.org/licenses/by-nc/4.0/legalcode","dorisbenitez"
"2242791515","Cavendishia pubescens (Kunth) Hemsl.","Cavendishia pubescens (Kunth) Hemsl.",6.274879,-75.668868,"WGS84","cdc,cdround","SOUTH_AMERICA","Colombia","CO","Antioquia",,,,"HUMAN_OBSERVATION","PRESENT","ACCEPTED","iNaturalist research-grade observations","50c9509d-22c7-4a22-a47d-8c48425ef4a7","28eb1a3f-1c15-4a95-931a-4af90ecb574d","iNaturalist","Observations","sebas","sebas","2019-04-29T12:57:36",2019,4,29,,,,,"http://creativecommons.org/licenses/by-nc/4.0/legalcode","sebas"
"2242793035","Cavendishia pubescens (Kunth) Hemsl.","Cavendishia pubescens (Kunth) Hemsl.",6.280956,-75.690106,"WGS84","cdc,cdround","SOUTH_AMERICA","Colombia","CO","Antioquia",,,,"HUMAN_OBSERVATION","PRESENT","ACCEPTED","iNaturalist research-grade observations","50c9509d-22c7-4a22-a47d-8c48425ef4a7","28eb1a3f-1c15-4a95-931a-4af90ecb574d","iNaturalist","Observations","Ana Maria Benavides","Marcela Serna Gonzalez","2019-04-29",2019,4,29,,,,,"http://creativecommons.org/licenses/by-nc/4.0/legalcode","Ana Maria Benavides"
"2603311722","Cavendishia pubescens (Kunth) Hemsl.","Cavendishia pubescens (Kunth) Hemsl.",6.248732,-75.502174,"WGS84","cdc,cdround","SOUTH_AMERICA","Colombia","CO","Antioquia",,,,"HUMAN_OBSERVATION","PRESENT","ACCEPTED","iNaturalist research-grade observations","50c9509d-22c7-4a22-a47d-8c48425ef4a7","28eb1a3f-1c15-4a95-931a-4af90ecb574d","iNaturalist","Observations","elizabeth0917","elizabeth0917","2019-04-27T11:48:14",2019,4,27,,,,,"http://creativecommons.org/licenses/by-nc/4.0/legalcode","elizabeth0917"
"2603315725","Cavendishia pubescens (Kunth) Hemsl.","Cavendishia pubescens (Kunth) Hemsl.",6.285555,-75.504448,"WGS84","cdc,cdround","SOUTH_AMERICA","Colombia","CO","Antioquia",,,,"HUMAN_OBSERVATION","PRESENT","ACCEPTED","iNaturalist research-grade observations","50c9509d-22c7-4a22-a47d-8c48425ef4a7","28eb1a3f-1c15-4a95-931a-4af90ecb574d","iNaturalist","Observations","njaramic","njaramic","2019-04-28T16:14:57",2019,4,28,,,,,"http://creativecommons.org/licenses/by-nc/4.0/legalcode","njaramic"
"2603341728","Cavendishia pubescens (Kunth) Hemsl.","Cavendishia pubescens (Kunth) Hemsl.",6.257718,-75.538298,"WGS84","cdc,cdround","SOUTH_AMERICA","Colombia","CO","Antioquia",,,,"HUMAN_OBSERVATION","PRESENT","ACCEPTED","iNaturalist research-grade observations","50c9509d-22c7-4a22-a47d-8c48425ef4a7","28eb1a3f-1c15-4a95-931a-4af90ecb574d","iNaturalist","Observations","juancamilom7","juancamilom7","2019-04-26T09:20:06",2019,4,26,,,,"Uvito de monte","http://creativecommons.org/licenses/by-nc/4.0/legalcode","juancamilom7"
"2603484122","Cavendishia pubescens (Kunth) Hemsl.","Cavendishia pubescens (Kunth) Hemsl.",6.191724,-75.501032,"WGS84","cdc,cdround","SOUTH_AMERICA","Colombia","CO","Antioquia",,,,"HUMAN_OBSERVATION","PRESENT","ACCEPTED","iNaturalist research-grade observations","50c9509d-22c7-4a22-a47d-8c48425ef4a7","28eb1a3f-1c15-4a95-931a-4af90ecb574d","iNaturalist","Observations","Jhon Carmona","Sebastián Berrío","2019-04-26",2019,4,26,,,,"Árbol.","http://creativecommons.org/licenses/by-nc/4.0/legalcode","Jhon Carmona"
"2603434031","Cavendishia pubescens (Kunth) Hemsl.","Cavendishia pubescens (Kunth) Hemsl.",4.917778,-74.293335,"WGS84","cdc,cdround","SOUTH_AMERICA","Colombia","CO","Cundinamarca",,,,"HUMAN_OBSERVATION","PRESENT","ACCEPTED","iNaturalist research-grade observations","50c9509d-22c7-4a22-a47d-8c48425ef4a7","28eb1a3f-1c15-4a95-931a-4af90ecb574d","iNaturalist","Observations","Juan Andrés leyva","Mateo Hernandez Schmidt","2019-05-06T18:01:10",2019,5,6,,,,,"http://creativecommons.org/licenses/by-nc/4.0/legalcode","Juan Andrés leyva"
"2603285756","Cavendishia pubescens (Kunth) Hemsl.","Cavendishia pubescens (Kunth) Hemsl.",5.203218,-74.130363,"WGS84","cdc,cdround","SOUTH_AMERICA","Colombia","CO","Cundinamarca",,,,"HUMAN_OBSERVATION","PRESENT","ACCEPTED","iNaturalist research-grade observations","50c9509d-22c7-4a22-a47d-8c48425ef4a7","28eb1a3f-1c15-4a95-931a-4af90ecb574d","iNaturalist","Observations","Juan Andrés leyva","Mateo Hernandez Schmidt","2019-06-19T23:06:46",2019,6,19,,,,,"http://creativecommons.org/licenses/by-nc/4.0/legalcode","Juan Andrés leyva"
"2433463109","Cavendishia pubescens (Kunth) Hemsl.","Cavendishia pubescens (Kunth) Hemsl.",5.806417,-74.260306,"WGS84","cdround,colmano,inmafu","SOUTH_AMERICA","Colombia","CO","Boyacá","Otanche",,"Vereda El Carmen, sendero Corpoboyacá","PRESERVED_SPECIMEN","PRESENT","ACCEPTED",,"8adfd3fe-4ce7-4157-99b3-daed1dd1eafa","2a7e3080-28a9-11dd-97cd-b8a03c50a862","Instituto de Investigación de Recursos Biológicos Alexander von Humboldt (IAvH)","Herbario Federico Meden Bogotá del Instituto de Investigación de Recursos Biológicos Alexander von Humboldt (FMB)","Humberto Mendoza|Naisla Manrique|María Malagón","María Malagón","2019-07-30",2019,7,30,,1253,0,"Liana muy ramificada y péndula. En borde de barranco. Pedicelos rosados, fruto verde claro, Brácteas rosado oscuro.","http://creativecommons.org/licenses/by-nc/4.0/legalcode",
"2447398109","Cavendishia pubescens (Kunth) Hemsl.","Cavendishia pubescens (Kunth) Hemsl.",5.806417,-74.260306,"WGS84","cdround,colmafu,inmafu","SOUTH_AMERICA","Colombia","CO","Boyacá","Otanche",,"Vereda El Carmen, sendero Corpoboyacá","MATERIAL_SAMPLE","PRESENT","ACCEPTED",,"c6860ae3-8485-4d31-bc79-c60f0fe0d3d0","2a7e3080-28a9-11dd-97cd-b8a03c50a862","Instituto de Investigación de Recursos Biológicos Alexander von Humboldt (IAvH)","IAvH-CT","Humberto Mendoza-Cifuentes","María Malagón","2019-07-30",2019,7,30,,1253,0,,"http://creativecommons.org/licenses/by-nc/4.0/legalcode",
"2576161967","Cavendishia pubescens (Kunth) Hemsl.","Cavendishia pubescens (Kunth) Hemsl.",5.806417,-74.260306,"WGS84","cdround","SOUTH_AMERICA","Colombia","CO","Boyacá","Otanche",,"Vereda El Carmen, sendero Corpoboyacá","HUMAN_OBSERVATION","PRESENT","ACCEPTED",,"a12fddfc-61be-4559-8481-de8bd56a434b","ad3f9c5f-5021-45a3-a7c4-3e64895f6f79","Universidad Pedagógica y Tecnológica de Colombia (UPTC)","Herbario UPTC","Humberto Mendoza|Naisla Manrique|María Malagón","María Malagón","2019-07-30",2019,7,30,,1253,,"Liana muy ramificada y péndula, en borde de barranco, pedicelos rosados, fruto verde claro, brácteas rosado oscuro","http://creativecommons.org/licenses/by/4.0/legalcode",
"4026661023","Cavendishia pubescens (Kunth) Hemsl.","Cavendishia pubescens (Kunth) Hemsl.",5.806417,-74.260306,"WGS84","cdround,inmafu","SOUTH_AMERICA","Colombia","CO","Boyacá","Otanche",,"Vereda El Carmen, sendero Corpoboyacá","PRESERVED_SPECIMEN","PRESENT","ACCEPTED","17170 - Boyacá BIO - Expedición Quinchas","9c2d26f1-0ce0-4cde-9f8d-de8284404fff","2a7e3080-28a9-11dd-97cd-b8a03c50a862","Instituto de Investigación de Recursos Biológicos Alexander von Humboldt (IAvH)","IAvH-CT","Humberto Mendoza|Naisla Manrique|Maria del Pilar Malagón","Maria del Pilar Malagón","2019-07-30",2019,7,30,,1253,,,"http://creativecommons.org/licenses/by-nc/4.0/legalcode",
"3302623427","Cavendishia pubescens (Kunth) Hemsl.","Cavendishia pubescens (Kunth) Hemsl.",6.665,-75.564,"WGS84","","SOUTH_AMERICA","Colombia","CO","Antioquia","Entrerríos",,"Vereda La Brisas, Predio La Linda","HUMAN_OBSERVATION","PRESENT","ACCEPTED","Corporación Cuenca Verde","d5474422-7025-41bb-a78d-19127c0106b2","47844d46-753c-44c5-8a1d-b50fa69f7ddc","Corporación Cuenca Verde (CCV)",,"Tatiana De la hoz|Natalia Martinez|Guillermo Perez","Tatiana De la hoz","2019-08-30",2019,8,30,"Bosque Altoandino",2496,0,,"http://creativecommons.org/licenses/by/4.0/legalcode",
"2802805631","Cavendishia pubescens (Kunth) Hemsl.","Cavendishia pubescens (Kunth) Hemsl.",5.769265,-73.423295,"WGS84","cdc,cdround","SOUTH_AMERICA","Colombia","CO","Santander",,,,"HUMAN_OBSERVATION","PRESENT","ACCEPTED","iNaturalist research-grade observations","50c9509d-22c7-4a22-a47d-8c48425ef4a7","28eb1a3f-1c15-4a95-931a-4af90ecb574d","iNaturalist","Observations","humbertomendozacifuentes","humbertomendozacifuentes","2019-09-20T15:26",2019,9,20,,,,"Planta con habito lianescente arbustivo muy ramificada. En zona de Sub-páramo.","http://creativecommons.org/licenses/by-nc/4.0/legalcode","humbertomendozacifuentes"
"2804943589","Cavendishia pubescens (Kunth) Hemsl.","Cavendishia pubescens (Kunth) Hemsl.",7.301389,-72.476389,"WGS84","cdround,inmafu","SOUTH_AMERICA","Colombia","CO","Norte de Santander","Toledo",,"Vereda Bella vista, pantano de Santa Eduviges","PRESERVED_SPECIMEN","PRESENT","ACCEPTED",,"ae7cf7d9-85dc-4578-9f5f-40d760ab013b","96b23685-f195-4131-af29-ea9e160225dd","Universidad de Pamplona (UPamplona)","HECASA",,"L. R. Sánchez","2019-09-05",2019,9,5,"Cerca al perímetro urbano en zona de potreros, matorrales y parcelas de cultivo. Colinas y planos de poca pendiente",1630,0,,"http://creativecommons.org/licenses/by/4.0/legalcode",
"2634232490","Cavendishia pubescens (Kunth) Hemsl.","Cavendishia pubescens (Kunth) Hemsl.",4.337769,-74.494165,"WGS84","cdc,cdround","SOUTH_AMERICA","Colombia","CO","Cundinamarca",,,,"HUMAN_OBSERVATION","PRESENT","ACCEPTED","iNaturalist research-grade observations","50c9509d-22c7-4a22-a47d-8c48425ef4a7","28eb1a3f-1c15-4a95-931a-4af90ecb574d","iNaturalist","Observations","Juan Andrés leyva","Mateo Hernandez Schmidt","2019-10-10T19:38:05",2019,10,10,,,,,"http://creativecommons.org/licenses/by-nc/4.0/legalcode","Juan Andrés leyva"
"2826394408","Cavendishia pubescens (Kunth) Hemsl.","Cavendishia pubescens (Kunth) Hemsl.",6.248367,-75.53357,"WGS84","cdc,cdround","SOUTH_AMERICA","Colombia","CO","Antioquia",,,,"HUMAN_OBSERVATION","PRESENT","ACCEPTED","iNaturalist research-grade observations","50c9509d-22c7-4a22-a47d-8c48425ef4a7","28eb1a3f-1c15-4a95-931a-4af90ecb574d","iNaturalist","Observations","Jessica Gilbert","Mateo Hernandez Schmidt","2019-10-27T12:10:37",2019,10,27,,,,,"http://creativecommons.org/licenses/by-nc/4.0/legalcode","Jessica Gilbert"
"4899645634","Cavendishia pubescens (Kunth) Hemsl.","Cavendishia pubescens (Kunth) Hemsl.",6.776776,-75.362113,"WGS84","","SOUTH_AMERICA","Colombia","CO","Antioquia","Carolina",,,"HUMAN_OBSERVATION","PRESENT","ACCEPTED","Desarrollo Hidroeléctrico del Río Minavieja","3e5b6985-5eaa-473b-92b3-17af00e3a781","d42b7e5d-a3e5-4fc2-8b3d-105336d70898","Empresas Públicas de Medellín E.S.P. (EPM)",,"Daniel Felipe Rodriguez|Sebastián  Giraldo Gómez|Sebastián Rodriguez|Daniela Santana|Edilson Yamid Garcés Quintero|Richard Gómez Monsalve|Stevens Garcia|Carlos Andrés Vargas|Jesús Andrés Amador|Eduard Alexis Quintero|Santiago Palacio|Nancy Fiorela Ordoñez Castillo",,"2019-10-29",2019,10,29,,2113,0,,"http://creativecommons.org/licenses/by-nc/4.0/legalcode",
"4899645635","Cavendishia pubescens (Kunth) Hemsl.","Cavendishia pubescens (Kunth) Hemsl.",6.776885,-75.361871,"WGS84","","SOUTH_AMERICA","Colombia","CO","Antioquia","Carolina",,,"HUMAN_OBSERVATION","PRESENT","ACCEPTED","Desarrollo Hidroeléctrico del Río Minavieja","3e5b6985-5eaa-473b-92b3-17af00e3a781","d42b7e5d-a3e5-4fc2-8b3d-105336d70898","Empresas Públicas de Medellín E.S.P. (EPM)",,"Daniel Felipe Rodriguez|Sebastián  Giraldo Gómez|Sebastián Rodriguez|Daniela Santana|Edilson Yamid Garcés Quintero|Richard Gómez Monsalve|Stevens Garcia|Carlos Andrés Vargas|Jesús Andrés Amador|Eduard Alexis Quintero|Santiago Palacio|Nancy Fiorela Ordoñez Castillo",,"2019-10-29",2019,10,29,,2124,0,,"http://creativecommons.org/licenses/by-nc/4.0/legalcode",
"4899646199","Cavendishia pubescens (Kunth) Hemsl.","Cavendishia pubescens (Kunth) Hemsl.",6.776785,-75.361968,"WGS84","","SOUTH_AMERICA","Colombia","CO","Antioquia","Carolina",,,"HUMAN_OBSERVATION","PRESENT","ACCEPTED","Desarrollo Hidroeléctrico del Río Minavieja","3e5b6985-5eaa-473b-92b3-17af00e3a781","d42b7e5d-a3e5-4fc2-8b3d-105336d70898","Empresas Públicas de Medellín E.S.P. (EPM)",,"Daniel Felipe Rodriguez|Sebastián  Giraldo Gómez|Sebastián Rodriguez|Daniela Santana|Edilson Yamid Garcés Quintero|Richard Gómez Monsalve|Stevens Garcia|Carlos Andrés Vargas|Jesús Andrés Amador|Eduard Alexis Quintero|Santiago Palacio|Nancy Fiorela Ordoñez Castillo",,"2019-10-29",2019,10,29,,2113,0,,"http://creativecommons.org/licenses/by-nc/4.0/legalcode",
"4899663138","Cavendishia pubescens (Kunth) Hemsl.","Cavendishia pubescens (Kunth) Hemsl.",6.776776,-75.362113,"WGS84","","SOUTH_AMERICA","Colombia","CO","Antioquia","Carolina",,"Tenche, Casa de máquinas","HUMAN_OBSERVATION","PRESENT","ACCEPTED","Desarrollo Hidroeléctrico del Río Minavieja","3e5b6985-5eaa-473b-92b3-17af00e3a781","d42b7e5d-a3e5-4fc2-8b3d-105336d70898","Empresas Públicas de Medellín E.S.P. (EPM)",,"Daniel Felipe Rodriguez|Sebastián  Giraldo Gómez|Sebastián Rodriguez|Daniela Santana|Edilson Yamid Garcés Quintero|Richard Gómez Monsalve|Stevens Garcia|Carlos Andrés Vargas|Jesús Andrés Amador|Eduard Alexis Quintero|Santiago Palacio|Nancy Fiorela Ordoñez Castillo",,"2019-10-29",2019,10,29,"Plantación de coníferas (Pinus patula)",2138,0,"Caracterización de flora terrestre","http://creativecommons.org/licenses/by-nc/4.0/legalcode",
"4899663212","Cavendishia pubescens (Kunth) Hemsl.","Cavendishia pubescens (Kunth) Hemsl.",6.776885,-75.361871,"WGS84","","SOUTH_AMERICA","Colombia","CO","Antioquia","Carolina",,"Tenche, Casa de máquinas","HUMAN_OBSERVATION","PRESENT","ACCEPTED","Desarrollo Hidroeléctrico del Río Minavieja","3e5b6985-5eaa-473b-92b3-17af00e3a781","d42b7e5d-a3e5-4fc2-8b3d-105336d70898","Empresas Públicas de Medellín E.S.P. (EPM)",,"Daniel Felipe Rodriguez|Sebastián  Giraldo Gómez|Sebastián Rodriguez|Daniela Santana|Edilson Yamid Garcés Quintero|Richard Gómez Monsalve|Stevens Garcia|Carlos Andrés Vargas|Jesús Andrés Amador|Eduard Alexis Quintero|Santiago Palacio|Nancy Fiorela Ordoñez Castillo",,"2019-10-29",2019,10,29,"Plantación de coníferas (Pinus patula)",2139.3,0,"Caracterización de flora terrestre","http://creativecommons.org/licenses/by-nc/4.0/legalcode",
"4899663317","Cavendishia pubescens (Kunth) Hemsl.","Cavendishia pubescens (Kunth) Hemsl.",6.776785,-75.361968,"WGS84","","SOUTH_AMERICA","Colombia","CO","Antioquia","Carolina",,"Tenche, Casa de máquinas","HUMAN_OBSERVATION","PRESENT","ACCEPTED","Desarrollo Hidroeléctrico del Río Minavieja","3e5b6985-5eaa-473b-92b3-17af00e3a781","d42b7e5d-a3e5-4fc2-8b3d-105336d70898","Empresas Públicas de Medellín E.S.P. (EPM)",,"Daniel Felipe Rodriguez|Sebastián  Giraldo Gómez|Sebastián Rodriguez|Daniela Santana|Edilson Yamid Garcés Quintero|Richard Gómez Monsalve|Stevens Garcia|Carlos Andrés Vargas|Jesús Andrés Amador|Eduard Alexis Quintero|Santiago Palacio|Nancy Fiorela Ordoñez Castillo",,"2019-10-29",2019,10,29,"Plantación de coníferas (Pinus patula)",2136.7,0,"Caracterización de flora terrestre","http://creativecommons.org/licenses/by-nc/4.0/legalcode",
"4899649772","Cavendishia pubescens (Kunth) Hemsl.","Cavendishia pubescens (Kunth) Hemsl.",6.780941,-75.318817,"WGS84","","SOUTH_AMERICA","Colombia","CO","Antioquia","Carolina",,"Tenche, Zona industrial 1A","HUMAN_OBSERVATION","PRESENT","ACCEPTED","Desarrollo Hidroeléctrico del Río Minavieja","3e5b6985-5eaa-473b-92b3-17af00e3a781","d42b7e5d-a3e5-4fc2-8b3d-105336d70898","Empresas Públicas de Medellín E.S.P. (EPM)",,"Daniel Felipe Rodriguez|Sebastián  Giraldo Gómez|Sebastián Rodriguez|Daniela Santana|Edilson Yamid Garcés Quintero|Richard Gómez Monsalve|Stevens Garcia|Carlos Andrés Vargas|Jesús Andrés Amador|Eduard Alexis Quintero|Santiago Palacio|Nancy Fiorela Ordoñez Castillo",,"2019-11-01",2019,11,1,"Vegetación secundaria baja",2089.5,0,"Caracterización de flora terrestre","http://creativecommons.org/licenses/by-nc/4.0/legalcode",
"4899649798","Cavendishia pubescens (Kunth) Hemsl.","Cavendishia pubescens (Kunth) Hemsl.",6.781287,-75.318667,"WGS84","","SOUTH_AMERICA","Colombia","CO","Antioquia","Carolina",,"Tenche, Zona industrial 1A","HUMAN_OBSERVATION","PRESENT","ACCEPTED","Desarrollo Hidroeléctrico del Río Minavieja","3e5b6985-5eaa-473b-92b3-17af00e3a781","d42b7e5d-a3e5-4fc2-8b3d-105336d70898","Empresas Públicas de Medellín E.S.P. (EPM)",,"Daniel Felipe Rodriguez|Sebastián  Giraldo Gómez|Sebastián Rodriguez|Daniela Santana|Edilson Yamid Garcés Quintero|Richard Gómez Monsalve|Stevens Garcia|Carlos Andrés Vargas|Jesús Andrés Amador|Eduard Alexis Quintero|Santiago Palacio|Nancy Fiorela Ordoñez Castillo",,"2019-11-01",2019,11,1,"Vegetación secundaria baja",2081.1,0,"Caracterización de flora terrestre","http://creativecommons.org/licenses/by-nc/4.0/legalcode",
"4899649836","Cavendishia pubescens (Kunth) Hemsl.","Cavendishia pubescens (Kunth) Hemsl.",6.780922,-75.318821,"WGS84","","SOUTH_AMERICA","Colombia","CO","Antioquia","Carolina",,"Tenche, Zona industrial 1A","HUMAN_OBSERVATION","PRESENT","ACCEPTED","Desarrollo Hidroeléctrico del Río Minavieja","3e5b6985-5eaa-473b-92b3-17af00e3a781","d42b7e5d-a3e5-4fc2-8b3d-105336d70898","Empresas Públicas de Medellín E.S.P. (EPM)",,"Daniel Felipe Rodriguez|Sebastián  Giraldo Gómez|Sebastián Rodriguez|Daniela Santana|Edilson Yamid Garcés Quintero|Richard Gómez Monsalve|Stevens Garcia|Carlos Andrés Vargas|Jesús Andrés Amador|Eduard Alexis Quintero|Santiago Palacio|Nancy Fiorela Ordoñez Castillo",,"2019-11-01",2019,11,1,"Vegetación secundaria baja",2089.9,0,"Caracterización de flora terrestre","http://creativecommons.org/licenses/by-nc/4.0/legalcode",
"4899649839","Cavendishia pubescens (Kunth) Hemsl.","Cavendishia pubescens (Kunth) Hemsl.",6.780922,-75.318821,"WGS84","","SOUTH_AMERICA","Colombia","CO","Antioquia","Carolina",,"Tenche, Zona industrial 1A","HUMAN_OBSERVATION","PRESENT","ACCEPTED","Desarrollo Hidroeléctrico del Río Minavieja","3e5b6985-5eaa-473b-92b3-17af00e3a781","d42b7e5d-a3e5-4fc2-8b3d-105336d70898","Empresas Públicas de Medellín E.S.P. (EPM)",,"Daniel Felipe Rodriguez|Sebastián  Giraldo Gómez|Sebastián Rodriguez|Daniela Santana|Edilson Yamid Garcés Quintero|Richard Gómez Monsalve|Stevens Garcia|Carlos Andrés Vargas|Jesús Andrés Amador|Eduard Alexis Quintero|Santiago Palacio|Nancy Fiorela Ordoñez Castillo",,"2019-11-01",2019,11,1,"Vegetación secundaria baja",2089.9,0,"Caracterización de flora terrestre","http://creativecommons.org/licenses/by-nc/4.0/legalcode",
"4899649842","Cavendishia pubescens (Kunth) Hemsl.","Cavendishia pubescens (Kunth) Hemsl.",6.780922,-75.318821,"WGS84","","SOUTH_AMERICA","Colombia","CO","Antioquia","Carolina",,"Tenche, Zona industrial 1A","HUMAN_OBSERVATION","PRESENT","ACCEPTED","Desarrollo Hidroeléctrico del Río Minavieja","3e5b6985-5eaa-473b-92b3-17af00e3a781","d42b7e5d-a3e5-4fc2-8b3d-105336d70898","Empresas Públicas de Medellín E.S.P. (EPM)",,"Daniel Felipe Rodriguez|Sebastián  Giraldo Gómez|Sebastián Rodriguez|Daniela Santana|Edilson Yamid Garcés Quintero|Richard Gómez Monsalve|Stevens Garcia|Carlos Andrés Vargas|Jesús Andrés Amador|Eduard Alexis Quintero|Santiago Palacio|Nancy Fiorela Ordoñez Castillo",,"2019-11-01",2019,11,1,"Vegetación secundaria baja",2089.9,0,"Caracterización de flora terrestre","http://creativecommons.org/licenses/by-nc/4.0/legalcode",
"4899650215","Cavendishia pubescens (Kunth) Hemsl.","Cavendishia pubescens (Kunth) Hemsl.",6.781452,-75.318425,"WGS84","","SOUTH_AMERICA","Colombia","CO","Antioquia","Carolina",,"Tenche","HUMAN_OBSERVATION","PRESENT","ACCEPTED","Desarrollo Hidroeléctrico del Río Minavieja","3e5b6985-5eaa-473b-92b3-17af00e3a781","d42b7e5d-a3e5-4fc2-8b3d-105336d70898","Empresas Públicas de Medellín E.S.P. (EPM)",,"Daniel Felipe Rodriguez|Sebastián  Giraldo Gómez|Sebastián Rodriguez|Daniela Santana|Edilson Yamid Garcés Quintero|Richard Gómez Monsalve|Stevens Garcia|Carlos Andrés Vargas|Jesús Andrés Amador|Eduard Alexis Quintero|Santiago Palacio|Nancy Fiorela Ordoñez Castillo",,"2019-11-01",2019,11,1,"Vegetación secundaria baja",2078,0,"Caracterización de flora terrestre","http://creativecommons.org/licenses/by-nc/4.0/legalcode",
"4899657776","Cavendishia pubescens (Kunth) Hemsl.","Cavendishia pubescens (Kunth) Hemsl.",6.781591,-75.384196,"WGS84","","SOUTH_AMERICA","Colombia","CO","Antioquia","Angostura",,,"HUMAN_OBSERVATION","PRESENT","ACCEPTED","Desarrollo Hidroeléctrico del Río Minavieja","3e5b6985-5eaa-473b-92b3-17af00e3a781","d42b7e5d-a3e5-4fc2-8b3d-105336d70898","Empresas Públicas de Medellín E.S.P. (EPM)",,"Daniel Felipe Rodriguez|Sebastián  Giraldo Gómez|Sebastián Rodriguez|Daniela Santana|Edilson Yamid Garcés Quintero|Richard Gómez Monsalve|Stevens Garcia|Carlos Andrés Vargas|Jesús Andrés Amador|Eduard Alexis Quintero|Santiago Palacio|Nancy Fiorela Ordoñez Castillo",,"2019-11-04",2019,11,4,,2452,0,,"http://creativecommons.org/licenses/by-nc/4.0/legalcode",
"4899661896","Cavendishia pubescens (Kunth) Hemsl.","Cavendishia pubescens (Kunth) Hemsl.",6.735393,-75.344609,"WGS84","","SOUTH_AMERICA","Colombia","CO","Antioquia","Carolina",,"Tenche, Finca Tenche","HUMAN_OBSERVATION","PRESENT","ACCEPTED","Desarrollo Hidroeléctrico del Río Minavieja","3e5b6985-5eaa-473b-92b3-17af00e3a781","d42b7e5d-a3e5-4fc2-8b3d-105336d70898","Empresas Públicas de Medellín E.S.P. (EPM)",,"Daniel Felipe Rodriguez|Sebastián  Giraldo Gómez|Sebastián Rodriguez|Daniela Santana|Edilson Yamid Garcés Quintero|Richard Gómez Monsalve|Stevens Garcia|Carlos Andrés Vargas|Jesús Andrés Amador|Eduard Alexis Quintero|Santiago Palacio|Nancy Fiorela Ordoñez Castillo",,"2019-11-01",2019,11,1,,2247.4,0,,"http://creativecommons.org/licenses/by-nc/4.0/legalcode",
"2609082094","Cavendishia pubescens (Kunth) Hemsl.","Cavendishia pubescens (Kunth) Hemsl.",6.131583,-75.420104,"WGS84","cdc,cdround","SOUTH_AMERICA","Colombia","CO","Antioquia",,,,"HUMAN_OBSERVATION","PRESENT","ACCEPTED","iNaturalist research-grade observations","50c9509d-22c7-4a22-a47d-8c48425ef4a7","28eb1a3f-1c15-4a95-931a-4af90ecb574d","iNaturalist","Observations","miguelquinteroc","Mateo Hernandez Schmidt","2019-12-05T17:41:43",2019,12,5,,,,,"http://creativecommons.org/licenses/by-nc/4.0/legalcode","miguelquinteroc"
"3925088345","Cavendishia pubescens (Kunth) Hemsl.","Cavendishia pubescens (Kunth) Hemsl.",4.902362,-75.080945,"WGS84","cdc,cdround","SOUTH_AMERICA","Colombia","CO","Tolima",,,,"HUMAN_OBSERVATION","PRESENT","ACCEPTED","iNaturalist research-grade observations","50c9509d-22c7-4a22-a47d-8c48425ef4a7","28eb1a3f-1c15-4a95-931a-4af90ecb574d","iNaturalist","Observations","David McCorquodale","Darío García S.","2018-01-27T09:50",2018,1,27,,,,,"http://creativecommons.org/licenses/by/4.0/legalcode","David McCorquodale"
"6320649854","Cavendishia pubescens (Kunth) Hemsl.","Cavendishia pubescens (Kunth) Hemsl.",5.852313,-76.182562,"WGS84","cdc,cdround","SOUTH_AMERICA","Colombia","CO","Chocó",,,,"HUMAN_OBSERVATION","PRESENT","ACCEPTED","iNaturalist research-grade observations","50c9509d-22c7-4a22-a47d-8c48425ef4a7","28eb1a3f-1c15-4a95-931a-4af90ecb574d","iNaturalist","Observations","Jeanne Benioff","Juan José Echeverri Nieto","2018-01-27T09:53",2018,1,27,,,,"Clusia? - Las Tangaras","http://creativecommons.org/licenses/by-nc/4.0/legalcode","Jeanne Benioff"
"1836699066","Cavendishia pubescens (Kunth) Hemsl.","Cavendishia pubescens (Kunth) Hemsl.",6.140707,-75.675028,"WGS84","cdc,cdround","SOUTH_AMERICA","Colombia","CO","Antioquia",,,,"HUMAN_OBSERVATION","PRESENT","ACCEPTED","iNaturalist research-grade observations","50c9509d-22c7-4a22-a47d-8c48425ef4a7","28eb1a3f-1c15-4a95-931a-4af90ecb574d","iNaturalist","Observations","Juan Miguel Restrepo Gonzalez","Juan Miguel Restrepo Gonzalez","2018-02-09T11:29:48",2018,2,9,,,,,"http://creativecommons.org/licenses/by-nc/4.0/legalcode","Juan Miguel Restrepo Gonzalez"
"1890693340","Cavendishia pubescens (Kunth) Hemsl.","Cavendishia pubescens (Kunth) Hemsl.",6.138286,-75.573279,"WGS84","cdc,cdround","SOUTH_AMERICA","Colombia","CO","Antioquia",,,,"HUMAN_OBSERVATION","PRESENT","ACCEPTED","iNaturalist research-grade observations","50c9509d-22c7-4a22-a47d-8c48425ef4a7","28eb1a3f-1c15-4a95-931a-4af90ecb574d","iNaturalist","Observations","Sebastián Berrío","Sebastián Berrío","2018-02-18T07:35",2018,2,18,,,,,"http://creativecommons.org/licenses/by-nc/4.0/legalcode","Sebastián Berrío"
"5835968681","Cavendishia pubescens (Kunth) Hemsl.","Cavendishia pubescens (Kunth) Hemsl.",5.924489,-75.448513,"WGS84","","SOUTH_AMERICA","Colombia","CO","Antioquia","Abejorral",,"Vereda El Guaico","HUMAN_OBSERVATION","PRESENT","ACCEPTED","Proyecto Hidroeléctrico El Buey","c06a8de3-42cf-4d78-a50e-5b8dc8934161","d42b7e5d-a3e5-4fc2-8b3d-105336d70898","Empresas Públicas de Medellín E.S.P. (EPM)",,"Luisa Fernanda Cuartas Palacio|Johan Camilo Gómez Patiño|Nancy Carolina Santafe Fajardo|Richard Gómez Monsalve|Alejandra Gutiérrez Ocampo|Sadis Sánchez|Jhony Angel Garcés|Blanca Ercilia Gonzalez Giraldo|Sandra Gaelle Castaño|Derlis Sánchez - Sebastián Giraldo Gómez|Jhon Jairo Colorado López",,"2018-02-20",2018,2,20,"Vegetación secundaria baja",2117.7,0,,"http://creativecommons.org/licenses/by-nc/4.0/legalcode",
"5835968684","Cavendishia pubescens (Kunth) Hemsl.","Cavendishia pubescens (Kunth) Hemsl.",5.924489,-75.448513,"WGS84","","SOUTH_AMERICA","Colombia","CO","Antioquia","Abejorral",,"Vereda El Guaico","HUMAN_OBSERVATION","PRESENT","ACCEPTED","Proyecto Hidroeléctrico El Buey","c06a8de3-42cf-4d78-a50e-5b8dc8934161","d42b7e5d-a3e5-4fc2-8b3d-105336d70898","Empresas Públicas de Medellín E.S.P. (EPM)",,"Luisa Fernanda Cuartas Palacio|Johan Camilo Gómez Patiño|Nancy Carolina Santafe Fajardo|Richard Gómez Monsalve|Alejandra Gutiérrez Ocampo|Sadis Sánchez|Jhony Angel Garcés|Blanca Ercilia Gonzalez Giraldo|Sandra Gaelle Castaño|Derlis Sánchez - Sebastián Giraldo Gómez|Jhon Jairo Colorado López",,"2018-02-20",2018,2,20,"Vegetación secundaria baja",2117.7,0,,"http://creativecommons.org/licenses/by-nc/4.0/legalcode",
"5835968690","Cavendishia pubescens (Kunth) Hemsl.","Cavendishia pubescens (Kunth) Hemsl.",5.924489,-75.448513,"WGS84","","SOUTH_AMERICA","Colombia","CO","Antioquia","Abejorral",,"Vereda El Guaico","HUMAN_OBSERVATION","PRESENT","ACCEPTED","Proyecto Hidroeléctrico El Buey","c06a8de3-42cf-4d78-a50e-5b8dc8934161","d42b7e5d-a3e5-4fc2-8b3d-105336d70898","Empresas Públicas de Medellín E.S.P. (EPM)",,"Luisa Fernanda Cuartas Palacio|Johan Camilo Gómez Patiño|Nancy Carolina Santafe Fajardo|Richard Gómez Monsalve|Alejandra Gutiérrez Ocampo|Sadis Sánchez|Jhony Angel Garcés|Blanca Ercilia Gonzalez Giraldo|Sandra Gaelle Castaño|Derlis Sánchez - Sebastián Giraldo Gómez|Jhon Jairo Colorado López",,"2018-02-20",2018,2,20,"Vegetación secundaria baja",2117.7,0,,"http://creativecommons.org/licenses/by-nc/4.0/legalcode",
"5835954260","Cavendishia pubescens (Kunth) Hemsl.","Cavendishia pubescens (Kunth) Hemsl.",5.926973,-75.444679,"WGS84","","SOUTH_AMERICA","Colombia","CO","Antioquia","La Ceja",,"Vereda Colmenas","HUMAN_OBSERVATION","PRESENT","ACCEPTED","Proyecto Hidroeléctrico El Buey","c06a8de3-42cf-4d78-a50e-5b8dc8934161","d42b7e5d-a3e5-4fc2-8b3d-105336d70898","Empresas Públicas de Medellín E.S.P. (EPM)",,"Luisa Fernanda Cuartas Palacio|Johan Camilo Gómez Patiño|Nancy Carolina Santafe Fajardo|Richard Gómez Monsalve|Alejandra Gutiérrez Ocampo|Sadis Sánchez|Jhony Angel Garcés|Blanca Ercilia Gonzalez Giraldo|Sandra Gaelle Castaño|Derlis Sánchez - Sebastián Giraldo Gómez|Jhon Jairo Colorado López",,"2018-03-06",2018,3,6,"Bosque de galería y/o ripario",2115.23,0,,"http://creativecommons.org/licenses/by-nc/4.0/legalcode",
"5835954261","Cavendishia pubescens (Kunth) Hemsl.","Cavendishia pubescens (Kunth) Hemsl.",5.926973,-75.444679,"WGS84","","SOUTH_AMERICA","Colombia","CO","Antioquia","La Ceja",,"Vereda Colmenas","HUMAN_OBSERVATION","PRESENT","ACCEPTED","Proyecto Hidroeléctrico El Buey","c06a8de3-42cf-4d78-a50e-5b8dc8934161","d42b7e5d-a3e5-4fc2-8b3d-105336d70898","Empresas Públicas de Medellín E.S.P. (EPM)",,"Luisa Fernanda Cuartas Palacio|Johan Camilo Gómez Patiño|Nancy Carolina Santafe Fajardo|Richard Gómez Monsalve|Alejandra Gutiérrez Ocampo|Sadis Sánchez|Jhony Angel Garcés|Blanca Ercilia Gonzalez Giraldo|Sandra Gaelle Castaño|Derlis Sánchez - Sebastián Giraldo Gómez|Jhon Jairo Colorado López",,"2018-03-06",2018,3,6,"Bosque de galería y/o ripario",2115.23,0,,"http://creativecommons.org/licenses/by-nc/4.0/legalcode",
"5835954359","Cavendishia pubescens (Kunth) Hemsl.","Cavendishia pubescens (Kunth) Hemsl.",5.926243,-75.444355,"WGS84","","SOUTH_AMERICA","Colombia","CO","Antioquia","La Ceja",,"Vereda Colmenas","HUMAN_OBSERVATION","PRESENT","ACCEPTED","Proyecto Hidroeléctrico El Buey","c06a8de3-42cf-4d78-a50e-5b8dc8934161","d42b7e5d-a3e5-4fc2-8b3d-105336d70898","Empresas Públicas de Medellín E.S.P. (EPM)",,"Luisa Fernanda Cuartas Palacio|Johan Camilo Gómez Patiño|Nancy Carolina Santafe Fajardo|Richard Gómez Monsalve|Alejandra Gutiérrez Ocampo|Sadis Sánchez|Jhony Angel Garcés|Blanca Ercilia Gonzalez Giraldo|Sandra Gaelle Castaño|Derlis Sánchez - Sebastián Giraldo Gómez|Jhon Jairo Colorado López",,"2018-03-05",2018,3,5,"Pastos enmalezados",2108,0,,"http://creativecommons.org/licenses/by-nc/4.0/legalcode",
"5835954360","Cavendishia pubescens (Kunth) Hemsl.","Cavendishia pubescens (Kunth) Hemsl.",5.926243,-75.444355,"WGS84","","SOUTH_AMERICA","Colombia","CO","Antioquia","La Ceja",,"Vereda Colmenas","HUMAN_OBSERVATION","PRESENT","ACCEPTED","Proyecto Hidroeléctrico El Buey","c06a8de3-42cf-4d78-a50e-5b8dc8934161","d42b7e5d-a3e5-4fc2-8b3d-105336d70898","Empresas Públicas de Medellín E.S.P. (EPM)",,"Luisa Fernanda Cuartas Palacio|Johan Camilo Gómez Patiño|Nancy Carolina Santafe Fajardo|Richard Gómez Monsalve|Alejandra Gutiérrez Ocampo|Sadis Sánchez|Jhony Angel Garcés|Blanca Ercilia Gonzalez Giraldo|Sandra Gaelle Castaño|Derlis Sánchez - Sebastián Giraldo Gómez|Jhon Jairo Colorado López",,"2018-03-05",2018,3,5,"Pastos enmalezados",2108,0,,"http://creativecommons.org/licenses/by-nc/4.0/legalcode",
"5835957073","Cavendishia pubescens (Kunth) Hemsl.","Cavendishia pubescens (Kunth) Hemsl.",5.925921,-75.444339,"WGS84","","SOUTH_AMERICA","Colombia","CO","Antioquia","La Ceja",,"Vereda Colmenas","HUMAN_OBSERVATION","PRESENT","ACCEPTED","Proyecto Hidroeléctrico El Buey","c06a8de3-42cf-4d78-a50e-5b8dc8934161","d42b7e5d-a3e5-4fc2-8b3d-105336d70898","Empresas Públicas de Medellín E.S.P. (EPM)",,"Luisa Fernanda Cuartas Palacio|Johan Camilo Gómez Patiño|Nancy Carolina Santafe Fajardo|Richard Gómez Monsalve|Alejandra Gutiérrez Ocampo|Sadis Sánchez|Jhony Angel Garcés|Blanca Ercilia Gonzalez Giraldo|Sandra Gaelle Castaño|Derlis Sánchez - Sebastián Giraldo Gómez|Jhon Jairo Colorado López",,"2018-03-05",2018,3,5,"Pastos enmalezados",2094.63,0,,"http://creativecommons.org/licenses/by-nc/4.0/legalcode",
"5835957939","Cavendishia pubescens (Kunth) Hemsl.","Cavendishia pubescens (Kunth) Hemsl.",5.924826,-75.444773,"WGS84","","SOUTH_AMERICA","Colombia","CO","Antioquia","La Ceja",,"Vereda Colmenas","HUMAN_OBSERVATION","PRESENT","ACCEPTED","Proyecto Hidroeléctrico El Buey","c06a8de3-42cf-4d78-a50e-5b8dc8934161","d42b7e5d-a3e5-4fc2-8b3d-105336d70898","Empresas Públicas de Medellín E.S.P. (EPM)",,"Luisa Fernanda Cuartas Palacio|Johan Camilo Gómez Patiño|Nancy Carolina Santafe Fajardo|Richard Gómez Monsalve|Alejandra Gutiérrez Ocampo|Sadis Sánchez|Jhony Angel Garcés|Blanca Ercilia Gonzalez Giraldo|Sandra Gaelle Castaño|Derlis Sánchez - Sebastián Giraldo Gómez|Jhon Jairo Colorado López",,"2018-03-05",2018,3,5,"Pastos enmalezados",2080,0,,"http://creativecommons.org/licenses/by-nc/4.0/legalcode",
"5835957940","Cavendishia pubescens (Kunth) Hemsl.","Cavendishia pubescens (Kunth) Hemsl.",5.924826,-75.444773,"WGS84","","SOUTH_AMERICA","Colombia","CO","Antioquia","La Ceja",,"Vereda Colmenas","HUMAN_OBSERVATION","PRESENT","ACCEPTED","Proyecto Hidroeléctrico El Buey","c06a8de3-42cf-4d78-a50e-5b8dc8934161","d42b7e5d-a3e5-4fc2-8b3d-105336d70898","Empresas Públicas de Medellín E.S.P. (EPM)",,"Luisa Fernanda Cuartas Palacio|Johan Camilo Gómez Patiño|Nancy Carolina Santafe Fajardo|Richard Gómez Monsalve|Alejandra Gutiérrez Ocampo|Sadis Sánchez|Jhony Angel Garcés|Blanca Ercilia Gonzalez Giraldo|Sandra Gaelle Castaño|Derlis Sánchez - Sebastián Giraldo Gómez|Jhon Jairo Colorado López",,"2018-03-05",2018,3,5,"Pastos enmalezados",2080,0,,"http://creativecommons.org/licenses/by-nc/4.0/legalcode",
"5835958020","Cavendishia pubescens (Kunth) Hemsl.","Cavendishia pubescens (Kunth) Hemsl.",5.925909,-75.444344,"WGS84","","SOUTH_AMERICA","Colombia","CO","Antioquia","La Ceja",,"Vereda Colmenas","HUMAN_OBSERVATION","PRESENT","ACCEPTED","Proyecto Hidroeléctrico El Buey","c06a8de3-42cf-4d78-a50e-5b8dc8934161","d42b7e5d-a3e5-4fc2-8b3d-105336d70898","Empresas Públicas de Medellín E.S.P. (EPM)",,"Luisa Fernanda Cuartas Palacio|Johan Camilo Gómez Patiño|Nancy Carolina Santafe Fajardo|Richard Gómez Monsalve|Alejandra Gutiérrez Ocampo|Sadis Sánchez|Jhony Angel Garcés|Blanca Ercilia Gonzalez Giraldo|Sandra Gaelle Castaño|Derlis Sánchez - Sebastián Giraldo Gómez|Jhon Jairo Colorado López",,"2018-03-05",2018,3,5,"Pastos enmalezados",2095.81,0,,"http://creativecommons.org/licenses/by-nc/4.0/legalcode",
"5835958021","Cavendishia pubescens (Kunth) Hemsl.","Cavendishia pubescens (Kunth) Hemsl.",5.925909,-75.444344,"WGS84","","SOUTH_AMERICA","Colombia","CO","Antioquia","La Ceja",,"Vereda Colmenas","HUMAN_OBSERVATION","PRESENT","ACCEPTED","Proyecto Hidroeléctrico El Buey","c06a8de3-42cf-4d78-a50e-5b8dc8934161","d42b7e5d-a3e5-4fc2-8b3d-105336d70898","Empresas Públicas de Medellín E.S.P. (EPM)",,"Luisa Fernanda Cuartas Palacio|Johan Camilo Gómez Patiño|Nancy Carolina Santafe Fajardo|Richard Gómez Monsalve|Alejandra Gutiérrez Ocampo|Sadis Sánchez|Jhony Angel Garcés|Blanca Ercilia Gonzalez Giraldo|Sandra Gaelle Castaño|Derlis Sánchez - Sebastián Giraldo Gómez|Jhon Jairo Colorado López",,"2018-03-05",2018,3,5,"Pastos enmalezados",2095.81,0,,"http://creativecommons.org/licenses/by-nc/4.0/legalcode",
"5835958022","Cavendishia pubescens (Kunth) Hemsl.","Cavendishia pubescens (Kunth) Hemsl.",5.925909,-75.444344,"WGS84","","SOUTH_AMERICA","Colombia","CO","Antioquia","La Ceja",,"Vereda Colmenas","HUMAN_OBSERVATION","PRESENT","ACCEPTED","Proyecto Hidroeléctrico El Buey","c06a8de3-42cf-4d78-a50e-5b8dc8934161","d42b7e5d-a3e5-4fc2-8b3d-105336d70898","Empresas Públicas de Medellín E.S.P. (EPM)",,"Luisa Fernanda Cuartas Palacio|Johan Camilo Gómez Patiño|Nancy Carolina Santafe Fajardo|Richard Gómez Monsalve|Alejandra Gutiérrez Ocampo|Sadis Sánchez|Jhony Angel Garcés|Blanca Ercilia Gonzalez Giraldo|Sandra Gaelle Castaño|Derlis Sánchez - Sebastián Giraldo Gómez|Jhon Jairo Colorado López",,"2018-03-05",2018,3,5,"Pastos enmalezados",2095.81,0,,"http://creativecommons.org/licenses/by-nc/4.0/legalcode",
"5835958023","Cavendishia pubescens (Kunth) Hemsl.","Cavendishia pubescens (Kunth) Hemsl.",5.925909,-75.444344,"WGS84","","SOUTH_AMERICA","Colombia","CO","Antioquia","La Ceja",,"Vereda Colmenas","HUMAN_OBSERVATION","PRESENT","ACCEPTED","Proyecto Hidroeléctrico El Buey","c06a8de3-42cf-4d78-a50e-5b8dc8934161","d42b7e5d-a3e5-4fc2-8b3d-105336d70898","Empresas Públicas de Medellín E.S.P. (EPM)",,"Luisa Fernanda Cuartas Palacio|Johan Camilo Gómez Patiño|Nancy Carolina Santafe Fajardo|Richard Gómez Monsalve|Alejandra Gutiérrez Ocampo|Sadis Sánchez|Jhony Angel Garcés|Blanca Ercilia Gonzalez Giraldo|Sandra Gaelle Castaño|Derlis Sánchez - Sebastián Giraldo Gómez|Jhon Jairo Colorado López",,"2018-03-05",2018,3,5,"Pastos enmalezados",2095.81,0,,"http://creativecommons.org/licenses/by-nc/4.0/legalcode",
"5835958024","Cavendishia pubescens (Kunth) Hemsl.","Cavendishia pubescens (Kunth) Hemsl.",5.925909,-75.444344,"WGS84","","SOUTH_AMERICA","Colombia","CO","Antioquia","La Ceja",,"Vereda Colmenas","HUMAN_OBSERVATION","PRESENT","ACCEPTED","Proyecto Hidroeléctrico El Buey","c06a8de3-42cf-4d78-a50e-5b8dc8934161","d42b7e5d-a3e5-4fc2-8b3d-105336d70898","Empresas Públicas de Medellín E.S.P. (EPM)",,"Luisa Fernanda Cuartas Palacio|Johan Camilo Gómez Patiño|Nancy Carolina Santafe Fajardo|Richard Gómez Monsalve|Alejandra Gutiérrez Ocampo|Sadis Sánchez|Jhony Angel Garcés|Blanca Ercilia Gonzalez Giraldo|Sandra Gaelle Castaño|Derlis Sánchez - Sebastián Giraldo Gómez|Jhon Jairo Colorado López",,"2018-03-05",2018,3,5,"Pastos enmalezados",2095.81,0,,"http://creativecommons.org/licenses/by-nc/4.0/legalcode",
"5835958025","Cavendishia pubescens (Kunth) Hemsl.","Cavendishia pubescens (Kunth) Hemsl.",5.925909,-75.444344,"WGS84","","SOUTH_AMERICA","Colombia","CO","Antioquia","La Ceja",,"Vereda Colmenas","HUMAN_OBSERVATION","PRESENT","ACCEPTED","Proyecto Hidroeléctrico El Buey","c06a8de3-42cf-4d78-a50e-5b8dc8934161","d42b7e5d-a3e5-4fc2-8b3d-105336d70898","Empresas Públicas de Medellín E.S.P. (EPM)",,"Luisa Fernanda Cuartas Palacio|Johan Camilo Gómez Patiño|Nancy Carolina Santafe Fajardo|Richard Gómez Monsalve|Alejandra Gutiérrez Ocampo|Sadis Sánchez|Jhony Angel Garcés|Blanca Ercilia Gonzalez Giraldo|Sandra Gaelle Castaño|Derlis Sánchez - Sebastián Giraldo Gómez|Jhon Jairo Colorado López",,"2018-03-05",2018,3,5,"Pastos enmalezados",2095.81,0,,"http://creativecommons.org/licenses/by-nc/4.0/legalcode",
"5835958026","Cavendishia pubescens (Kunth) Hemsl.","Cavendishia pubescens (Kunth) Hemsl.",5.925909,-75.444344,"WGS84","","SOUTH_AMERICA","Colombia","CO","Antioquia","La Ceja",,"Vereda Colmenas","HUMAN_OBSERVATION","PRESENT","ACCEPTED","Proyecto Hidroeléctrico El Buey","c06a8de3-42cf-4d78-a50e-5b8dc8934161","d42b7e5d-a3e5-4fc2-8b3d-105336d70898","Empresas Públicas de Medellín E.S.P. (EPM)",,"Luisa Fernanda Cuartas Palacio|Johan Camilo Gómez Patiño|Nancy Carolina Santafe Fajardo|Richard Gómez Monsalve|Alejandra Gutiérrez Ocampo|Sadis Sánchez|Jhony Angel Garcés|Blanca Ercilia Gonzalez Giraldo|Sandra Gaelle Castaño|Derlis Sánchez - Sebastián Giraldo Gómez|Jhon Jairo Colorado López",,"2018-03-05",2018,3,5,"Pastos enmalezados",2095.81,0,,"http://creativecommons.org/licenses/by-nc/4.0/legalcode",
"5835958027","Cavendishia pubescens (Kunth) Hemsl.","Cavendishia pubescens (Kunth) Hemsl.",5.925909,-75.444344,"WGS84","","SOUTH_AMERICA","Colombia","CO","Antioquia","La Ceja",,"Vereda Colmenas","HUMAN_OBSERVATION","PRESENT","ACCEPTED","Proyecto Hidroeléctrico El Buey","c06a8de3-42cf-4d78-a50e-5b8dc8934161","d42b7e5d-a3e5-4fc2-8b3d-105336d70898","Empresas Públicas de Medellín E.S.P. (EPM)",,"Luisa Fernanda Cuartas Palacio|Johan Camilo Gómez Patiño|Nancy Carolina Santafe Fajardo|Richard Gómez Monsalve|Alejandra Gutiérrez Ocampo|Sadis Sánchez|Jhony Angel Garcés|Blanca Ercilia Gonzalez Giraldo|Sandra Gaelle Castaño|Derlis Sánchez - Sebastián Giraldo Gómez|Jhon Jairo Colorado López",,"2018-03-05",2018,3,5,"Pastos enmalezados",2095.81,0,,"http://creativecommons.org/licenses/by-nc/4.0/legalcode",
"5835958048","Cavendishia pubescens (Kunth) Hemsl.","Cavendishia pubescens (Kunth) Hemsl.",5.926993,-75.444714,"WGS84","","SOUTH_AMERICA","Colombia","CO","Antioquia","La Ceja",,"Vereda Colmenas","HUMAN_OBSERVATION","PRESENT","ACCEPTED","Proyecto Hidroeléctrico El Buey","c06a8de3-42cf-4d78-a50e-5b8dc8934161","d42b7e5d-a3e5-4fc2-8b3d-105336d70898","Empresas Públicas de Medellín E.S.P. (EPM)",,"Luisa Fernanda Cuartas Palacio|Johan Camilo Gómez Patiño|Nancy Carolina Santafe Fajardo|Richard Gómez Monsalve|Alejandra Gutiérrez Ocampo|Sadis Sánchez|Jhony Angel Garcés|Blanca Ercilia Gonzalez Giraldo|Sandra Gaelle Castaño|Derlis Sánchez - Sebastián Giraldo Gómez|Jhon Jairo Colorado López",,"2018-03-06",2018,3,6,"Bosque de galería y/o ripario",2114.98,0,,"http://creativecommons.org/licenses/by-nc/4.0/legalcode",
"5835958049","Cavendishia pubescens (Kunth) Hemsl.","Cavendishia pubescens (Kunth) Hemsl.",5.926993,-75.444714,"WGS84","","SOUTH_AMERICA","Colombia","CO","Antioquia","La Ceja",,"Vereda Colmenas","HUMAN_OBSERVATION","PRESENT","ACCEPTED","Proyecto Hidroeléctrico El Buey","c06a8de3-42cf-4d78-a50e-5b8dc8934161","d42b7e5d-a3e5-4fc2-8b3d-105336d70898","Empresas Públicas de Medellín E.S.P. (EPM)",,"Luisa Fernanda Cuartas Palacio|Johan Camilo Gómez Patiño|Nancy Carolina Santafe Fajardo|Richard Gómez Monsalve|Alejandra Gutiérrez Ocampo|Sadis Sánchez|Jhony Angel Garcés|Blanca Ercilia Gonzalez Giraldo|Sandra Gaelle Castaño|Derlis Sánchez - Sebastián Giraldo Gómez|Jhon Jairo Colorado López",,"2018-03-06",2018,3,6,"Bosque de galería y/o ripario",2114.98,0,,"http://creativecommons.org/licenses/by-nc/4.0/legalcode",
"5835958864","Cavendishia pubescens (Kunth) Hemsl.","Cavendishia pubescens (Kunth) Hemsl.",5.932528,-75.442547,"WGS84","","SOUTH_AMERICA","Colombia","CO","Antioquia","La Ceja",,"Vereda Colmenas","HUMAN_OBSERVATION","PRESENT","ACCEPTED","Proyecto Hidroeléctrico El Buey","c06a8de3-42cf-4d78-a50e-5b8dc8934161","d42b7e5d-a3e5-4fc2-8b3d-105336d70898","Empresas Públicas de Medellín E.S.P. (EPM)",,"Luisa Fernanda Cuartas Palacio|Johan Camilo Gómez Patiño|Nancy Carolina Santafe Fajardo|Richard Gómez Monsalve|Alejandra Gutiérrez Ocampo|Sadis Sánchez|Jhony Angel Garcés|Blanca Ercilia Gonzalez Giraldo|Sandra Gaelle Castaño|Derlis Sánchez - Sebastián Giraldo Gómez|Jhon Jairo Colorado López",,"2018-03-06",2018,3,6,"Pastos enmalezados",2163,0,,"http://creativecommons.org/licenses/by-nc/4.0/legalcode",
"5835958865","Cavendishia pubescens (Kunth) Hemsl.","Cavendishia pubescens (Kunth) Hemsl.",5.932528,-75.442547,"WGS84","","SOUTH_AMERICA","Colombia","CO","Antioquia","La Ceja",,"Vereda Colmenas","HUMAN_OBSERVATION","PRESENT","ACCEPTED","Proyecto Hidroeléctrico El Buey","c06a8de3-42cf-4d78-a50e-5b8dc8934161","d42b7e5d-a3e5-4fc2-8b3d-105336d70898","Empresas Públicas de Medellín E.S.P. (EPM)",,"Luisa Fernanda Cuartas Palacio|Johan Camilo Gómez Patiño|Nancy Carolina Santafe Fajardo|Richard Gómez Monsalve|Alejandra Gutiérrez Ocampo|Sadis Sánchez|Jhony Angel Garcés|Blanca Ercilia Gonzalez Giraldo|Sandra Gaelle Castaño|Derlis Sánchez - Sebastián Giraldo Gómez|Jhon Jairo Colorado López",,"2018-03-06",2018,3,6,"Pastos enmalezados",2163,0,,"http://creativecommons.org/licenses/by-nc/4.0/legalcode",
"5835961547","Cavendishia pubescens (Kunth) Hemsl.","Cavendishia pubescens (Kunth) Hemsl.",5.924879,-75.444684,"WGS84","","SOUTH_AMERICA","Colombia","CO","Antioquia","La Ceja",,"Vereda Colmenas","HUMAN_OBSERVATION","PRESENT","ACCEPTED","Proyecto Hidroeléctrico El Buey","c06a8de3-42cf-4d78-a50e-5b8dc8934161","d42b7e5d-a3e5-4fc2-8b3d-105336d70898","Empresas Públicas de Medellín E.S.P. (EPM)",,"Luisa Fernanda Cuartas Palacio|Johan Camilo Gómez Patiño|Nancy Carolina Santafe Fajardo|Richard Gómez Monsalve|Alejandra Gutiérrez Ocampo|Sadis Sánchez|Jhony Angel Garcés|Blanca Ercilia Gonzalez Giraldo|Sandra Gaelle Castaño|Derlis Sánchez - Sebastián Giraldo Gómez|Jhon Jairo Colorado López",,"2018-03-05",2018,3,5,"Pastos enmalezados",2086.18,0,,"http://creativecommons.org/licenses/by-nc/4.0/legalcode",
"5835962523","Cavendishia pubescens (Kunth) Hemsl.","Cavendishia pubescens (Kunth) Hemsl.",5.925825,-75.444395,"WGS84","","SOUTH_AMERICA","Colombia","CO","Antioquia","La Ceja",,"Vereda Colmenas","HUMAN_OBSERVATION","PRESENT","ACCEPTED","Proyecto Hidroeléctrico El Buey","c06a8de3-42cf-4d78-a50e-5b8dc8934161","d42b7e5d-a3e5-4fc2-8b3d-105336d70898","Empresas Públicas de Medellín E.S.P. (EPM)",,"Luisa Fernanda Cuartas Palacio|Johan Camilo Gómez Patiño|Nancy Carolina Santafe Fajardo|Richard Gómez Monsalve|Alejandra Gutiérrez Ocampo|Sadis Sánchez|Jhony Angel Garcés|Blanca Ercilia Gonzalez Giraldo|Sandra Gaelle Castaño|Derlis Sánchez - Sebastián Giraldo Gómez|Jhon Jairo Colorado López",,"2018-03-05",2018,3,5,"Pastos enmalezados",2096.41,0,,"http://creativecommons.org/licenses/by-nc/4.0/legalcode",
"5835962524","Cavendishia pubescens (Kunth) Hemsl.","Cavendishia pubescens (Kunth) Hemsl.",5.925825,-75.444395,"WGS84","","SOUTH_AMERICA","Colombia","CO","Antioquia","La Ceja",,"Vereda Colmenas","HUMAN_OBSERVATION","PRESENT","ACCEPTED","Proyecto Hidroeléctrico El Buey","c06a8de3-42cf-4d78-a50e-5b8dc8934161","d42b7e5d-a3e5-4fc2-8b3d-105336d70898","Empresas Públicas de Medellín E.S.P. (EPM)",,"Luisa Fernanda Cuartas Palacio|Johan Camilo Gómez Patiño|Nancy Carolina Santafe Fajardo|Richard Gómez Monsalve|Alejandra Gutiérrez Ocampo|Sadis Sánchez|Jhony Angel Garcés|Blanca Ercilia Gonzalez Giraldo|Sandra Gaelle Castaño|Derlis Sánchez - Sebastián Giraldo Gómez|Jhon Jairo Colorado López",,"2018-03-05",2018,3,5,"Pastos enmalezados",2096.41,0,,"http://creativecommons.org/licenses/by-nc/4.0/legalcode",
"5835962525","Cavendishia pubescens (Kunth) Hemsl.","Cavendishia pubescens (Kunth) Hemsl.",5.925825,-75.444395,"WGS84","","SOUTH_AMERICA","Colombia","CO","Antioquia","La Ceja",,"Vereda Colmenas","HUMAN_OBSERVATION","PRESENT","ACCEPTED","Proyecto Hidroeléctrico El Buey","c06a8de3-42cf-4d78-a50e-5b8dc8934161","d42b7e5d-a3e5-4fc2-8b3d-105336d70898","Empresas Públicas de Medellín E.S.P. (EPM)",,"Luisa Fernanda Cuartas Palacio|Johan Camilo Gómez Patiño|Nancy Carolina Santafe Fajardo|Richard Gómez Monsalve|Alejandra Gutiérrez Ocampo|Sadis Sánchez|Jhony Angel Garcés|Blanca Ercilia Gonzalez Giraldo|Sandra Gaelle Castaño|Derlis Sánchez - Sebastián Giraldo Gómez|Jhon Jairo Colorado López",,"2018-03-05",2018,3,5,"Pastos enmalezados",2096.41,0,,"http://creativecommons.org/licenses/by-nc/4.0/legalcode",
"5835962526","Cavendishia pubescens (Kunth) Hemsl.","Cavendishia pubescens (Kunth) Hemsl.",5.925825,-75.444395,"WGS84","","SOUTH_AMERICA","Colombia","CO","Antioquia","La Ceja",,"Vereda Colmenas","HUMAN_OBSERVATION","PRESENT","ACCEPTED","Proyecto Hidroeléctrico El Buey","c06a8de3-42cf-4d78-a50e-5b8dc8934161","d42b7e5d-a3e5-4fc2-8b3d-105336d70898","Empresas Públicas de Medellín E.S.P. (EPM)",,"Luisa Fernanda Cuartas Palacio|Johan Camilo Gómez Patiño|Nancy Carolina Santafe Fajardo|Richard Gómez Monsalve|Alejandra Gutiérrez Ocampo|Sadis Sánchez|Jhony Angel Garcés|Blanca Ercilia Gonzalez Giraldo|Sandra Gaelle Castaño|Derlis Sánchez - Sebastián Giraldo Gómez|Jhon Jairo Colorado López",,"2018-03-05",2018,3,5,"Pastos enmalezados",2096.41,0,,"http://creativecommons.org/licenses/by-nc/4.0/legalcode",
"5835962527","Cavendishia pubescens (Kunth) Hemsl.","Cavendishia pubescens (Kunth) Hemsl.",5.925825,-75.444395,"WGS84","","SOUTH_AMERICA","Colombia","CO","Antioquia","La Ceja",,"Vereda Colmenas","HUMAN_OBSERVATION","PRESENT","ACCEPTED","Proyecto Hidroeléctrico El Buey","c06a8de3-42cf-4d78-a50e-5b8dc8934161","d42b7e5d-a3e5-4fc2-8b3d-105336d70898","Empresas Públicas de Medellín E.S.P. (EPM)",,"Luisa Fernanda Cuartas Palacio|Johan Camilo Gómez Patiño|Nancy Carolina Santafe Fajardo|Richard Gómez Monsalve|Alejandra Gutiérrez Ocampo|Sadis Sánchez|Jhony Angel Garcés|Blanca Ercilia Gonzalez Giraldo|Sandra Gaelle Castaño|Derlis Sánchez - Sebastián Giraldo Gómez|Jhon Jairo Colorado López",,"2018-03-05",2018,3,5,"Pastos enmalezados",2096.41,0,,"http://creativecommons.org/licenses/by-nc/4.0/legalcode",
"5835962528","Cavendishia pubescens (Kunth) Hemsl.","Cavendishia pubescens (Kunth) Hemsl.",5.925825,-75.444395,"WGS84","","SOUTH_AMERICA","Colombia","CO","Antioquia","La Ceja",,"Vereda Colmenas","HUMAN_OBSERVATION","PRESENT","ACCEPTED","Proyecto Hidroeléctrico El Buey","c06a8de3-42cf-4d78-a50e-5b8dc8934161","d42b7e5d-a3e5-4fc2-8b3d-105336d70898","Empresas Públicas de Medellín E.S.P. (EPM)",,"Luisa Fernanda Cuartas Palacio|Johan Camilo Gómez Patiño|Nancy Carolina Santafe Fajardo|Richard Gómez Monsalve|Alejandra Gutiérrez Ocampo|Sadis Sánchez|Jhony Angel Garcés|Blanca Ercilia Gonzalez Giraldo|Sandra Gaelle Castaño|Derlis Sánchez - Sebastián Giraldo Gómez|Jhon Jairo Colorado López",,"2018-03-05",2018,3,5,"Pastos enmalezados",2096.41,0,,"http://creativecommons.org/licenses/by-nc/4.0/legalcode",
"5835962529","Cavendishia pubescens (Kunth) Hemsl.","Cavendishia pubescens (Kunth) Hemsl.",5.925825,-75.444395,"WGS84","","SOUTH_AMERICA","Colombia","CO","Antioquia","La Ceja",,"Vereda Colmenas","HUMAN_OBSERVATION","PRESENT","ACCEPTED","Proyecto Hidroeléctrico El Buey","c06a8de3-42cf-4d78-a50e-5b8dc8934161","d42b7e5d-a3e5-4fc2-8b3d-105336d70898","Empresas Públicas de Medellín E.S.P. (EPM)",,"Luisa Fernanda Cuartas Palacio|Johan Camilo Gómez Patiño|Nancy Carolina Santafe Fajardo|Richard Gómez Monsalve|Alejandra Gutiérrez Ocampo|Sadis Sánchez|Jhony Angel Garcés|Blanca Ercilia Gonzalez Giraldo|Sandra Gaelle Castaño|Derlis Sánchez - Sebastián Giraldo Gómez|Jhon Jairo Colorado López",,"2018-03-05",2018,3,5,"Pastos enmalezados",2096.41,0,,"http://creativecommons.org/licenses/by-nc/4.0/legalcode",
"5835968288","Cavendishia pubescens (Kunth) Hemsl.","Cavendishia pubescens (Kunth) Hemsl.",5.924879,-75.444684,"WGS84","","SOUTH_AMERICA","Colombia","CO","Antioquia","La Ceja",,"Vereda Colmenas","HUMAN_OBSERVATION","PRESENT","ACCEPTED","Proyecto Hidroeléctrico El Buey","c06a8de3-42cf-4d78-a50e-5b8dc8934161","d42b7e5d-a3e5-4fc2-8b3d-105336d70898","Empresas Públicas de Medellín E.S.P. (EPM)",,"Luisa Fernanda Cuartas Palacio|Johan Camilo Gómez Patiño|Nancy Carolina Santafe Fajardo|Richard Gómez Monsalve|Alejandra Gutiérrez Ocampo|Sadis Sánchez|Jhony Angel Garcés|Blanca Ercilia Gonzalez Giraldo|Sandra Gaelle Castaño|Derlis Sánchez - Sebastián Giraldo Gómez|Jhon Jairo Colorado López",,"2018-03-05",2018,3,5,"Pastos enmalezados",2080,0,,"http://creativecommons.org/licenses/by-nc/4.0/legalcode",
"5835968292","Cavendishia pubescens (Kunth) Hemsl.","Cavendishia pubescens (Kunth) Hemsl.",5.924879,-75.444684,"WGS84","","SOUTH_AMERICA","Colombia","CO","Antioquia","La Ceja",,"Vereda Colmenas","HUMAN_OBSERVATION","PRESENT","ACCEPTED","Proyecto Hidroeléctrico El Buey","c06a8de3-42cf-4d78-a50e-5b8dc8934161","d42b7e5d-a3e5-4fc2-8b3d-105336d70898","Empresas Públicas de Medellín E.S.P. (EPM)",,"Luisa Fernanda Cuartas Palacio|Johan Camilo Gómez Patiño|Nancy Carolina Santafe Fajardo|Richard Gómez Monsalve|Alejandra Gutiérrez Ocampo|Sadis Sánchez|Jhony Angel Garcés|Blanca Ercilia Gonzalez Giraldo|Sandra Gaelle Castaño|Derlis Sánchez - Sebastián Giraldo Gómez|Jhon Jairo Colorado López",,"2018-03-05",2018,3,5,"Pastos enmalezados",2080,0,,"http://creativecommons.org/licenses/by-nc/4.0/legalcode",
"5835976455","Cavendishia pubescens (Kunth) Hemsl.","Cavendishia pubescens (Kunth) Hemsl.",5.925853,-75.444388,"WGS84","","SOUTH_AMERICA","Colombia","CO","Antioquia","La Ceja",,"Vereda Colmenas","HUMAN_OBSERVATION","PRESENT","ACCEPTED","Proyecto Hidroeléctrico El Buey","c06a8de3-42cf-4d78-a50e-5b8dc8934161","d42b7e5d-a3e5-4fc2-8b3d-105336d70898","Empresas Públicas de Medellín E.S.P. (EPM)",,"Luisa Fernanda Cuartas Palacio|Johan Camilo Gómez Patiño|Nancy Carolina Santafe Fajardo|Richard Gómez Monsalve|Alejandra Gutiérrez Ocampo|Sadis Sánchez|Jhony Angel Garcés|Blanca Ercilia Gonzalez Giraldo|Sandra Gaelle Castaño|Derlis Sánchez - Sebastián Giraldo Gómez|Jhon Jairo Colorado López",,"2018-03-05",2018,3,5,"Pastos enmalezados",,,,"http://creativecommons.org/licenses/by-nc/4.0/legalcode",
"5835977266","Cavendishia pubescens (Kunth) Hemsl.","Cavendishia pubescens (Kunth) Hemsl.",5.933304,-75.44239,"WGS84","","SOUTH_AMERICA","Colombia","CO","Antioquia","La Ceja",,"Vereda Colmenas","HUMAN_OBSERVATION","PRESENT","ACCEPTED","Proyecto Hidroeléctrico El Buey","c06a8de3-42cf-4d78-a50e-5b8dc8934161","d42b7e5d-a3e5-4fc2-8b3d-105336d70898","Empresas Públicas de Medellín E.S.P. (EPM)",,"Luisa Fernanda Cuartas Palacio|Johan Camilo Gómez Patiño|Nancy Carolina Santafe Fajardo|Richard Gómez Monsalve|Alejandra Gutiérrez Ocampo|Sadis Sánchez|Jhony Angel Garcés|Blanca Ercilia Gonzalez Giraldo|Sandra Gaelle Castaño|Derlis Sánchez - Sebastián Giraldo Gómez|Jhon Jairo Colorado López",,"2018-03-06",2018,3,6,"Pastos enmalezados",2156,0,,"http://creativecommons.org/licenses/by-nc/4.0/legalcode",
"5835977269","Cavendishia pubescens (Kunth) Hemsl.","Cavendishia pubescens (Kunth) Hemsl.",5.933304,-75.44239,"WGS84","","SOUTH_AMERICA","Colombia","CO","Antioquia","La Ceja",,"Vereda Colmenas","HUMAN_OBSERVATION","PRESENT","ACCEPTED","Proyecto Hidroeléctrico El Buey","c06a8de3-42cf-4d78-a50e-5b8dc8934161","d42b7e5d-a3e5-4fc2-8b3d-105336d70898","Empresas Públicas de Medellín E.S.P. (EPM)",,"Luisa Fernanda Cuartas Palacio|Johan Camilo Gómez Patiño|Nancy Carolina Santafe Fajardo|Richard Gómez Monsalve|Alejandra Gutiérrez Ocampo|Sadis Sánchez|Jhony Angel Garcés|Blanca Ercilia Gonzalez Giraldo|Sandra Gaelle Castaño|Derlis Sánchez - Sebastián Giraldo Gómez|Jhon Jairo Colorado López",,"2018-03-06",2018,3,6,"Pastos enmalezados",2156,0,,"http://creativecommons.org/licenses/by-nc/4.0/legalcode",
"5835977278","Cavendishia pubescens (Kunth) Hemsl.","Cavendishia pubescens (Kunth) Hemsl.",5.933304,-75.44239,"WGS84","","SOUTH_AMERICA","Colombia","CO","Antioquia","La Ceja",,"Vereda Colmenas","HUMAN_OBSERVATION","PRESENT","ACCEPTED","Proyecto Hidroeléctrico El Buey","c06a8de3-42cf-4d78-a50e-5b8dc8934161","d42b7e5d-a3e5-4fc2-8b3d-105336d70898","Empresas Públicas de Medellín E.S.P. (EPM)",,"Luisa Fernanda Cuartas Palacio|Johan Camilo Gómez Patiño|Nancy Carolina Santafe Fajardo|Richard Gómez Monsalve|Alejandra Gutiérrez Ocampo|Sadis Sánchez|Jhony Angel Garcés|Blanca Ercilia Gonzalez Giraldo|Sandra Gaelle Castaño|Derlis Sánchez - Sebastián Giraldo Gómez|Jhon Jairo Colorado López",,"2018-03-06",2018,3,6,"Pastos enmalezados",2156,0,,"http://creativecommons.org/licenses/by-nc/4.0/legalcode",
"1989714384","Cavendishia pubescens (Kunth) Hemsl.","Cavendishia pubescens (Kunth) Hemsl.",5.766028,-73.422167,"WGS84","cdround,colmano,inmafu","SOUTH_AMERICA","Colombia","CO","Boyacá","Arcabuco",,"Vereda Centro","PRESERVED_SPECIMEN","PRESENT","ACCEPTED",,"0768b875-fc9c-4ee5-a91b-298963c1df71","2a7e3080-28a9-11dd-97cd-b8a03c50a862","Instituto de Investigación de Recursos Biológicos Alexander von Humboldt (IAvH)","Herbario Federico Meden Bogotá del Instituto de Investigación de Recursos Biológicos Alexander von Humboldt (FMB)","Gómez-Parra Sofía|Malagón María|Robles Aura","Malagón María","2018-10-15",2018,10,15,"Bosque de roble",2681.5,13.5,"Arbusto. Flores rosadas.","http://creativecommons.org/licenses/by-nc/4.0/legalcode",
"2447397176","Cavendishia pubescens (Kunth) Hemsl.","Cavendishia pubescens (Kunth) Hemsl.",5.766028,-73.422167,"WGS84","cdround,colmafu,inmafu","SOUTH_AMERICA","Colombia","CO","Boyacá","Arcabuco",,"Vereda Centro","MATERIAL_SAMPLE","PRESENT","ACCEPTED",,"7f32012e-8cb5-4215-b428-ac0cfede7ca2","2a7e3080-28a9-11dd-97cd-b8a03c50a862","Instituto de Investigación de Recursos Biológicos Alexander von Humboldt (IAvH)","IAvH-CT","Gómez-Parra Sofía|Malagón María|Robles Aura","Malagón María","2018-10-15",2018,10,15,,2681.5,13.5,,"http://creativecommons.org/licenses/by-nc/4.0/legalcode",
"2575873295","Cavendishia pubescens (Kunth) Hemsl.","Cavendishia pubescens (Kunth) Hemsl.",5.766028,-73.422167,"WGS84","cdround","SOUTH_AMERICA","Colombia","CO","Boyacá","Arcabuco",,"Vereda Centro","HUMAN_OBSERVATION","PRESENT","ACCEPTED",,"bd837c6d-5519-42c1-b311-9265ce64571a","ad3f9c5f-5021-45a3-a7c4-3e64895f6f79","Universidad Pedagógica y Tecnológica de Colombia (UPTC)","Herbario UPTC","Sofía Gómez|María Malagón|Aura Robles","María Malagón","2018-10-15",2018,10,15,"Bosque de roble",2681.5,13.5,"Arbusto, flores rosadas","http://creativecommons.org/licenses/by/4.0/legalcode",
"4026668730","Cavendishia pubescens (Kunth) Hemsl.","Cavendishia pubescens (Kunth) Hemsl.",5.766028,-73.422167,"WGS84","cdround,elmms,inmafu","SOUTH_AMERICA","Colombia","CO","Boyacá","Arcabuco",,"Vereda Centro","PRESERVED_SPECIMEN","PRESENT","ACCEPTED","17170 - Boyacá Bio - Expedición páramo El Valle","9c2d26f1-0ce0-4cde-9f8d-de8284404fff","2a7e3080-28a9-11dd-97cd-b8a03c50a862","Instituto de Investigación de Recursos Biológicos Alexander von Humboldt (IAvH)","IAvH-CT","Sofía Gómez-Parra|Maria del Pilar Malagón|Aura Robles","Maria del Pilar Malagón","2018-10-15",2018,10,15,"Bosque de roble",2681.5,13.5,,"http://creativecommons.org/licenses/by-nc/4.0/legalcode",
"5891374197","Cavendishia pubescens (Kunth) Hemsl.","Cavendishia pubescens (Kunth) Hemsl.",5.766028,-73.422167,"WGS84","cdround,inmafu","SOUTH_AMERICA","Colombia","CO","Boyacá","Arcabuco",,"vereda Centro","PRESERVED_SPECIMEN","PRESENT","ACCEPTED","17170 - Boyacá BIO - Expedición Páramo el Valle","1fe5d5cd-0336-4664-b768-d38acf349c0a","2a7e3080-28a9-11dd-97cd-b8a03c50a862","Instituto de Investigación de Recursos Biológicos Alexander von Humboldt (IAvH)","FMB","Sofia Gómez|Maria del Pilar Malagón|Aura Robles","Maria del Pilar Malagón","2018-10-15",2018,10,15,"Bosque de roble",2668,,"Actualización del inventario entre 2019 y septiembre de 2021.","http://creativecommons.org/licenses/by-nc/4.0/legalcode",
"2239696962","Cavendishia pubescens (Kunth) Hemsl.","Cavendishia pubescens (Kunth) Hemsl.",5.055659,-75.495525,"WGS84","cdround,inmafu","SOUTH_AMERICA","Colombia","CO","Caldas","Manizales",,"Universidad de Caldas, Jardín Botánico","LIVING_SPECIMEN","PRESENT","ACCEPTED","Jardín Botánico Universidad de Caldas (JBUC)","12464931-e8ea-4437-b6df-c280e063b107","f7f9717e-9e50-4a00-a30f-7b134390a566","Universidad de Caldas (UCaldas)","JBUC","V.C. Gomez-Arias|K.X. Gomez Arias","V.C. Gomez-Arias|K.X. Gomez Arias","2018-11-26/2018-12-21",2018,,,,2167,0,,"http://creativecommons.org/licenses/by-nc/4.0/legalcode","Universidad de Caldas"
"4996914500","Cavendishia pubescens (Kunth) Hemsl.","Cavendishia pubescens (Kunth) Hemsl.",4.517213,-74.013989,"WGS84","","SOUTH_AMERICA","Colombia","CO","Cundinamarca","Ubaque",,,"HUMAN_OBSERVATION","PRESENT","ACCEPTED","Formulación del Plan de Ordenación y Manejo Ambiental de la cuenca del río Guayuriba","9e5efb1c-97fc-4e20-b43c-3a1255170cab","66739018-f8c3-4902-96d5-82c0aec31d6a","Corporación Autónoma Regional de la Orinoquia - Corporinoquia",,"Unión Temporal Guayuriba Sostenible",,"2017-04",2017,4,,"Bosque denso alto",2797.94,0,"Observado","http://creativecommons.org/licenses/by-nc/4.0/legalcode",
"4996915123","Cavendishia pubescens (Kunth) Hemsl.","Cavendishia pubescens (Kunth) Hemsl.",4.731835,-73.88337,"WGS84","","SOUTH_AMERICA","Colombia","CO","Cundinamarca","La Calera",,,"HUMAN_OBSERVATION","PRESENT","ACCEPTED","Formulación del Plan de Ordenación y Manejo Ambiental de la cuenca del río Guayuriba","9e5efb1c-97fc-4e20-b43c-3a1255170cab","66739018-f8c3-4902-96d5-82c0aec31d6a","Corporación Autónoma Regional de la Orinoquia - Corporinoquia",,"Unión Temporal Guayuriba Sostenible",,"2017-04",2017,4,,"Herbazal denso de tierra firme no arbolado",3500,0,"Observado","http://creativecommons.org/licenses/by-nc/4.0/legalcode",
"4996915520","Cavendishia pubescens (Kunth) Hemsl.","Cavendishia pubescens (Kunth) Hemsl.",4.3243,-74.0545,"WGS84","","SOUTH_AMERICA","Colombia","CO","Cundinamarca","Une",,,"HUMAN_OBSERVATION","PRESENT","ACCEPTED","Formulación del Plan de Ordenación y Manejo Ambiental de la cuenca del río Guayuriba","9e5efb1c-97fc-4e20-b43c-3a1255170cab","66739018-f8c3-4902-96d5-82c0aec31d6a","Corporación Autónoma Regional de la Orinoquia - Corporinoquia",,"Unión Temporal Guayuriba Sostenible",,"2017-04",2017,4,,"Herbazal denso de tierra firme no arbolado",3450,0,"Observado","http://creativecommons.org/licenses/by-nc/4.0/legalcode",
"4996915522","Cavendishia pubescens (Kunth) Hemsl.","Cavendishia pubescens (Kunth) Hemsl.",4.3246,-74.0538,"WGS84","","SOUTH_AMERICA","Colombia","CO","Cundinamarca","Une",,,"HUMAN_OBSERVATION","PRESENT","ACCEPTED","Formulación del Plan de Ordenación y Manejo Ambiental de la cuenca del río Guayuriba","9e5efb1c-97fc-4e20-b43c-3a1255170cab","66739018-f8c3-4902-96d5-82c0aec31d6a","Corporación Autónoma Regional de la Orinoquia - Corporinoquia",,"Unión Temporal Guayuriba Sostenible",,"2017-04",2017,4,,"Herbazal denso de tierra firme no arbolado",3450,0,"Observado","http://creativecommons.org/licenses/by-nc/4.0/legalcode",
"4996915552","Cavendishia pubescens (Kunth) Hemsl.","Cavendishia pubescens (Kunth) Hemsl.",4.3243,-74.0548,"WGS84","","SOUTH_AMERICA","Colombia","CO","Cundinamarca","Une",,,"HUMAN_OBSERVATION","PRESENT","ACCEPTED","Formulación del Plan de Ordenación y Manejo Ambiental de la cuenca del río Guayuriba","9e5efb1c-97fc-4e20-b43c-3a1255170cab","66739018-f8c3-4902-96d5-82c0aec31d6a","Corporación Autónoma Regional de la Orinoquia - Corporinoquia",,"Unión Temporal Guayuriba Sostenible",,"2017-04",2017,4,,"Herbazal denso de tierra firme no arbolado",3456.3,0,"Observado","http://creativecommons.org/licenses/by-nc/4.0/legalcode",
"4996915843","Cavendishia pubescens (Kunth) Hemsl.","Cavendishia pubescens (Kunth) Hemsl.",4.731835,-73.88337,"WGS84","","SOUTH_AMERICA","Colombia","CO","Cundinamarca","La Calera",,,"HUMAN_OBSERVATION","PRESENT","ACCEPTED","Formulación del Plan de Ordenación y Manejo Ambiental de la cuenca del río Guayuriba","9e5efb1c-97fc-4e20-b43c-3a1255170cab","66739018-f8c3-4902-96d5-82c0aec31d6a","Corporación Autónoma Regional de la Orinoquia - Corporinoquia",,"Unión Temporal Guayuriba Sostenible",,"2017-04",2017,4,,"Herbazal denso de tierra firme no arbolado",3500,0,"Observado","http://creativecommons.org/licenses/by-nc/4.0/legalcode",
"3895662250","Cavendishia pubescens (Kunth) Hemsl.","Cavendishia pubescens (Kunth) Hemsl.",7.236399,-75.510195,"WGS84","","SOUTH_AMERICA","Colombia","CO","Antioquia","Ituango",,"El Aro","HUMAN_OBSERVATION","PRESENT","ACCEPTED",,"f65b3120-1fab-4f2d-abbb-49d072bf1016","d42b7e5d-a3e5-4fc2-8b3d-105336d70898","Empresas Públicas de Medellín E.S.P. (EPM)",,,,"2017-07-15",2017,7,15,,,,,"http://creativecommons.org/licenses/by/4.0/legalcode",
"5835953491","Cavendishia pubescens (Kunth) Hemsl.","Cavendishia pubescens (Kunth) Hemsl.",5.914579,-75.451044,"WGS84","","SOUTH_AMERICA","Colombia","CO","Antioquia","Abejorral",,"Vereda El Guaico","HUMAN_OBSERVATION","PRESENT","ACCEPTED","Proyecto Hidroeléctrico El Buey","c06a8de3-42cf-4d78-a50e-5b8dc8934161","d42b7e5d-a3e5-4fc2-8b3d-105336d70898","Empresas Públicas de Medellín E.S.P. (EPM)",,"Luisa Fernanda Cuartas Palacio|Johan Camilo Gómez Patiño|Nancy Carolina Santafe Fajardo|Richard Gómez Monsalve|Alejandra Gutiérrez Ocampo|Sadis Sánchez|Jhony Angel Garcés|Blanca Ercilia Gonzalez Giraldo|Sandra Gaelle Castaño|Derlis Sánchez - Sebastián Giraldo Gómez|Jhon Jairo Colorado López",,"2017-08-31",2017,8,31,"Pastos limpios",2116.56,0,,"http://creativecommons.org/licenses/by-nc/4.0/legalcode",
"5835953498","Cavendishia pubescens (Kunth) Hemsl.","Cavendishia pubescens (Kunth) Hemsl.",5.914807,-75.451551,"WGS84","","SOUTH_AMERICA","Colombia","CO","Antioquia","Abejorral",,"Vereda El Guaico","HUMAN_OBSERVATION","PRESENT","ACCEPTED","Proyecto Hidroeléctrico El Buey","c06a8de3-42cf-4d78-a50e-5b8dc8934161","d42b7e5d-a3e5-4fc2-8b3d-105336d70898","Empresas Públicas de Medellín E.S.P. (EPM)",,"Luisa Fernanda Cuartas Palacio|Johan Camilo Gómez Patiño|Nancy Carolina Santafe Fajardo|Richard Gómez Monsalve|Alejandra Gutiérrez Ocampo|Sadis Sánchez|Jhony Angel Garcés|Blanca Ercilia Gonzalez Giraldo|Sandra Gaelle Castaño|Derlis Sánchez - Sebastián Giraldo Gómez|Jhon Jairo Colorado López",,"2017-08-31",2017,8,31,"Pastos limpios",2101.69,0,,"http://creativecommons.org/licenses/by-nc/4.0/legalcode",
"5835975075","Cavendishia pubescens (Kunth) Hemsl.","Cavendishia pubescens (Kunth) Hemsl.",5.914944,-75.451485,"WGS84","","SOUTH_AMERICA","Colombia","CO","Antioquia","Abejorral",,"Vereda El Guaico","HUMAN_OBSERVATION","PRESENT","ACCEPTED","Proyecto Hidroeléctrico El Buey","c06a8de3-42cf-4d78-a50e-5b8dc8934161","d42b7e5d-a3e5-4fc2-8b3d-105336d70898","Empresas Públicas de Medellín E.S.P. (EPM)",,"Luisa Fernanda Cuartas Palacio|Johan Camilo Gómez Patiño|Nancy Carolina Santafe Fajardo|Richard Gómez Monsalve|Alejandra Gutiérrez Ocampo|Sadis Sánchez|Jhony Angel Garcés|Blanca Ercilia Gonzalez Giraldo|Sandra Gaelle Castaño|Derlis Sánchez - Sebastián Giraldo Gómez|Jhon Jairo Colorado López",,"2017-08-31",2017,8,31,"Pastos limpios",2102.79,0,,"http://creativecommons.org/licenses/by-nc/4.0/legalcode",
"5835975076","Cavendishia pubescens (Kunth) Hemsl.","Cavendishia pubescens (Kunth) Hemsl.",5.914944,-75.451485,"WGS84","","SOUTH_AMERICA","Colombia","CO","Antioquia","Abejorral",,"Vereda El Guaico","HUMAN_OBSERVATION","PRESENT","ACCEPTED","Proyecto Hidroeléctrico El Buey","c06a8de3-42cf-4d78-a50e-5b8dc8934161","d42b7e5d-a3e5-4fc2-8b3d-105336d70898","Empresas Públicas de Medellín E.S.P. (EPM)",,"Luisa Fernanda Cuartas Palacio|Johan Camilo Gómez Patiño|Nancy Carolina Santafe Fajardo|Richard Gómez Monsalve|Alejandra Gutiérrez Ocampo|Sadis Sánchez|Jhony Angel Garcés|Blanca Ercilia Gonzalez Giraldo|Sandra Gaelle Castaño|Derlis Sánchez - Sebastián Giraldo Gómez|Jhon Jairo Colorado López",,"2017-08-31",2017,8,31,"Pastos limpios",2102.79,0,,"http://creativecommons.org/licenses/by-nc/4.0/legalcode",
"5835975213","Cavendishia pubescens (Kunth) Hemsl.","Cavendishia pubescens (Kunth) Hemsl.",5.91483,-75.451497,"WGS84","","SOUTH_AMERICA","Colombia","CO","Antioquia","Abejorral",,"Vereda El Guaico","HUMAN_OBSERVATION","PRESENT","ACCEPTED","Proyecto Hidroeléctrico El Buey","c06a8de3-42cf-4d78-a50e-5b8dc8934161","d42b7e5d-a3e5-4fc2-8b3d-105336d70898","Empresas Públicas de Medellín E.S.P. (EPM)",,"Luisa Fernanda Cuartas Palacio|Johan Camilo Gómez Patiño|Nancy Carolina Santafe Fajardo|Richard Gómez Monsalve|Alejandra Gutiérrez Ocampo|Sadis Sánchez|Jhony Angel Garcés|Blanca Ercilia Gonzalez Giraldo|Sandra Gaelle Castaño|Derlis Sánchez - Sebastián Giraldo Gómez|Jhon Jairo Colorado López",,"2017-08-31",2017,8,31,"Pastos limpios",2104.04,0,,"http://creativecommons.org/licenses/by-nc/4.0/legalcode",
"5835975214","Cavendishia pubescens (Kunth) Hemsl.","Cavendishia pubescens (Kunth) Hemsl.",5.91483,-75.451497,"WGS84","","SOUTH_AMERICA","Colombia","CO","Antioquia","Abejorral",,"Vereda El Guaico","HUMAN_OBSERVATION","PRESENT","ACCEPTED","Proyecto Hidroeléctrico El Buey","c06a8de3-42cf-4d78-a50e-5b8dc8934161","d42b7e5d-a3e5-4fc2-8b3d-105336d70898","Empresas Públicas de Medellín E.S.P. (EPM)",,"Luisa Fernanda Cuartas Palacio|Johan Camilo Gómez Patiño|Nancy Carolina Santafe Fajardo|Richard Gómez Monsalve|Alejandra Gutiérrez Ocampo|Sadis Sánchez|Jhony Angel Garcés|Blanca Ercilia Gonzalez Giraldo|Sandra Gaelle Castaño|Derlis Sánchez - Sebastián Giraldo Gómez|Jhon Jairo Colorado López",,"2017-08-31",2017,8,31,"Pastos limpios",2104.04,0,,"http://creativecommons.org/licenses/by-nc/4.0/legalcode",
"5835953606","Cavendishia pubescens (Kunth) Hemsl.","Cavendishia pubescens (Kunth) Hemsl.",5.933489,-75.461689,"WGS84","","SOUTH_AMERICA","Colombia","CO","Antioquia","Abejorral",,"Vereda San Pedro","HUMAN_OBSERVATION","PRESENT","ACCEPTED","Proyecto Hidroeléctrico El Buey","c06a8de3-42cf-4d78-a50e-5b8dc8934161","d42b7e5d-a3e5-4fc2-8b3d-105336d70898","Empresas Públicas de Medellín E.S.P. (EPM)",,"Luisa Fernanda Cuartas Palacio|Johan Camilo Gómez Patiño|Nancy Carolina Santafe Fajardo|Richard Gómez Monsalve|Alejandra Gutiérrez Ocampo|Sadis Sánchez|Jhony Angel Garcés|Blanca Ercilia Gonzalez Giraldo|Sandra Gaelle Castaño|Derlis Sánchez - Sebastián Giraldo Gómez|Jhon Jairo Colorado López",,"2017-09-16",2017,9,16,"Bosque abierto",2048.84,0,,"http://creativecommons.org/licenses/by-nc/4.0/legalcode",
"5835953607","Cavendishia pubescens (Kunth) Hemsl.","Cavendishia pubescens (Kunth) Hemsl.",5.933489,-75.461689,"WGS84","","SOUTH_AMERICA","Colombia","CO","Antioquia","Abejorral",,"Vereda San Pedro","HUMAN_OBSERVATION","PRESENT","ACCEPTED","Proyecto Hidroeléctrico El Buey","c06a8de3-42cf-4d78-a50e-5b8dc8934161","d42b7e5d-a3e5-4fc2-8b3d-105336d70898","Empresas Públicas de Medellín E.S.P. (EPM)",,"Luisa Fernanda Cuartas Palacio|Johan Camilo Gómez Patiño|Nancy Carolina Santafe Fajardo|Richard Gómez Monsalve|Alejandra Gutiérrez Ocampo|Sadis Sánchez|Jhony Angel Garcés|Blanca Ercilia Gonzalez Giraldo|Sandra Gaelle Castaño|Derlis Sánchez - Sebastián Giraldo Gómez|Jhon Jairo Colorado López",,"2017-09-16",2017,9,16,"Bosque abierto",2048.84,0,,"http://creativecommons.org/licenses/by-nc/4.0/legalcode",
"5835953640","Cavendishia pubescens (Kunth) Hemsl.","Cavendishia pubescens (Kunth) Hemsl.",5.933451,-75.461571,"WGS84","","SOUTH_AMERICA","Colombia","CO","Antioquia","Abejorral",,"Vereda San Pedro","HUMAN_OBSERVATION","PRESENT","ACCEPTED","Proyecto Hidroeléctrico El Buey","c06a8de3-42cf-4d78-a50e-5b8dc8934161","d42b7e5d-a3e5-4fc2-8b3d-105336d70898","Empresas Públicas de Medellín E.S.P. (EPM)",,"Luisa Fernanda Cuartas Palacio|Johan Camilo Gómez Patiño|Nancy Carolina Santafe Fajardo|Richard Gómez Monsalve|Alejandra Gutiérrez Ocampo|Sadis Sánchez|Jhony Angel Garcés|Blanca Ercilia Gonzalez Giraldo|Sandra Gaelle Castaño|Derlis Sánchez - Sebastián Giraldo Gómez|Jhon Jairo Colorado López",,"2017-09-16",2017,9,16,"Bosque abierto",2054.56,0,,"http://creativecommons.org/licenses/by-nc/4.0/legalcode",
"5835955588","Cavendishia pubescens (Kunth) Hemsl.","Cavendishia pubescens (Kunth) Hemsl.",5.933493,-75.461667,"WGS84","","SOUTH_AMERICA","Colombia","CO","Antioquia","Abejorral",,"Vereda San Pedro","HUMAN_OBSERVATION","PRESENT","ACCEPTED","Proyecto Hidroeléctrico El Buey","c06a8de3-42cf-4d78-a50e-5b8dc8934161","d42b7e5d-a3e5-4fc2-8b3d-105336d70898","Empresas Públicas de Medellín E.S.P. (EPM)",,"Luisa Fernanda Cuartas Palacio|Johan Camilo Gómez Patiño|Nancy Carolina Santafe Fajardo|Richard Gómez Monsalve|Alejandra Gutiérrez Ocampo|Sadis Sánchez|Jhony Angel Garcés|Blanca Ercilia Gonzalez Giraldo|Sandra Gaelle Castaño|Derlis Sánchez - Sebastián Giraldo Gómez|Jhon Jairo Colorado López",,"2017-09-16",2017,9,16,"Bosque abierto",,,,"http://creativecommons.org/licenses/by-nc/4.0/legalcode",
"5835955590","Cavendishia pubescens (Kunth) Hemsl.","Cavendishia pubescens (Kunth) Hemsl.",5.933493,-75.461667,"WGS84","","SOUTH_AMERICA","Colombia","CO","Antioquia","Abejorral",,"Vereda San Pedro","HUMAN_OBSERVATION","PRESENT","ACCEPTED","Proyecto Hidroeléctrico El Buey","c06a8de3-42cf-4d78-a50e-5b8dc8934161","d42b7e5d-a3e5-4fc2-8b3d-105336d70898","Empresas Públicas de Medellín E.S.P. (EPM)",,"Luisa Fernanda Cuartas Palacio|Johan Camilo Gómez Patiño|Nancy Carolina Santafe Fajardo|Richard Gómez Monsalve|Alejandra Gutiérrez Ocampo|Sadis Sánchez|Jhony Angel Garcés|Blanca Ercilia Gonzalez Giraldo|Sandra Gaelle Castaño|Derlis Sánchez - Sebastián Giraldo Gómez|Jhon Jairo Colorado López",,"2017-09-16",2017,9,16,"Bosque abierto",,,,"http://creativecommons.org/licenses/by-nc/4.0/legalcode",
"5835955694","Cavendishia pubescens (Kunth) Hemsl.","Cavendishia pubescens (Kunth) Hemsl.",5.919303,-75.449435,"WGS84","","SOUTH_AMERICA","Colombia","CO","Antioquia","Abejorral",,"Vereda El Guaico","HUMAN_OBSERVATION","PRESENT","ACCEPTED","Proyecto Hidroeléctrico El Buey","c06a8de3-42cf-4d78-a50e-5b8dc8934161","d42b7e5d-a3e5-4fc2-8b3d-105336d70898","Empresas Públicas de Medellín E.S.P. (EPM)",,"Luisa Fernanda Cuartas Palacio|Johan Camilo Gómez Patiño|Nancy Carolina Santafe Fajardo|Richard Gómez Monsalve|Alejandra Gutiérrez Ocampo|Sadis Sánchez|Jhony Angel Garcés|Blanca Ercilia Gonzalez Giraldo|Sandra Gaelle Castaño|Derlis Sánchez - Sebastián Giraldo Gómez|Jhon Jairo Colorado López",,"2017-09-04",2017,9,4,"Pastos limpios",2100.25,0,,"http://creativecommons.org/licenses/by-nc/4.0/legalcode",
"5835957040","Cavendishia pubescens (Kunth) Hemsl.","Cavendishia pubescens (Kunth) Hemsl.",5.933483,-75.461474,"WGS84","","SOUTH_AMERICA","Colombia","CO","Antioquia","Abejorral",,"Vereda San Pedro","HUMAN_OBSERVATION","PRESENT","ACCEPTED","Proyecto Hidroeléctrico El Buey","c06a8de3-42cf-4d78-a50e-5b8dc8934161","d42b7e5d-a3e5-4fc2-8b3d-105336d70898","Empresas Públicas de Medellín E.S.P. (EPM)",,"Luisa Fernanda Cuartas Palacio|Johan Camilo Gómez Patiño|Nancy Carolina Santafe Fajardo|Richard Gómez Monsalve|Alejandra Gutiérrez Ocampo|Sadis Sánchez|Jhony Angel Garcés|Blanca Ercilia Gonzalez Giraldo|Sandra Gaelle Castaño|Derlis Sánchez - Sebastián Giraldo Gómez|Jhon Jairo Colorado López",,"2017-09-16",2017,9,16,"Bosque abierto",2048.3,0,,"http://creativecommons.org/licenses/by-nc/4.0/legalcode",
"5835957240","Cavendishia pubescens (Kunth) Hemsl.","Cavendishia pubescens (Kunth) Hemsl.",5.933533,-75.461713,"WGS84","","SOUTH_AMERICA","Colombia","CO","Antioquia","Abejorral",,"Vereda San Pedro","HUMAN_OBSERVATION","PRESENT","ACCEPTED","Proyecto Hidroeléctrico El Buey","c06a8de3-42cf-4d78-a50e-5b8dc8934161","d42b7e5d-a3e5-4fc2-8b3d-105336d70898","Empresas Públicas de Medellín E.S.P. (EPM)",,"Luisa Fernanda Cuartas Palacio|Johan Camilo Gómez Patiño|Nancy Carolina Santafe Fajardo|Richard Gómez Monsalve|Alejandra Gutiérrez Ocampo|Sadis Sánchez|Jhony Angel Garcés|Blanca Ercilia Gonzalez Giraldo|Sandra Gaelle Castaño|Derlis Sánchez - Sebastián Giraldo Gómez|Jhon Jairo Colorado López",,"2017-09-16",2017,9,16,"Bosque abierto",2045.65,0,,"http://creativecommons.org/licenses/by-nc/4.0/legalcode",
"5835957555","Cavendishia pubescens (Kunth) Hemsl.","Cavendishia pubescens (Kunth) Hemsl.",5.933471,-75.461713,"WGS84","","SOUTH_AMERICA","Colombia","CO","Antioquia","Abejorral",,"Vereda San Pedro","HUMAN_OBSERVATION","PRESENT","ACCEPTED","Proyecto Hidroeléctrico El Buey","c06a8de3-42cf-4d78-a50e-5b8dc8934161","d42b7e5d-a3e5-4fc2-8b3d-105336d70898","Empresas Públicas de Medellín E.S.P. (EPM)",,"Luisa Fernanda Cuartas Palacio|Johan Camilo Gómez Patiño|Nancy Carolina Santafe Fajardo|Richard Gómez Monsalve|Alejandra Gutiérrez Ocampo|Sadis Sánchez|Jhony Angel Garcés|Blanca Ercilia Gonzalez Giraldo|Sandra Gaelle Castaño|Derlis Sánchez - Sebastián Giraldo Gómez|Jhon Jairo Colorado López",,"2017-09-16",2017,9,16,"Bosque abierto",2044.57,0,,"http://creativecommons.org/licenses/by-nc/4.0/legalcode",
"5835957556","Cavendishia pubescens (Kunth) Hemsl.","Cavendishia pubescens (Kunth) Hemsl.",5.933471,-75.461713,"WGS84","","SOUTH_AMERICA","Colombia","CO","Antioquia","Abejorral",,"Vereda San Pedro","HUMAN_OBSERVATION","PRESENT","ACCEPTED","Proyecto Hidroeléctrico El Buey","c06a8de3-42cf-4d78-a50e-5b8dc8934161","d42b7e5d-a3e5-4fc2-8b3d-105336d70898","Empresas Públicas de Medellín E.S.P. (EPM)",,"Luisa Fernanda Cuartas Palacio|Johan Camilo Gómez Patiño|Nancy Carolina Santafe Fajardo|Richard Gómez Monsalve|Alejandra Gutiérrez Ocampo|Sadis Sánchez|Jhony Angel Garcés|Blanca Ercilia Gonzalez Giraldo|Sandra Gaelle Castaño|Derlis Sánchez - Sebastián Giraldo Gómez|Jhon Jairo Colorado López",,"2017-09-16",2017,9,16,"Bosque abierto",2044.57,0,,"http://creativecommons.org/licenses/by-nc/4.0/legalcode",
"5835957788","Cavendishia pubescens (Kunth) Hemsl.","Cavendishia pubescens (Kunth) Hemsl.",5.920536,-75.463268,"WGS84","","SOUTH_AMERICA","Colombia","CO","Antioquia","Abejorral",,"Vereda San Pedro","HUMAN_OBSERVATION","PRESENT","ACCEPTED","Proyecto Hidroeléctrico El Buey","c06a8de3-42cf-4d78-a50e-5b8dc8934161","d42b7e5d-a3e5-4fc2-8b3d-105336d70898","Empresas Públicas de Medellín E.S.P. (EPM)",,"Luisa Fernanda Cuartas Palacio|Johan Camilo Gómez Patiño|Nancy Carolina Santafe Fajardo|Richard Gómez Monsalve|Alejandra Gutiérrez Ocampo|Sadis Sánchez|Jhony Angel Garcés|Blanca Ercilia Gonzalez Giraldo|Sandra Gaelle Castaño|Derlis Sánchez - Sebastián Giraldo Gómez|Jhon Jairo Colorado López",,"2017-09-15",2017,9,15,"Bosque de galería y/o ripario",1637,0,,"http://creativecommons.org/licenses/by-nc/4.0/legalcode",
"5835958017","Cavendishia pubescens (Kunth) Hemsl.","Cavendishia pubescens (Kunth) Hemsl.",5.93347,-75.461592,"WGS84","","SOUTH_AMERICA","Colombia","CO","Antioquia","Abejorral",,"Vereda San Pedro","HUMAN_OBSERVATION","PRESENT","ACCEPTED","Proyecto Hidroeléctrico El Buey","c06a8de3-42cf-4d78-a50e-5b8dc8934161","d42b7e5d-a3e5-4fc2-8b3d-105336d70898","Empresas Públicas de Medellín E.S.P. (EPM)",,"Luisa Fernanda Cuartas Palacio|Johan Camilo Gómez Patiño|Nancy Carolina Santafe Fajardo|Richard Gómez Monsalve|Alejandra Gutiérrez Ocampo|Sadis Sánchez|Jhony Angel Garcés|Blanca Ercilia Gonzalez Giraldo|Sandra Gaelle Castaño|Derlis Sánchez - Sebastián Giraldo Gómez|Jhon Jairo Colorado López",,"2017-09-16",2017,9,16,"Bosque abierto",2054.18,0,,"http://creativecommons.org/licenses/by-nc/4.0/legalcode",
"5835960320","Cavendishia pubescens (Kunth) Hemsl.","Cavendishia pubescens (Kunth) Hemsl.",5.923829,-75.449713,"WGS84","","SOUTH_AMERICA","Colombia","CO","Antioquia","Abejorral",,"Vereda El Guaico","HUMAN_OBSERVATION","PRESENT","ACCEPTED","Proyecto Hidroeléctrico El Buey","c06a8de3-42cf-4d78-a50e-5b8dc8934161","d42b7e5d-a3e5-4fc2-8b3d-105336d70898","Empresas Públicas de Medellín E.S.P. (EPM)",,"Luisa Fernanda Cuartas Palacio|Johan Camilo Gómez Patiño|Nancy Carolina Santafe Fajardo|Richard Gómez Monsalve|Alejandra Gutiérrez Ocampo|Sadis Sánchez|Jhony Angel Garcés|Blanca Ercilia Gonzalez Giraldo|Sandra Gaelle Castaño|Derlis Sánchez - Sebastián Giraldo Gómez|Jhon Jairo Colorado López",,"2017-09-04",2017,9,4,"Pastos enmalezados",2070.74,0,,"http://creativecommons.org/licenses/by-nc/4.0/legalcode",
"5835960321","Cavendishia pubescens (Kunth) Hemsl.","Cavendishia pubescens (Kunth) Hemsl.",5.923829,-75.449713,"WGS84","","SOUTH_AMERICA","Colombia","CO","Antioquia","Abejorral",,"Vereda El Guaico","HUMAN_OBSERVATION","PRESENT","ACCEPTED","Proyecto Hidroeléctrico El Buey","c06a8de3-42cf-4d78-a50e-5b8dc8934161","d42b7e5d-a3e5-4fc2-8b3d-105336d70898","Empresas Públicas de Medellín E.S.P. (EPM)",,"Luisa Fernanda Cuartas Palacio|Johan Camilo Gómez Patiño|Nancy Carolina Santafe Fajardo|Richard Gómez Monsalve|Alejandra Gutiérrez Ocampo|Sadis Sánchez|Jhony Angel Garcés|Blanca Ercilia Gonzalez Giraldo|Sandra Gaelle Castaño|Derlis Sánchez - Sebastián Giraldo Gómez|Jhon Jairo Colorado López",,"2017-09-04",2017,9,4,"Pastos enmalezados",2070.74,0,,"http://creativecommons.org/licenses/by-nc/4.0/legalcode",
"5835960324","Cavendishia pubescens (Kunth) Hemsl.","Cavendishia pubescens (Kunth) Hemsl.",5.923829,-75.449713,"WGS84","","SOUTH_AMERICA","Colombia","CO","Antioquia","Abejorral",,"Vereda El Guaico","HUMAN_OBSERVATION","PRESENT","ACCEPTED","Proyecto Hidroeléctrico El Buey","c06a8de3-42cf-4d78-a50e-5b8dc8934161","d42b7e5d-a3e5-4fc2-8b3d-105336d70898","Empresas Públicas de Medellín E.S.P. (EPM)",,"Luisa Fernanda Cuartas Palacio|Johan Camilo Gómez Patiño|Nancy Carolina Santafe Fajardo|Richard Gómez Monsalve|Alejandra Gutiérrez Ocampo|Sadis Sánchez|Jhony Angel Garcés|Blanca Ercilia Gonzalez Giraldo|Sandra Gaelle Castaño|Derlis Sánchez - Sebastián Giraldo Gómez|Jhon Jairo Colorado López",,"2017-09-04",2017,9,4,"Pastos enmalezados",2070.74,0,,"http://creativecommons.org/licenses/by-nc/4.0/legalcode",
"5835963679","Cavendishia pubescens (Kunth) Hemsl.","Cavendishia pubescens (Kunth) Hemsl.",5.93354,-75.461528,"WGS84","","SOUTH_AMERICA","Colombia","CO","Antioquia","Abejorral",,"Vereda San Pedro","HUMAN_OBSERVATION","PRESENT","ACCEPTED","Proyecto Hidroeléctrico El Buey","c06a8de3-42cf-4d78-a50e-5b8dc8934161","d42b7e5d-a3e5-4fc2-8b3d-105336d70898","Empresas Públicas de Medellín E.S.P. (EPM)",,"Luisa Fernanda Cuartas Palacio|Johan Camilo Gómez Patiño|Nancy Carolina Santafe Fajardo|Richard Gómez Monsalve|Alejandra Gutiérrez Ocampo|Sadis Sánchez|Jhony Angel Garcés|Blanca Ercilia Gonzalez Giraldo|Sandra Gaelle Castaño|Derlis Sánchez - Sebastián Giraldo Gómez|Jhon Jairo Colorado López",,"2017-09-16",2017,9,16,"Bosque abierto",2048.08,0,,"http://creativecommons.org/licenses/by-nc/4.0/legalcode",
"5835964082","Cavendishia pubescens (Kunth) Hemsl.","Cavendishia pubescens (Kunth) Hemsl.",5.920549,-75.463254,"WGS84","","SOUTH_AMERICA","Colombia","CO","Antioquia","Abejorral",,"Vereda San Pedro","HUMAN_OBSERVATION","PRESENT","ACCEPTED","Proyecto Hidroeléctrico El Buey","c06a8de3-42cf-4d78-a50e-5b8dc8934161","d42b7e5d-a3e5-4fc2-8b3d-105336d70898","Empresas Públicas de Medellín E.S.P. (EPM)",,"Luisa Fernanda Cuartas Palacio|Johan Camilo Gómez Patiño|Nancy Carolina Santafe Fajardo|Richard Gómez Monsalve|Alejandra Gutiérrez Ocampo|Sadis Sánchez|Jhony Angel Garcés|Blanca Ercilia Gonzalez Giraldo|Sandra Gaelle Castaño|Derlis Sánchez - Sebastián Giraldo Gómez|Jhon Jairo Colorado López",,"2017-09-15",2017,9,15,"Bosque de galería y/o ripario",1705.41,0,,"http://creativecommons.org/licenses/by-nc/4.0/legalcode",
"5835964086","Cavendishia pubescens (Kunth) Hemsl.","Cavendishia pubescens (Kunth) Hemsl.",5.920549,-75.463254,"WGS84","","SOUTH_AMERICA","Colombia","CO","Antioquia","Abejorral",,"Vereda San Pedro","HUMAN_OBSERVATION","PRESENT","ACCEPTED","Proyecto Hidroeléctrico El Buey","c06a8de3-42cf-4d78-a50e-5b8dc8934161","d42b7e5d-a3e5-4fc2-8b3d-105336d70898","Empresas Públicas de Medellín E.S.P. (EPM)",,"Luisa Fernanda Cuartas Palacio|Johan Camilo Gómez Patiño|Nancy Carolina Santafe Fajardo|Richard Gómez Monsalve|Alejandra Gutiérrez Ocampo|Sadis Sánchez|Jhony Angel Garcés|Blanca Ercilia Gonzalez Giraldo|Sandra Gaelle Castaño|Derlis Sánchez - Sebastián Giraldo Gómez|Jhon Jairo Colorado López",,"2017-09-15",2017,9,15,"Bosque de galería y/o ripario",1705.41,0,,"http://creativecommons.org/licenses/by-nc/4.0/legalcode",
"5835964248","Cavendishia pubescens (Kunth) Hemsl.","Cavendishia pubescens (Kunth) Hemsl.",5.920445,-75.463208,"WGS84","","SOUTH_AMERICA","Colombia","CO","Antioquia","Abejorral",,"Vereda San Pedro","HUMAN_OBSERVATION","PRESENT","ACCEPTED","Proyecto Hidroeléctrico El Buey","c06a8de3-42cf-4d78-a50e-5b8dc8934161","d42b7e5d-a3e5-4fc2-8b3d-105336d70898","Empresas Públicas de Medellín E.S.P. (EPM)",,"Luisa Fernanda Cuartas Palacio|Johan Camilo Gómez Patiño|Nancy Carolina Santafe Fajardo|Richard Gómez Monsalve|Alejandra Gutiérrez Ocampo|Sadis Sánchez|Jhony Angel Garcés|Blanca Ercilia Gonzalez Giraldo|Sandra Gaelle Castaño|Derlis Sánchez - Sebastián Giraldo Gómez|Jhon Jairo Colorado López",,"2017-09-15",2017,9,15,"Bosque de galería y/o ripario",1632.87,0,,"http://creativecommons.org/licenses/by-nc/4.0/legalcode",
"5835964249","Cavendishia pubescens (Kunth) Hemsl.","Cavendishia pubescens (Kunth) Hemsl.",5.920459,-75.463188,"WGS84","","SOUTH_AMERICA","Colombia","CO","Antioquia","Abejorral",,"Vereda San Pedro","HUMAN_OBSERVATION","PRESENT","ACCEPTED","Proyecto Hidroeléctrico El Buey","c06a8de3-42cf-4d78-a50e-5b8dc8934161","d42b7e5d-a3e5-4fc2-8b3d-105336d70898","Empresas Públicas de Medellín E.S.P. (EPM)",,"Luisa Fernanda Cuartas Palacio|Johan Camilo Gómez Patiño|Nancy Carolina Santafe Fajardo|Richard Gómez Monsalve|Alejandra Gutiérrez Ocampo|Sadis Sánchez|Jhony Angel Garcés|Blanca Ercilia Gonzalez Giraldo|Sandra Gaelle Castaño|Derlis Sánchez - Sebastián Giraldo Gómez|Jhon Jairo Colorado López",,"2017-09-15",2017,9,15,"Bosque de galería y/o ripario",1643.68,0,,"http://creativecommons.org/licenses/by-nc/4.0/legalcode",
"5835965399","Cavendishia pubescens (Kunth) Hemsl.","Cavendishia pubescens (Kunth) Hemsl.",5.933509,-75.461394,"WGS84","","SOUTH_AMERICA","Colombia","CO","Antioquia","Abejorral",,"Vereda San Pedro","HUMAN_OBSERVATION","PRESENT","ACCEPTED","Proyecto Hidroeléctrico El Buey","c06a8de3-42cf-4d78-a50e-5b8dc8934161","d42b7e5d-a3e5-4fc2-8b3d-105336d70898","Empresas Públicas de Medellín E.S.P. (EPM)",,"Luisa Fernanda Cuartas Palacio|Johan Camilo Gómez Patiño|Nancy Carolina Santafe Fajardo|Richard Gómez Monsalve|Alejandra Gutiérrez Ocampo|Sadis Sánchez|Jhony Angel Garcés|Blanca Ercilia Gonzalez Giraldo|Sandra Gaelle Castaño|Derlis Sánchez - Sebastián Giraldo Gómez|Jhon Jairo Colorado López",,"2017-09-16",2017,9,16,"Bosque abierto",2045.46,0,,"http://creativecommons.org/licenses/by-nc/4.0/legalcode",
"5835965971","Cavendishia pubescens (Kunth) Hemsl.","Cavendishia pubescens (Kunth) Hemsl.",5.919886,-75.450242,"WGS84","","SOUTH_AMERICA","Colombia","CO","Antioquia","Abejorral",,"Vereda El Guaico","HUMAN_OBSERVATION","PRESENT","ACCEPTED","Proyecto Hidroeléctrico El Buey","c06a8de3-42cf-4d78-a50e-5b8dc8934161","d42b7e5d-a3e5-4fc2-8b3d-105336d70898","Empresas Públicas de Medellín E.S.P. (EPM)",,"Luisa Fernanda Cuartas Palacio|Johan Camilo Gómez Patiño|Nancy Carolina Santafe Fajardo|Richard Gómez Monsalve|Alejandra Gutiérrez Ocampo|Sadis Sánchez|Jhony Angel Garcés|Blanca Ercilia Gonzalez Giraldo|Sandra Gaelle Castaño|Derlis Sánchez - Sebastián Giraldo Gómez|Jhon Jairo Colorado López",,"2017-09-11",2017,9,11,"Mosaico de pastos y cultivos",2117.97,0,,"http://creativecommons.org/licenses/by-nc/4.0/legalcode",
"5835966405","Cavendishia pubescens (Kunth) Hemsl.","Cavendishia pubescens (Kunth) Hemsl.",5.933495,-75.461505,"WGS84","","SOUTH_AMERICA","Colombia","CO","Antioquia","Abejorral",,"Vereda San Pedro","HUMAN_OBSERVATION","PRESENT","ACCEPTED","Proyecto Hidroeléctrico El Buey","c06a8de3-42cf-4d78-a50e-5b8dc8934161","d42b7e5d-a3e5-4fc2-8b3d-105336d70898","Empresas Públicas de Medellín E.S.P. (EPM)",,"Luisa Fernanda Cuartas Palacio|Johan Camilo Gómez Patiño|Nancy Carolina Santafe Fajardo|Richard Gómez Monsalve|Alejandra Gutiérrez Ocampo|Sadis Sánchez|Jhony Angel Garcés|Blanca Ercilia Gonzalez Giraldo|Sandra Gaelle Castaño|Derlis Sánchez - Sebastián Giraldo Gómez|Jhon Jairo Colorado López",,"2017-09-16",2017,9,16,"Bosque abierto",2052.64,0,,"http://creativecommons.org/licenses/by-nc/4.0/legalcode",
"5835966622","Cavendishia pubescens (Kunth) Hemsl.","Cavendishia pubescens (Kunth) Hemsl.",5.920538,-75.463354,"WGS84","","SOUTH_AMERICA","Colombia","CO","Antioquia","Abejorral",,"Vereda San Pedro","HUMAN_OBSERVATION","PRESENT","ACCEPTED","Proyecto Hidroeléctrico El Buey","c06a8de3-42cf-4d78-a50e-5b8dc8934161","d42b7e5d-a3e5-4fc2-8b3d-105336d70898","Empresas Públicas de Medellín E.S.P. (EPM)",,"Luisa Fernanda Cuartas Palacio|Johan Camilo Gómez Patiño|Nancy Carolina Santafe Fajardo|Richard Gómez Monsalve|Alejandra Gutiérrez Ocampo|Sadis Sánchez|Jhony Angel Garcés|Blanca Ercilia Gonzalez Giraldo|Sandra Gaelle Castaño|Derlis Sánchez - Sebastián Giraldo Gómez|Jhon Jairo Colorado López",,"2017-09-15",2017,9,15,"Bosque de galería y/o ripario",1648.51,0,,"http://creativecommons.org/licenses/by-nc/4.0/legalcode",
"5835967391","Cavendishia pubescens (Kunth) Hemsl.","Cavendishia pubescens (Kunth) Hemsl.",5.933549,-75.461556,"WGS84","","SOUTH_AMERICA","Colombia","CO","Antioquia","Abejorral",,"Vereda San Pedro","HUMAN_OBSERVATION","PRESENT","ACCEPTED","Proyecto Hidroeléctrico El Buey","c06a8de3-42cf-4d78-a50e-5b8dc8934161","d42b7e5d-a3e5-4fc2-8b3d-105336d70898","Empresas Públicas de Medellín E.S.P. (EPM)",,"Luisa Fernanda Cuartas Palacio|Johan Camilo Gómez Patiño|Nancy Carolina Santafe Fajardo|Richard Gómez Monsalve|Alejandra Gutiérrez Ocampo|Sadis Sánchez|Jhony Angel Garcés|Blanca Ercilia Gonzalez Giraldo|Sandra Gaelle Castaño|Derlis Sánchez - Sebastián Giraldo Gómez|Jhon Jairo Colorado López",,"2017-09-16",2017,9,16,"Bosque abierto",2048.36,0,,"http://creativecommons.org/licenses/by-nc/4.0/legalcode",
"5835967813","Cavendishia pubescens (Kunth) Hemsl.","Cavendishia pubescens (Kunth) Hemsl.",5.933554,-75.461403,"WGS84","","SOUTH_AMERICA","Colombia","CO","Antioquia","Abejorral",,"Vereda San Pedro","HUMAN_OBSERVATION","PRESENT","ACCEPTED","Proyecto Hidroeléctrico El Buey","c06a8de3-42cf-4d78-a50e-5b8dc8934161","d42b7e5d-a3e5-4fc2-8b3d-105336d70898","Empresas Públicas de Medellín E.S.P. (EPM)",,"Luisa Fernanda Cuartas Palacio|Johan Camilo Gómez Patiño|Nancy Carolina Santafe Fajardo|Richard Gómez Monsalve|Alejandra Gutiérrez Ocampo|Sadis Sánchez|Jhony Angel Garcés|Blanca Ercilia Gonzalez Giraldo|Sandra Gaelle Castaño|Derlis Sánchez - Sebastián Giraldo Gómez|Jhon Jairo Colorado López",,"2017-09-16",2017,9,16,"Bosque abierto",2047.49,0,,"http://creativecommons.org/licenses/by-nc/4.0/legalcode",
"5835969896","Cavendishia pubescens (Kunth) Hemsl.","Cavendishia pubescens (Kunth) Hemsl.",5.933465,-75.461436,"WGS84","","SOUTH_AMERICA","Colombia","CO","Antioquia","Abejorral",,"Vereda San Pedro","HUMAN_OBSERVATION","PRESENT","ACCEPTED","Proyecto Hidroeléctrico El Buey","c06a8de3-42cf-4d78-a50e-5b8dc8934161","d42b7e5d-a3e5-4fc2-8b3d-105336d70898","Empresas Públicas de Medellín E.S.P. (EPM)",,"Luisa Fernanda Cuartas Palacio|Johan Camilo Gómez Patiño|Nancy Carolina Santafe Fajardo|Richard Gómez Monsalve|Alejandra Gutiérrez Ocampo|Sadis Sánchez|Jhony Angel Garcés|Blanca Ercilia Gonzalez Giraldo|Sandra Gaelle Castaño|Derlis Sánchez - Sebastián Giraldo Gómez|Jhon Jairo Colorado López",,"2017-09-16",2017,9,16,"Bosque abierto",2047.39,0,,"http://creativecommons.org/licenses/by-nc/4.0/legalcode",
"5835969897","Cavendishia pubescens (Kunth) Hemsl.","Cavendishia pubescens (Kunth) Hemsl.",5.933465,-75.461436,"WGS84","","SOUTH_AMERICA","Colombia","CO","Antioquia","Abejorral",,"Vereda San Pedro","HUMAN_OBSERVATION","PRESENT","ACCEPTED","Proyecto Hidroeléctrico El Buey","c06a8de3-42cf-4d78-a50e-5b8dc8934161","d42b7e5d-a3e5-4fc2-8b3d-105336d70898","Empresas Públicas de Medellín E.S.P. (EPM)",,"Luisa Fernanda Cuartas Palacio|Johan Camilo Gómez Patiño|Nancy Carolina Santafe Fajardo|Richard Gómez Monsalve|Alejandra Gutiérrez Ocampo|Sadis Sánchez|Jhony Angel Garcés|Blanca Ercilia Gonzalez Giraldo|Sandra Gaelle Castaño|Derlis Sánchez - Sebastián Giraldo Gómez|Jhon Jairo Colorado López",,"2017-09-16",2017,9,16,"Bosque abierto",2047.39,0,,"http://creativecommons.org/licenses/by-nc/4.0/legalcode",
"5835970625","Cavendishia pubescens (Kunth) Hemsl.","Cavendishia pubescens (Kunth) Hemsl.",5.933438,-75.461576,"WGS84","","SOUTH_AMERICA","Colombia","CO","Antioquia","Abejorral",,"Vereda San Pedro","HUMAN_OBSERVATION","PRESENT","ACCEPTED","Proyecto Hidroeléctrico El Buey","c06a8de3-42cf-4d78-a50e-5b8dc8934161","d42b7e5d-a3e5-4fc2-8b3d-105336d70898","Empresas Públicas de Medellín E.S.P. (EPM)",,"Luisa Fernanda Cuartas Palacio|Johan Camilo Gómez Patiño|Nancy Carolina Santafe Fajardo|Richard Gómez Monsalve|Alejandra Gutiérrez Ocampo|Sadis Sánchez|Jhony Angel Garcés|Blanca Ercilia Gonzalez Giraldo|Sandra Gaelle Castaño|Derlis Sánchez - Sebastián Giraldo Gómez|Jhon Jairo Colorado López",,"2017-09-16",2017,9,16,"Bosque abierto",2054.51,0,,"http://creativecommons.org/licenses/by-nc/4.0/legalcode",
"5835971128","Cavendishia pubescens (Kunth) Hemsl.","Cavendishia pubescens (Kunth) Hemsl.",5.933492,-75.461524,"WGS84","","SOUTH_AMERICA","Colombia","CO","Antioquia","Abejorral",,"Vereda San Pedro","HUMAN_OBSERVATION","PRESENT","ACCEPTED","Proyecto Hidroeléctrico El Buey","c06a8de3-42cf-4d78-a50e-5b8dc8934161","d42b7e5d-a3e5-4fc2-8b3d-105336d70898","Empresas Públicas de Medellín E.S.P. (EPM)",,"Luisa Fernanda Cuartas Palacio|Johan Camilo Gómez Patiño|Nancy Carolina Santafe Fajardo|Richard Gómez Monsalve|Alejandra Gutiérrez Ocampo|Sadis Sánchez|Jhony Angel Garcés|Blanca Ercilia Gonzalez Giraldo|Sandra Gaelle Castaño|Derlis Sánchez - Sebastián Giraldo Gómez|Jhon Jairo Colorado López",,"2017-09-16",2017,9,16,"Bosque abierto",2052.4,0,,"http://creativecommons.org/licenses/by-nc/4.0/legalcode",
"5835971130","Cavendishia pubescens (Kunth) Hemsl.","Cavendishia pubescens (Kunth) Hemsl.",5.933492,-75.461524,"WGS84","","SOUTH_AMERICA","Colombia","CO","Antioquia","Abejorral",,"Vereda San Pedro","HUMAN_OBSERVATION","PRESENT","ACCEPTED","Proyecto Hidroeléctrico El Buey","c06a8de3-42cf-4d78-a50e-5b8dc8934161","d42b7e5d-a3e5-4fc2-8b3d-105336d70898","Empresas Públicas de Medellín E.S.P. (EPM)",,"Luisa Fernanda Cuartas Palacio|Johan Camilo Gómez Patiño|Nancy Carolina Santafe Fajardo|Richard Gómez Monsalve|Alejandra Gutiérrez Ocampo|Sadis Sánchez|Jhony Angel Garcés|Blanca Ercilia Gonzalez Giraldo|Sandra Gaelle Castaño|Derlis Sánchez - Sebastián Giraldo Gómez|Jhon Jairo Colorado López",,"2017-09-16",2017,9,16,"Bosque abierto",2052.4,0,,"http://creativecommons.org/licenses/by-nc/4.0/legalcode",
"5835971832","Cavendishia pubescens (Kunth) Hemsl.","Cavendishia pubescens (Kunth) Hemsl.",5.933533,-75.461468,"WGS84","","SOUTH_AMERICA","Colombia","CO","Antioquia","Abejorral",,"Vereda San Pedro","HUMAN_OBSERVATION","PRESENT","ACCEPTED","Proyecto Hidroeléctrico El Buey","c06a8de3-42cf-4d78-a50e-5b8dc8934161","d42b7e5d-a3e5-4fc2-8b3d-105336d70898","Empresas Públicas de Medellín E.S.P. (EPM)",,"Luisa Fernanda Cuartas Palacio|Johan Camilo Gómez Patiño|Nancy Carolina Santafe Fajardo|Richard Gómez Monsalve|Alejandra Gutiérrez Ocampo|Sadis Sánchez|Jhony Angel Garcés|Blanca Ercilia Gonzalez Giraldo|Sandra Gaelle Castaño|Derlis Sánchez - Sebastián Giraldo Gómez|Jhon Jairo Colorado López",,"2017-09-16",2017,9,16,"Bosque abierto",2053.01,0,,"http://creativecommons.org/licenses/by-nc/4.0/legalcode",
"5835971835","Cavendishia pubescens (Kunth) Hemsl.","Cavendishia pubescens (Kunth) Hemsl.",5.933533,-75.461468,"WGS84","","SOUTH_AMERICA","Colombia","CO","Antioquia","Abejorral",,"Vereda San Pedro","HUMAN_OBSERVATION","PRESENT","ACCEPTED","Proyecto Hidroeléctrico El Buey","c06a8de3-42cf-4d78-a50e-5b8dc8934161","d42b7e5d-a3e5-4fc2-8b3d-105336d70898","Empresas Públicas de Medellín E.S.P. (EPM)",,"Luisa Fernanda Cuartas Palacio|Johan Camilo Gómez Patiño|Nancy Carolina Santafe Fajardo|Richard Gómez Monsalve|Alejandra Gutiérrez Ocampo|Sadis Sánchez|Jhony Angel Garcés|Blanca Ercilia Gonzalez Giraldo|Sandra Gaelle Castaño|Derlis Sánchez - Sebastián Giraldo Gómez|Jhon Jairo Colorado López",,"2017-09-16",2017,9,16,"Bosque abierto",2053.01,0,,"http://creativecommons.org/licenses/by-nc/4.0/legalcode",
"5835971836","Cavendishia pubescens (Kunth) Hemsl.","Cavendishia pubescens (Kunth) Hemsl.",5.933533,-75.461468,"WGS84","","SOUTH_AMERICA","Colombia","CO","Antioquia","Abejorral",,"Vereda San Pedro","HUMAN_OBSERVATION","PRESENT","ACCEPTED","Proyecto Hidroeléctrico El Buey","c06a8de3-42cf-4d78-a50e-5b8dc8934161","d42b7e5d-a3e5-4fc2-8b3d-105336d70898","Empresas Públicas de Medellín E.S.P. (EPM)",,"Luisa Fernanda Cuartas Palacio|Johan Camilo Gómez Patiño|Nancy Carolina Santafe Fajardo|Richard Gómez Monsalve|Alejandra Gutiérrez Ocampo|Sadis Sánchez|Jhony Angel Garcés|Blanca Ercilia Gonzalez Giraldo|Sandra Gaelle Castaño|Derlis Sánchez - Sebastián Giraldo Gómez|Jhon Jairo Colorado López",,"2017-09-16",2017,9,16,"Bosque abierto",2053.01,0,,"http://creativecommons.org/licenses/by-nc/4.0/legalcode",
"5835972360","Cavendishia pubescens (Kunth) Hemsl.","Cavendishia pubescens (Kunth) Hemsl.",5.93343,-75.461385,"WGS84","","SOUTH_AMERICA","Colombia","CO","Antioquia","Abejorral",,"Vereda San Pedro","HUMAN_OBSERVATION","PRESENT","ACCEPTED","Proyecto Hidroeléctrico El Buey","c06a8de3-42cf-4d78-a50e-5b8dc8934161","d42b7e5d-a3e5-4fc2-8b3d-105336d70898","Empresas Públicas de Medellín E.S.P. (EPM)",,"Luisa Fernanda Cuartas Palacio|Johan Camilo Gómez Patiño|Nancy Carolina Santafe Fajardo|Richard Gómez Monsalve|Alejandra Gutiérrez Ocampo|Sadis Sánchez|Jhony Angel Garcés|Blanca Ercilia Gonzalez Giraldo|Sandra Gaelle Castaño|Derlis Sánchez - Sebastián Giraldo Gómez|Jhon Jairo Colorado López",,"2017-09-16",2017,9,16,"Bosque abierto",2050.02,0,,"http://creativecommons.org/licenses/by-nc/4.0/legalcode",
"5835972361","Cavendishia pubescens (Kunth) Hemsl.","Cavendishia pubescens (Kunth) Hemsl.",5.93343,-75.461385,"WGS84","","SOUTH_AMERICA","Colombia","CO","Antioquia","Abejorral",,"Vereda San Pedro","HUMAN_OBSERVATION","PRESENT","ACCEPTED","Proyecto Hidroeléctrico El Buey","c06a8de3-42cf-4d78-a50e-5b8dc8934161","d42b7e5d-a3e5-4fc2-8b3d-105336d70898","Empresas Públicas de Medellín E.S.P. (EPM)",,"Luisa Fernanda Cuartas Palacio|Johan Camilo Gómez Patiño|Nancy Carolina Santafe Fajardo|Richard Gómez Monsalve|Alejandra Gutiérrez Ocampo|Sadis Sánchez|Jhony Angel Garcés|Blanca Ercilia Gonzalez Giraldo|Sandra Gaelle Castaño|Derlis Sánchez - Sebastián Giraldo Gómez|Jhon Jairo Colorado López",,"2017-09-16",2017,9,16,"Bosque abierto",2050.02,0,,"http://creativecommons.org/licenses/by-nc/4.0/legalcode",
"5835973051","Cavendishia pubescens (Kunth) Hemsl.","Cavendishia pubescens (Kunth) Hemsl.",5.933602,-75.461392,"WGS84","","SOUTH_AMERICA","Colombia","CO","Antioquia","Abejorral",,"Vereda San Pedro","HUMAN_OBSERVATION","PRESENT","ACCEPTED","Proyecto Hidroeléctrico El Buey","c06a8de3-42cf-4d78-a50e-5b8dc8934161","d42b7e5d-a3e5-4fc2-8b3d-105336d70898","Empresas Públicas de Medellín E.S.P. (EPM)",,"Luisa Fernanda Cuartas Palacio|Johan Camilo Gómez Patiño|Nancy Carolina Santafe Fajardo|Richard Gómez Monsalve|Alejandra Gutiérrez Ocampo|Sadis Sánchez|Jhony Angel Garcés|Blanca Ercilia Gonzalez Giraldo|Sandra Gaelle Castaño|Derlis Sánchez - Sebastián Giraldo Gómez|Jhon Jairo Colorado López",,"2017-09-16",2017,9,16,"Bosque abierto",2049.81,0,,"http://creativecommons.org/licenses/by-nc/4.0/legalcode",
"5835973052","Cavendishia pubescens (Kunth) Hemsl.","Cavendishia pubescens (Kunth) Hemsl.",5.933447,-75.461823,"WGS84","","SOUTH_AMERICA","Colombia","CO","Antioquia","Abejorral",,"Vereda San Pedro","HUMAN_OBSERVATION","PRESENT","ACCEPTED","Proyecto Hidroeléctrico El Buey","c06a8de3-42cf-4d78-a50e-5b8dc8934161","d42b7e5d-a3e5-4fc2-8b3d-105336d70898","Empresas Públicas de Medellín E.S.P. (EPM)",,"Luisa Fernanda Cuartas Palacio|Johan Camilo Gómez Patiño|Nancy Carolina Santafe Fajardo|Richard Gómez Monsalve|Alejandra Gutiérrez Ocampo|Sadis Sánchez|Jhony Angel Garcés|Blanca Ercilia Gonzalez Giraldo|Sandra Gaelle Castaño|Derlis Sánchez - Sebastián Giraldo Gómez|Jhon Jairo Colorado López",,"2017-09-16",2017,9,16,"Bosque abierto",2045.3,0,,"http://creativecommons.org/licenses/by-nc/4.0/legalcode",
"5835973997","Cavendishia pubescens (Kunth) Hemsl.","Cavendishia pubescens (Kunth) Hemsl.",5.920486,-75.463318,"WGS84","","SOUTH_AMERICA","Colombia","CO","Antioquia","Abejorral",,"Vereda San Pedro","HUMAN_OBSERVATION","PRESENT","ACCEPTED","Proyecto Hidroeléctrico El Buey","c06a8de3-42cf-4d78-a50e-5b8dc8934161","d42b7e5d-a3e5-4fc2-8b3d-105336d70898","Empresas Públicas de Medellín E.S.P. (EPM)",,"Luisa Fernanda Cuartas Palacio|Johan Camilo Gómez Patiño|Nancy Carolina Santafe Fajardo|Richard Gómez Monsalve|Alejandra Gutiérrez Ocampo|Sadis Sánchez|Jhony Angel Garcés|Blanca Ercilia Gonzalez Giraldo|Sandra Gaelle Castaño|Derlis Sánchez - Sebastián Giraldo Gómez|Jhon Jairo Colorado López",,"2017-09-15",2017,9,15,"Bosque de galería y/o ripario",1667,0,,"http://creativecommons.org/licenses/by-nc/4.0/legalcode",
"5835974485","Cavendishia pubescens (Kunth) Hemsl.","Cavendishia pubescens (Kunth) Hemsl.",5.920538,-75.463258,"WGS84","","SOUTH_AMERICA","Colombia","CO","Antioquia","Abejorral",,"Vereda San Pedro","HUMAN_OBSERVATION","PRESENT","ACCEPTED","Proyecto Hidroeléctrico El Buey","c06a8de3-42cf-4d78-a50e-5b8dc8934161","d42b7e5d-a3e5-4fc2-8b3d-105336d70898","Empresas Públicas de Medellín E.S.P. (EPM)",,"Luisa Fernanda Cuartas Palacio|Johan Camilo Gómez Patiño|Nancy Carolina Santafe Fajardo|Richard Gómez Monsalve|Alejandra Gutiérrez Ocampo|Sadis Sánchez|Jhony Angel Garcés|Blanca Ercilia Gonzalez Giraldo|Sandra Gaelle Castaño|Derlis Sánchez - Sebastián Giraldo Gómez|Jhon Jairo Colorado López",,"2017-09-15",2017,9,15,"Bosque de galería y/o ripario",1667,0,,"http://creativecommons.org/licenses/by-nc/4.0/legalcode",
"5835974797","Cavendishia pubescens (Kunth) Hemsl.","Cavendishia pubescens (Kunth) Hemsl.",5.93342,-75.461708,"WGS84","","SOUTH_AMERICA","Colombia","CO","Antioquia","Abejorral",,"Vereda San Pedro","HUMAN_OBSERVATION","PRESENT","ACCEPTED","Proyecto Hidroeléctrico El Buey","c06a8de3-42cf-4d78-a50e-5b8dc8934161","d42b7e5d-a3e5-4fc2-8b3d-105336d70898","Empresas Públicas de Medellín E.S.P. (EPM)",,"Luisa Fernanda Cuartas Palacio|Johan Camilo Gómez Patiño|Nancy Carolina Santafe Fajardo|Richard Gómez Monsalve|Alejandra Gutiérrez Ocampo|Sadis Sánchez|Jhony Angel Garcés|Blanca Ercilia Gonzalez Giraldo|Sandra Gaelle Castaño|Derlis Sánchez - Sebastián Giraldo Gómez|Jhon Jairo Colorado López",,"2017-09-16",2017,9,16,"Bosque abierto",2045.98,0,,"http://creativecommons.org/licenses/by-nc/4.0/legalcode",
"5835974798","Cavendishia pubescens (Kunth) Hemsl.","Cavendishia pubescens (Kunth) Hemsl.",5.93342,-75.461708,"WGS84","","SOUTH_AMERICA","Colombia","CO","Antioquia","Abejorral",,"Vereda San Pedro","HUMAN_OBSERVATION","PRESENT","ACCEPTED","Proyecto Hidroeléctrico El Buey","c06a8de3-42cf-4d78-a50e-5b8dc8934161","d42b7e5d-a3e5-4fc2-8b3d-105336d70898","Empresas Públicas de Medellín E.S.P. (EPM)",,"Luisa Fernanda Cuartas Palacio|Johan Camilo Gómez Patiño|Nancy Carolina Santafe Fajardo|Richard Gómez Monsalve|Alejandra Gutiérrez Ocampo|Sadis Sánchez|Jhony Angel Garcés|Blanca Ercilia Gonzalez Giraldo|Sandra Gaelle Castaño|Derlis Sánchez - Sebastián Giraldo Gómez|Jhon Jairo Colorado López",,"2017-09-16",2017,9,16,"Bosque abierto",2045.98,0,,"http://creativecommons.org/licenses/by-nc/4.0/legalcode",
"5835974799","Cavendishia pubescens (Kunth) Hemsl.","Cavendishia pubescens (Kunth) Hemsl.",5.93342,-75.461708,"WGS84","","SOUTH_AMERICA","Colombia","CO","Antioquia","Abejorral",,"Vereda San Pedro","HUMAN_OBSERVATION","PRESENT","ACCEPTED","Proyecto Hidroeléctrico El Buey","c06a8de3-42cf-4d78-a50e-5b8dc8934161","d42b7e5d-a3e5-4fc2-8b3d-105336d70898","Empresas Públicas de Medellín E.S.P. (EPM)",,"Luisa Fernanda Cuartas Palacio|Johan Camilo Gómez Patiño|Nancy Carolina Santafe Fajardo|Richard Gómez Monsalve|Alejandra Gutiérrez Ocampo|Sadis Sánchez|Jhony Angel Garcés|Blanca Ercilia Gonzalez Giraldo|Sandra Gaelle Castaño|Derlis Sánchez - Sebastián Giraldo Gómez|Jhon Jairo Colorado López",,"2017-09-16",2017,9,16,"Bosque abierto",2045.98,0,,"http://creativecommons.org/licenses/by-nc/4.0/legalcode",
"5835975626","Cavendishia pubescens (Kunth) Hemsl.","Cavendishia pubescens (Kunth) Hemsl.",5.9335,-75.461387,"WGS84","","SOUTH_AMERICA","Colombia","CO","Antioquia","Abejorral",,"Vereda San Pedro","HUMAN_OBSERVATION","PRESENT","ACCEPTED","Proyecto Hidroeléctrico El Buey","c06a8de3-42cf-4d78-a50e-5b8dc8934161","d42b7e5d-a3e5-4fc2-8b3d-105336d70898","Empresas Públicas de Medellín E.S.P. (EPM)",,"Luisa Fernanda Cuartas Palacio|Johan Camilo Gómez Patiño|Nancy Carolina Santafe Fajardo|Richard Gómez Monsalve|Alejandra Gutiérrez Ocampo|Sadis Sánchez|Jhony Angel Garcés|Blanca Ercilia Gonzalez Giraldo|Sandra Gaelle Castaño|Derlis Sánchez - Sebastián Giraldo Gómez|Jhon Jairo Colorado López",,"2017-09-16",2017,9,16,"Bosque abierto",2045,0,,"http://creativecommons.org/licenses/by-nc/4.0/legalcode",
"5835975630","Cavendishia pubescens (Kunth) Hemsl.","Cavendishia pubescens (Kunth) Hemsl.",5.933372,-75.461735,"WGS84","","SOUTH_AMERICA","Colombia","CO","Antioquia","Abejorral",,"Vereda San Pedro","HUMAN_OBSERVATION","PRESENT","ACCEPTED","Proyecto Hidroeléctrico El Buey","c06a8de3-42cf-4d78-a50e-5b8dc8934161","d42b7e5d-a3e5-4fc2-8b3d-105336d70898","Empresas Públicas de Medellín E.S.P. (EPM)",,"Luisa Fernanda Cuartas Palacio|Johan Camilo Gómez Patiño|Nancy Carolina Santafe Fajardo|Richard Gómez Monsalve|Alejandra Gutiérrez Ocampo|Sadis Sánchez|Jhony Angel Garcés|Blanca Ercilia Gonzalez Giraldo|Sandra Gaelle Castaño|Derlis Sánchez - Sebastián Giraldo Gómez|Jhon Jairo Colorado López",,"2017-09-16",2017,9,16,"Bosque abierto",2049.85,0,,"http://creativecommons.org/licenses/by-nc/4.0/legalcode",
"5835975842","Cavendishia pubescens (Kunth) Hemsl.","Cavendishia pubescens (Kunth) Hemsl.",5.920478,-75.463237,"WGS84","","SOUTH_AMERICA","Colombia","CO","Antioquia","Abejorral",,"Vereda San Pedro","HUMAN_OBSERVATION","PRESENT","ACCEPTED","Proyecto Hidroeléctrico El Buey","c06a8de3-42cf-4d78-a50e-5b8dc8934161","d42b7e5d-a3e5-4fc2-8b3d-105336d70898","Empresas Públicas de Medellín E.S.P. (EPM)",,"Luisa Fernanda Cuartas Palacio|Johan Camilo Gómez Patiño|Nancy Carolina Santafe Fajardo|Richard Gómez Monsalve|Alejandra Gutiérrez Ocampo|Sadis Sánchez|Jhony Angel Garcés|Blanca Ercilia Gonzalez Giraldo|Sandra Gaelle Castaño|Derlis Sánchez - Sebastián Giraldo Gómez|Jhon Jairo Colorado López",,"2017-09-15",2017,9,15,"Bosque de galería y/o ripario",1634.46,0,,"http://creativecommons.org/licenses/by-nc/4.0/legalcode",
"5835975909","Cavendishia pubescens (Kunth) Hemsl.","Cavendishia pubescens (Kunth) Hemsl.",5.928625,-75.450184,"WGS84","","SOUTH_AMERICA","Colombia","CO","Antioquia","Abejorral",,"Vereda El Guaico","HUMAN_OBSERVATION","PRESENT","ACCEPTED","Proyecto Hidroeléctrico El Buey","c06a8de3-42cf-4d78-a50e-5b8dc8934161","d42b7e5d-a3e5-4fc2-8b3d-105336d70898","Empresas Públicas de Medellín E.S.P. (EPM)",,"Luisa Fernanda Cuartas Palacio|Johan Camilo Gómez Patiño|Nancy Carolina Santafe Fajardo|Richard Gómez Monsalve|Alejandra Gutiérrez Ocampo|Sadis Sánchez|Jhony Angel Garcés|Blanca Ercilia Gonzalez Giraldo|Sandra Gaelle Castaño|Derlis Sánchez - Sebastián Giraldo Gómez|Jhon Jairo Colorado López",,"2017-09-11",2017,9,11,"Bosque de galería y/o ripario",2101.75,0,,"http://creativecommons.org/licenses/by-nc/4.0/legalcode",
"5835977257","Cavendishia pubescens (Kunth) Hemsl.","Cavendishia pubescens (Kunth) Hemsl.",5.933555,-75.461382,"WGS84","","SOUTH_AMERICA","Colombia","CO","Antioquia","Abejorral",,"Vereda San Pedro","HUMAN_OBSERVATION","PRESENT","ACCEPTED","Proyecto Hidroeléctrico El Buey","c06a8de3-42cf-4d78-a50e-5b8dc8934161","d42b7e5d-a3e5-4fc2-8b3d-105336d70898","Empresas Públicas de Medellín E.S.P. (EPM)",,"Luisa Fernanda Cuartas Palacio|Johan Camilo Gómez Patiño|Nancy Carolina Santafe Fajardo|Richard Gómez Monsalve|Alejandra Gutiérrez Ocampo|Sadis Sánchez|Jhony Angel Garcés|Blanca Ercilia Gonzalez Giraldo|Sandra Gaelle Castaño|Derlis Sánchez - Sebastián Giraldo Gómez|Jhon Jairo Colorado López",,"2017-09-16",2017,9,16,"Bosque abierto",2044.7,0,,"http://creativecommons.org/licenses/by-nc/4.0/legalcode",
"5835977258","Cavendishia pubescens (Kunth) Hemsl.","Cavendishia pubescens (Kunth) Hemsl.",5.933555,-75.461382,"WGS84","","SOUTH_AMERICA","Colombia","CO","Antioquia","Abejorral",,"Vereda San Pedro","HUMAN_OBSERVATION","PRESENT","ACCEPTED","Proyecto Hidroeléctrico El Buey","c06a8de3-42cf-4d78-a50e-5b8dc8934161","d42b7e5d-a3e5-4fc2-8b3d-105336d70898","Empresas Públicas de Medellín E.S.P. (EPM)",,"Luisa Fernanda Cuartas Palacio|Johan Camilo Gómez Patiño|Nancy Carolina Santafe Fajardo|Richard Gómez Monsalve|Alejandra Gutiérrez Ocampo|Sadis Sánchez|Jhony Angel Garcés|Blanca Ercilia Gonzalez Giraldo|Sandra Gaelle Castaño|Derlis Sánchez - Sebastián Giraldo Gómez|Jhon Jairo Colorado López",,"2017-09-16",2017,9,16,"Bosque abierto",2044.7,0,,"http://creativecommons.org/licenses/by-nc/4.0/legalcode",
"5835977263","Cavendishia pubescens (Kunth) Hemsl.","Cavendishia pubescens (Kunth) Hemsl.",5.933555,-75.461382,"WGS84","","SOUTH_AMERICA","Colombia","CO","Antioquia","Abejorral",,"Vereda San Pedro","HUMAN_OBSERVATION","PRESENT","ACCEPTED","Proyecto Hidroeléctrico El Buey","c06a8de3-42cf-4d78-a50e-5b8dc8934161","d42b7e5d-a3e5-4fc2-8b3d-105336d70898","Empresas Públicas de Medellín E.S.P. (EPM)",,"Luisa Fernanda Cuartas Palacio|Johan Camilo Gómez Patiño|Nancy Carolina Santafe Fajardo|Richard Gómez Monsalve|Alejandra Gutiérrez Ocampo|Sadis Sánchez|Jhony Angel Garcés|Blanca Ercilia Gonzalez Giraldo|Sandra Gaelle Castaño|Derlis Sánchez - Sebastián Giraldo Gómez|Jhon Jairo Colorado López",,"2017-09-16",2017,9,16,"Bosque abierto",2044.7,0,,"http://creativecommons.org/licenses/by-nc/4.0/legalcode",
"5835978469","Cavendishia pubescens (Kunth) Hemsl.","Cavendishia pubescens (Kunth) Hemsl.",5.933489,-75.461689,"WGS84","","SOUTH_AMERICA","Colombia","CO","Antioquia","Abejorral",,"Vereda San Pedro","HUMAN_OBSERVATION","PRESENT","ACCEPTED","Proyecto Hidroeléctrico El Buey","c06a8de3-42cf-4d78-a50e-5b8dc8934161","d42b7e5d-a3e5-4fc2-8b3d-105336d70898","Empresas Públicas de Medellín E.S.P. (EPM)",,"Luisa Fernanda Cuartas Palacio|Johan Camilo Gómez Patiño|Nancy Carolina Santafe Fajardo|Richard Gómez Monsalve|Alejandra Gutiérrez Ocampo|Sadis Sánchez|Jhony Angel Garcés|Blanca Ercilia Gonzalez Giraldo|Sandra Gaelle Castaño|Derlis Sánchez - Sebastián Giraldo Gómez|Jhon Jairo Colorado López",,"2017-09-16",2017,9,16,"Bosque abierto",2045,0,,"http://creativecommons.org/licenses/by-nc/4.0/legalcode",
"5835978482","Cavendishia pubescens (Kunth) Hemsl.","Cavendishia pubescens (Kunth) Hemsl.",5.933489,-75.461689,"WGS84","","SOUTH_AMERICA","Colombia","CO","Antioquia","Abejorral",,"Vereda San Pedro","HUMAN_OBSERVATION","PRESENT","ACCEPTED","Proyecto Hidroeléctrico El Buey","c06a8de3-42cf-4d78-a50e-5b8dc8934161","d42b7e5d-a3e5-4fc2-8b3d-105336d70898","Empresas Públicas de Medellín E.S.P. (EPM)",,"Luisa Fernanda Cuartas Palacio|Johan Camilo Gómez Patiño|Nancy Carolina Santafe Fajardo|Richard Gómez Monsalve|Alejandra Gutiérrez Ocampo|Sadis Sánchez|Jhony Angel Garcés|Blanca Ercilia Gonzalez Giraldo|Sandra Gaelle Castaño|Derlis Sánchez - Sebastián Giraldo Gómez|Jhon Jairo Colorado López",,"2017-09-16",2017,9,16,"Bosque abierto",2045,0,,"http://creativecommons.org/licenses/by-nc/4.0/legalcode",
"5835978484","Cavendishia pubescens (Kunth) Hemsl.","Cavendishia pubescens (Kunth) Hemsl.",5.933489,-75.461689,"WGS84","","SOUTH_AMERICA","Colombia","CO","Antioquia","Abejorral",,"Vereda San Pedro","HUMAN_OBSERVATION","PRESENT","ACCEPTED","Proyecto Hidroeléctrico El Buey","c06a8de3-42cf-4d78-a50e-5b8dc8934161","d42b7e5d-a3e5-4fc2-8b3d-105336d70898","Empresas Públicas de Medellín E.S.P. (EPM)",,"Luisa Fernanda Cuartas Palacio|Johan Camilo Gómez Patiño|Nancy Carolina Santafe Fajardo|Richard Gómez Monsalve|Alejandra Gutiérrez Ocampo|Sadis Sánchez|Jhony Angel Garcés|Blanca Ercilia Gonzalez Giraldo|Sandra Gaelle Castaño|Derlis Sánchez - Sebastián Giraldo Gómez|Jhon Jairo Colorado López",,"2017-09-16",2017,9,16,"Bosque abierto",2045,0,,"http://creativecommons.org/licenses/by-nc/4.0/legalcode",
"2978425586","Cavendishia pubescens (Kunth) Hemsl.","Cavendishia pubescens (Kunth) Hemsl.",7.163433,-72.407167,"WGS84","cdround,inmafu","SOUTH_AMERICA","Colombia","CO","Norte de Santander","Toledo",,"Vereda Río Colorado (Corregimiento de San Bernardo)","PRESERVED_SPECIMEN","PRESENT","ACCEPTED",,"ae7cf7d9-85dc-4578-9f5f-40d760ab013b","96b23685-f195-4131-af29-ea9e160225dd","Universidad de Pamplona (UPamplona)","HECASA","Luis Roberto Sánchez","Luis Roberto Sánchez","2017-10-01",2017,10,1,,1950,0,,"http://creativecommons.org/licenses/by/4.0/legalcode",
"5835958778","Cavendishia pubescens (Kunth) Hemsl.","Cavendishia pubescens (Kunth) Hemsl.",5.934707,-75.452777,"WGS84","","SOUTH_AMERICA","Colombia","CO","Antioquia","Abejorral",,"Vereda El Guaico","HUMAN_OBSERVATION","PRESENT","ACCEPTED","Proyecto Hidroeléctrico El Buey","c06a8de3-42cf-4d78-a50e-5b8dc8934161","d42b7e5d-a3e5-4fc2-8b3d-105336d70898","Empresas Públicas de Medellín E.S.P. (EPM)",,"Johan Camilo Gómez Patiño|Nancy Carolina Santafe Fajardo|Richard Gómez Monsalve|Alejandra Gutiérrez Ocampo|Sadis Sánchez|Jhony Angel Garcés|Blanca Ercilia Gonzalez Giraldo|Sandra Gaelle Castaño|Derlis Sánchez - Sebastián Giraldo Gómez|Jhon Jairo Colorado López",,"2017-10-12",2017,10,12,"Bosque de galería y/o ripario",1793.39,0,,"http://creativecommons.org/licenses/by-nc/4.0/legalcode",
"5835959364","Cavendishia pubescens (Kunth) Hemsl.","Cavendishia pubescens (Kunth) Hemsl.",5.934419,-75.452798,"WGS84","","SOUTH_AMERICA","Colombia","CO","Antioquia","Abejorral",,"Vereda El Guaico","HUMAN_OBSERVATION","PRESENT","ACCEPTED","Proyecto Hidroeléctrico El Buey","c06a8de3-42cf-4d78-a50e-5b8dc8934161","d42b7e5d-a3e5-4fc2-8b3d-105336d70898","Empresas Públicas de Medellín E.S.P. (EPM)",,"Luisa Fernanda Cuartas Palacio|Johan Camilo Gómez Patiño|Nancy Carolina Santafe Fajardo|Richard Gómez Monsalve|Alejandra Gutiérrez Ocampo|Sadis Sánchez|Jhony Angel Garcés|Blanca Ercilia Gonzalez Giraldo|Sandra Gaelle Castaño|Derlis Sánchez - Sebastián Giraldo Gómez|Jhon Jairo Colorado López",,"2017-10-13",2017,10,13,"Vegetación secundaria alta",1803.92,0,,"http://creativecommons.org/licenses/by-nc/4.0/legalcode",
"5835962126","Cavendishia pubescens (Kunth) Hemsl.","Cavendishia pubescens (Kunth) Hemsl.",5.934516,-75.452689,"WGS84","","SOUTH_AMERICA","Colombia","CO","Antioquia","Abejorral",,"Vereda El Guaico","HUMAN_OBSERVATION","PRESENT","ACCEPTED","Proyecto Hidroeléctrico El Buey","c06a8de3-42cf-4d78-a50e-5b8dc8934161","d42b7e5d-a3e5-4fc2-8b3d-105336d70898","Empresas Públicas de Medellín E.S.P. (EPM)",,"Johan Camilo Gómez Patiño|Nancy Carolina Santafe Fajardo|Richard Gómez Monsalve|Alejandra Gutiérrez Ocampo|Sadis Sánchez|Jhony Angel Garcés|Blanca Ercilia Gonzalez Giraldo|Sandra Gaelle Castaño|Derlis Sánchez - Sebastián Giraldo Gómez|Jhon Jairo Colorado López",,"2017-10-11",2017,10,11,"Bosque de galería y/o ripario",1824.34,0,,"http://creativecommons.org/licenses/by-nc/4.0/legalcode",
"5835962127","Cavendishia pubescens (Kunth) Hemsl.","Cavendishia pubescens (Kunth) Hemsl.",5.934516,-75.452689,"WGS84","","SOUTH_AMERICA","Colombia","CO","Antioquia","Abejorral",,"Vereda El Guaico","HUMAN_OBSERVATION","PRESENT","ACCEPTED","Proyecto Hidroeléctrico El Buey","c06a8de3-42cf-4d78-a50e-5b8dc8934161","d42b7e5d-a3e5-4fc2-8b3d-105336d70898","Empresas Públicas de Medellín E.S.P. (EPM)",,"Johan Camilo Gómez Patiño|Nancy Carolina Santafe Fajardo|Richard Gómez Monsalve|Alejandra Gutiérrez Ocampo|Sadis Sánchez|Jhony Angel Garcés|Blanca Ercilia Gonzalez Giraldo|Sandra Gaelle Castaño|Derlis Sánchez - Sebastián Giraldo Gómez|Jhon Jairo Colorado López",,"2017-10-11",2017,10,11,"Bosque de galería y/o ripario",1824.34,0,,"http://creativecommons.org/licenses/by-nc/4.0/legalcode",
"5835962128","Cavendishia pubescens (Kunth) Hemsl.","Cavendishia pubescens (Kunth) Hemsl.",5.934516,-75.452689,"WGS84","","SOUTH_AMERICA","Colombia","CO","Antioquia","Abejorral",,"Vereda El Guaico","HUMAN_OBSERVATION","PRESENT","ACCEPTED","Proyecto Hidroeléctrico El Buey","c06a8de3-42cf-4d78-a50e-5b8dc8934161","d42b7e5d-a3e5-4fc2-8b3d-105336d70898","Empresas Públicas de Medellín E.S.P. (EPM)",,"Johan Camilo Gómez Patiño|Nancy Carolina Santafe Fajardo|Richard Gómez Monsalve|Alejandra Gutiérrez Ocampo|Sadis Sánchez|Jhony Angel Garcés|Blanca Ercilia Gonzalez Giraldo|Sandra Gaelle Castaño|Derlis Sánchez - Sebastián Giraldo Gómez|Jhon Jairo Colorado López",,"2017-10-11",2017,10,11,"Bosque de galería y/o ripario",1824.34,0,,"http://creativecommons.org/licenses/by-nc/4.0/legalcode",
"5835962129","Cavendishia pubescens (Kunth) Hemsl.","Cavendishia pubescens (Kunth) Hemsl.",5.934516,-75.452689,"WGS84","","SOUTH_AMERICA","Colombia","CO","Antioquia","Abejorral",,"Vereda El Guaico","HUMAN_OBSERVATION","PRESENT","ACCEPTED","Proyecto Hidroeléctrico El Buey","c06a8de3-42cf-4d78-a50e-5b8dc8934161","d42b7e5d-a3e5-4fc2-8b3d-105336d70898","Empresas Públicas de Medellín E.S.P. (EPM)",,"Johan Camilo Gómez Patiño|Nancy Carolina Santafe Fajardo|Richard Gómez Monsalve|Alejandra Gutiérrez Ocampo|Sadis Sánchez|Jhony Angel Garcés|Blanca Ercilia Gonzalez Giraldo|Sandra Gaelle Castaño|Derlis Sánchez - Sebastián Giraldo Gómez|Jhon Jairo Colorado López",,"2017-10-11",2017,10,11,"Bosque de galería y/o ripario",1824.34,0,,"http://creativecommons.org/licenses/by-nc/4.0/legalcode",
"5835962869","Cavendishia pubescens (Kunth) Hemsl.","Cavendishia pubescens (Kunth) Hemsl.",5.934405,-75.452786,"WGS84","","SOUTH_AMERICA","Colombia","CO","Antioquia","Abejorral",,"Vereda El Guaico","HUMAN_OBSERVATION","PRESENT","ACCEPTED","Proyecto Hidroeléctrico El Buey","c06a8de3-42cf-4d78-a50e-5b8dc8934161","d42b7e5d-a3e5-4fc2-8b3d-105336d70898","Empresas Públicas de Medellín E.S.P. (EPM)",,"Luisa Fernanda Cuartas Palacio|Johan Camilo Gómez Patiño|Nancy Carolina Santafe Fajardo|Richard Gómez Monsalve|Alejandra Gutiérrez Ocampo|Sadis Sánchez|Jhony Angel Garcés|Blanca Ercilia Gonzalez Giraldo|Sandra Gaelle Castaño|Derlis Sánchez - Sebastián Giraldo Gómez|Jhon Jairo Colorado López",,"2017-10-13",2017,10,13,"Vegetación secundaria alta",1803.95,0,,"http://creativecommons.org/licenses/by-nc/4.0/legalcode",
"5835962870","Cavendishia pubescens (Kunth) Hemsl.","Cavendishia pubescens (Kunth) Hemsl.",5.934405,-75.452786,"WGS84","","SOUTH_AMERICA","Colombia","CO","Antioquia","Abejorral",,"Vereda El Guaico","HUMAN_OBSERVATION","PRESENT","ACCEPTED","Proyecto Hidroeléctrico El Buey","c06a8de3-42cf-4d78-a50e-5b8dc8934161","d42b7e5d-a3e5-4fc2-8b3d-105336d70898","Empresas Públicas de Medellín E.S.P. (EPM)",,"Luisa Fernanda Cuartas Palacio|Johan Camilo Gómez Patiño|Nancy Carolina Santafe Fajardo|Richard Gómez Monsalve|Alejandra Gutiérrez Ocampo|Sadis Sánchez|Jhony Angel Garcés|Blanca Ercilia Gonzalez Giraldo|Sandra Gaelle Castaño|Derlis Sánchez - Sebastián Giraldo Gómez|Jhon Jairo Colorado López",,"2017-10-13",2017,10,13,"Vegetación secundaria alta",1803.95,0,,"http://creativecommons.org/licenses/by-nc/4.0/legalcode",
"5835962872","Cavendishia pubescens (Kunth) Hemsl.","Cavendishia pubescens (Kunth) Hemsl.",5.934405,-75.452786,"WGS84","","SOUTH_AMERICA","Colombia","CO","Antioquia","Abejorral",,"Vereda El Guaico","HUMAN_OBSERVATION","PRESENT","ACCEPTED","Proyecto Hidroeléctrico El Buey","c06a8de3-42cf-4d78-a50e-5b8dc8934161","d42b7e5d-a3e5-4fc2-8b3d-105336d70898","Empresas Públicas de Medellín E.S.P. (EPM)",,"Luisa Fernanda Cuartas Palacio|Johan Camilo Gómez Patiño|Nancy Carolina Santafe Fajardo|Richard Gómez Monsalve|Alejandra Gutiérrez Ocampo|Sadis Sánchez|Jhony Angel Garcés|Blanca Ercilia Gonzalez Giraldo|Sandra Gaelle Castaño|Derlis Sánchez - Sebastián Giraldo Gómez|Jhon Jairo Colorado López",,"2017-10-13",2017,10,13,"Vegetación secundaria alta",1803.95,0,,"http://creativecommons.org/licenses/by-nc/4.0/legalcode",
"5835963312","Cavendishia pubescens (Kunth) Hemsl.","Cavendishia pubescens (Kunth) Hemsl.",5.934477,-75.452744,"WGS84","","SOUTH_AMERICA","Colombia","CO","Antioquia","Abejorral",,"Vereda El Guaico","HUMAN_OBSERVATION","PRESENT","ACCEPTED","Proyecto Hidroeléctrico El Buey","c06a8de3-42cf-4d78-a50e-5b8dc8934161","d42b7e5d-a3e5-4fc2-8b3d-105336d70898","Empresas Públicas de Medellín E.S.P. (EPM)",,"Luisa Fernanda Cuartas Palacio|Johan Camilo Gómez Patiño|Nancy Carolina Santafe Fajardo|Richard Gómez Monsalve|Alejandra Gutiérrez Ocampo|Sadis Sánchez|Jhony Angel Garcés|Blanca Ercilia Gonzalez Giraldo|Sandra Gaelle Castaño|Derlis Sánchez - Sebastián Giraldo Gómez|Jhon Jairo Colorado López",,"2017-10-12",2017,10,12,"Vegetación secundaria alta",1807.77,0,,"http://creativecommons.org/licenses/by-nc/4.0/legalcode",
"5835963313","Cavendishia pubescens (Kunth) Hemsl.","Cavendishia pubescens (Kunth) Hemsl.",5.934477,-75.452744,"WGS84","","SOUTH_AMERICA","Colombia","CO","Antioquia","Abejorral",,"Vereda El Guaico","HUMAN_OBSERVATION","PRESENT","ACCEPTED","Proyecto Hidroeléctrico El Buey","c06a8de3-42cf-4d78-a50e-5b8dc8934161","d42b7e5d-a3e5-4fc2-8b3d-105336d70898","Empresas Públicas de Medellín E.S.P. (EPM)",,"Luisa Fernanda Cuartas Palacio|Johan Camilo Gómez Patiño|Nancy Carolina Santafe Fajardo|Richard Gómez Monsalve|Alejandra Gutiérrez Ocampo|Sadis Sánchez|Jhony Angel Garcés|Blanca Ercilia Gonzalez Giraldo|Sandra Gaelle Castaño|Derlis Sánchez - Sebastián Giraldo Gómez|Jhon Jairo Colorado López",,"2017-10-12",2017,10,12,"Vegetación secundaria alta",1807.77,0,,"http://creativecommons.org/licenses/by-nc/4.0/legalcode",
"5835963314","Cavendishia pubescens (Kunth) Hemsl.","Cavendishia pubescens (Kunth) Hemsl.",5.934477,-75.452744,"WGS84","","SOUTH_AMERICA","Colombia","CO","Antioquia","Abejorral",,"Vereda El Guaico","HUMAN_OBSERVATION","PRESENT","ACCEPTED","Proyecto Hidroeléctrico El Buey","c06a8de3-42cf-4d78-a50e-5b8dc8934161","d42b7e5d-a3e5-4fc2-8b3d-105336d70898","Empresas Públicas de Medellín E.S.P. (EPM)",,"Luisa Fernanda Cuartas Palacio|Johan Camilo Gómez Patiño|Nancy Carolina Santafe Fajardo|Richard Gómez Monsalve|Alejandra Gutiérrez Ocampo|Sadis Sánchez|Jhony Angel Garcés|Blanca Ercilia Gonzalez Giraldo|Sandra Gaelle Castaño|Derlis Sánchez - Sebastián Giraldo Gómez|Jhon Jairo Colorado López",,"2017-10-12",2017,10,12,"Vegetación secundaria alta",1807.77,0,,"http://creativecommons.org/licenses/by-nc/4.0/legalcode",
"5835969160","Cavendishia pubescens (Kunth) Hemsl.","Cavendishia pubescens (Kunth) Hemsl.",5.934339,-75.452698,"WGS84","","SOUTH_AMERICA","Colombia","CO","Antioquia","Abejorral",,"Vereda El Guaico","HUMAN_OBSERVATION","PRESENT","ACCEPTED","Proyecto Hidroeléctrico El Buey","c06a8de3-42cf-4d78-a50e-5b8dc8934161","d42b7e5d-a3e5-4fc2-8b3d-105336d70898","Empresas Públicas de Medellín E.S.P. (EPM)",,"Luisa Fernanda Cuartas Palacio|Johan Camilo Gómez Patiño|Nancy Carolina Santafe Fajardo|Richard Gómez Monsalve|Alejandra Gutiérrez Ocampo|Sadis Sánchez|Jhony Angel Garcés|Blanca Ercilia Gonzalez Giraldo|Sandra Gaelle Castaño|Derlis Sánchez - Sebastián Giraldo Gómez|Jhon Jairo Colorado López",,"2017-10-18",2017,10,18,"Vegetación secundaria alta",1835.52,0,,"http://creativecommons.org/licenses/by-nc/4.0/legalcode",
"5835956692","Cavendishia pubescens (Kunth) Hemsl.","Cavendishia pubescens (Kunth) Hemsl.",5.936001,-75.450755,"WGS84","","SOUTH_AMERICA","Colombia","CO","Antioquia","La Ceja",,"Vereda San Rafael","HUMAN_OBSERVATION","PRESENT","ACCEPTED","Proyecto Hidroeléctrico El Buey","c06a8de3-42cf-4d78-a50e-5b8dc8934161","d42b7e5d-a3e5-4fc2-8b3d-105336d70898","Empresas Públicas de Medellín E.S.P. (EPM)",,"Luisa Fernanda Cuartas Palacio|Johan Camilo Gómez Patiño|Nancy Carolina Santafe Fajardo|Richard Gómez Monsalve|Alejandra Gutiérrez Ocampo|Sadis Sánchez|Jhony Angel Garcés|Blanca Ercilia Gonzalez Giraldo|Sandra Gaelle Castaño|Derlis Sánchez - Sebastián Giraldo Gómez|Jhon Jairo Colorado López",,"2017-11-01",2017,11,1,"Bosque de galería y/o ripario",1902.21,0,,"http://creativecommons.org/licenses/by-nc/4.0/legalcode",
"5835962802","Cavendishia pubescens (Kunth) Hemsl.","Cavendishia pubescens (Kunth) Hemsl.",5.935264,-75.453771,"WGS84","cdround","SOUTH_AMERICA","Colombia","CO","Antioquia","La Ceja",,"Vereda San Rafael","HUMAN_OBSERVATION","PRESENT","ACCEPTED","Proyecto Hidroeléctrico El Buey","c06a8de3-42cf-4d78-a50e-5b8dc8934161","d42b7e5d-a3e5-4fc2-8b3d-105336d70898","Empresas Públicas de Medellín E.S.P. (EPM)",,"Luisa Fernanda Cuartas Palacio|Johan Camilo Gómez Patiño|Nancy Carolina Santafe Fajardo|Richard Gómez Monsalve|Alejandra Gutiérrez Ocampo|Sadis Sánchez|Jhony Angel Garcés|Blanca Ercilia Gonzalez Giraldo|Sandra Gaelle Castaño|Derlis Sánchez - Sebastián Giraldo Gómez|Jhon Jairo Colorado López",,"2017-11-29",2017,11,29,"Bosque de galería y/o ripario",1759.86,0,,"http://creativecommons.org/licenses/by-nc/4.0/legalcode",
"5835964381","Cavendishia pubescens (Kunth) Hemsl.","Cavendishia pubescens (Kunth) Hemsl.",5.935384,-75.453924,"WGS84","","SOUTH_AMERICA","Colombia","CO","Antioquia","La Ceja",,"Vereda San Rafael","HUMAN_OBSERVATION","PRESENT","ACCEPTED","Proyecto Hidroeléctrico El Buey","c06a8de3-42cf-4d78-a50e-5b8dc8934161","d42b7e5d-a3e5-4fc2-8b3d-105336d70898","Empresas Públicas de Medellín E.S.P. (EPM)",,"Luisa Fernanda Cuartas Palacio|Johan Camilo Gómez Patiño|Nancy Carolina Santafe Fajardo|Richard Gómez Monsalve|Alejandra Gutiérrez Ocampo|Sadis Sánchez|Jhony Angel Garcés|Blanca Ercilia Gonzalez Giraldo|Sandra Gaelle Castaño|Derlis Sánchez - Sebastián Giraldo Gómez|Jhon Jairo Colorado López",,"2017-11-29",2017,11,29,"Bosque de galería y/o ripario",1774.52,0,,"http://creativecommons.org/licenses/by-nc/4.0/legalcode",
"5835964928","Cavendishia pubescens (Kunth) Hemsl.","Cavendishia pubescens (Kunth) Hemsl.",5.934314,-75.452765,"WGS84","","SOUTH_AMERICA","Colombia","CO","Antioquia","Abejorral",,"Vereda El Guaico","HUMAN_OBSERVATION","PRESENT","ACCEPTED","Proyecto Hidroeléctrico El Buey","c06a8de3-42cf-4d78-a50e-5b8dc8934161","d42b7e5d-a3e5-4fc2-8b3d-105336d70898","Empresas Públicas de Medellín E.S.P. (EPM)",,"Luisa Fernanda Cuartas Palacio|Johan Camilo Gómez Patiño|Nancy Carolina Santafe Fajardo|Richard Gómez Monsalve|Alejandra Gutiérrez Ocampo|Sadis Sánchez|Jhony Angel Garcés|Blanca Ercilia Gonzalez Giraldo|Sandra Gaelle Castaño|Derlis Sánchez - Sebastián Giraldo Gómez|Jhon Jairo Colorado López",,"2017-11-30",2017,11,30,"Vegetación secundaria alta",1844.29,0,,"http://creativecommons.org/licenses/by-nc/4.0/legalcode",
"5835964929","Cavendishia pubescens (Kunth) Hemsl.","Cavendishia pubescens (Kunth) Hemsl.",5.934314,-75.452765,"WGS84","","SOUTH_AMERICA","Colombia","CO","Antioquia","Abejorral",,"Vereda El Guaico","HUMAN_OBSERVATION","PRESENT","ACCEPTED","Proyecto Hidroeléctrico El Buey","c06a8de3-42cf-4d78-a50e-5b8dc8934161","d42b7e5d-a3e5-4fc2-8b3d-105336d70898","Empresas Públicas de Medellín E.S.P. (EPM)",,"Luisa Fernanda Cuartas Palacio|Johan Camilo Gómez Patiño|Nancy Carolina Santafe Fajardo|Richard Gómez Monsalve|Alejandra Gutiérrez Ocampo|Sadis Sánchez|Jhony Angel Garcés|Blanca Ercilia Gonzalez Giraldo|Sandra Gaelle Castaño|Derlis Sánchez - Sebastián Giraldo Gómez|Jhon Jairo Colorado López",,"2017-11-30",2017,11,30,"Vegetación secundaria alta",1844.29,0,,"http://creativecommons.org/licenses/by-nc/4.0/legalcode",
"5835969309","Cavendishia pubescens (Kunth) Hemsl.","Cavendishia pubescens (Kunth) Hemsl.",5.935249,-75.453751,"WGS84","cdround","SOUTH_AMERICA","Colombia","CO","Antioquia","La Ceja",,"Vereda San Rafael","HUMAN_OBSERVATION","PRESENT","ACCEPTED","Proyecto Hidroeléctrico El Buey","c06a8de3-42cf-4d78-a50e-5b8dc8934161","d42b7e5d-a3e5-4fc2-8b3d-105336d70898","Empresas Públicas de Medellín E.S.P. (EPM)",,"Luisa Fernanda Cuartas Palacio|Johan Camilo Gómez Patiño|Nancy Carolina Santafe Fajardo|Richard Gómez Monsalve|Alejandra Gutiérrez Ocampo|Sadis Sánchez|Jhony Angel Garcés|Blanca Ercilia Gonzalez Giraldo|Sandra Gaelle Castaño|Derlis Sánchez - Sebastián Giraldo Gómez|Jhon Jairo Colorado López",,"2017-11-29",2017,11,29,"Bosque de galería y/o ripario",1756.32,0,,"http://creativecommons.org/licenses/by-nc/4.0/legalcode",
"5835969311","Cavendishia pubescens (Kunth) Hemsl.","Cavendishia pubescens (Kunth) Hemsl.",5.935249,-75.453751,"WGS84","cdround","SOUTH_AMERICA","Colombia","CO","Antioquia","La Ceja",,"Vereda San Rafael","HUMAN_OBSERVATION","PRESENT","ACCEPTED","Proyecto Hidroeléctrico El Buey","c06a8de3-42cf-4d78-a50e-5b8dc8934161","d42b7e5d-a3e5-4fc2-8b3d-105336d70898","Empresas Públicas de Medellín E.S.P. (EPM)",,"Luisa Fernanda Cuartas Palacio|Johan Camilo Gómez Patiño|Nancy Carolina Santafe Fajardo|Richard Gómez Monsalve|Alejandra Gutiérrez Ocampo|Sadis Sánchez|Jhony Angel Garcés|Blanca Ercilia Gonzalez Giraldo|Sandra Gaelle Castaño|Derlis Sánchez - Sebastián Giraldo Gómez|Jhon Jairo Colorado López",,"2017-11-29",2017,11,29,"Bosque de galería y/o ripario",1756.32,0,,"http://creativecommons.org/licenses/by-nc/4.0/legalcode",
"5835969328","Cavendishia pubescens (Kunth) Hemsl.","Cavendishia pubescens (Kunth) Hemsl.",5.935249,-75.453751,"WGS84","cdround","SOUTH_AMERICA","Colombia","CO","Antioquia","La Ceja",,"Vereda San Rafael","HUMAN_OBSERVATION","PRESENT","ACCEPTED","Proyecto Hidroeléctrico El Buey","c06a8de3-42cf-4d78-a50e-5b8dc8934161","d42b7e5d-a3e5-4fc2-8b3d-105336d70898","Empresas Públicas de Medellín E.S.P. (EPM)",,"Luisa Fernanda Cuartas Palacio|Johan Camilo Gómez Patiño|Nancy Carolina Santafe Fajardo|Richard Gómez Monsalve|Alejandra Gutiérrez Ocampo|Sadis Sánchez|Jhony Angel Garcés|Blanca Ercilia Gonzalez Giraldo|Sandra Gaelle Castaño|Derlis Sánchez - Sebastián Giraldo Gómez|Jhon Jairo Colorado López",,"2017-11-29",2017,11,29,"Bosque de galería y/o ripario",1756.32,0,,"http://creativecommons.org/licenses/by-nc/4.0/legalcode",
"5835969338","Cavendishia pubescens (Kunth) Hemsl.","Cavendishia pubescens (Kunth) Hemsl.",5.935294,-75.453805,"WGS84","cdround","SOUTH_AMERICA","Colombia","CO","Antioquia","La Ceja",,"Vereda San Rafael","HUMAN_OBSERVATION","PRESENT","ACCEPTED","Proyecto Hidroeléctrico El Buey","c06a8de3-42cf-4d78-a50e-5b8dc8934161","d42b7e5d-a3e5-4fc2-8b3d-105336d70898","Empresas Públicas de Medellín E.S.P. (EPM)",,"Luisa Fernanda Cuartas Palacio|Johan Camilo Gómez Patiño|Nancy Carolina Santafe Fajardo|Richard Gómez Monsalve|Alejandra Gutiérrez Ocampo|Sadis Sánchez|Jhony Angel Garcés|Blanca Ercilia Gonzalez Giraldo|Sandra Gaelle Castaño|Derlis Sánchez - Sebastián Giraldo Gómez|Jhon Jairo Colorado López",,"2017-11-29",2017,11,29,"Bosque de galería y/o ripario",1758.93,0,,"http://creativecommons.org/licenses/by-nc/4.0/legalcode",
"5835969353","Cavendishia pubescens (Kunth) Hemsl.","Cavendishia pubescens (Kunth) Hemsl.",5.935294,-75.453805,"WGS84","cdround","SOUTH_AMERICA","Colombia","CO","Antioquia","La Ceja",,"Vereda San Rafael","HUMAN_OBSERVATION","PRESENT","ACCEPTED","Proyecto Hidroeléctrico El Buey","c06a8de3-42cf-4d78-a50e-5b8dc8934161","d42b7e5d-a3e5-4fc2-8b3d-105336d70898","Empresas Públicas de Medellín E.S.P. (EPM)",,"Luisa Fernanda Cuartas Palacio|Johan Camilo Gómez Patiño|Nancy Carolina Santafe Fajardo|Richard Gómez Monsalve|Alejandra Gutiérrez Ocampo|Sadis Sánchez|Jhony Angel Garcés|Blanca Ercilia Gonzalez Giraldo|Sandra Gaelle Castaño|Derlis Sánchez - Sebastián Giraldo Gómez|Jhon Jairo Colorado López",,"2017-11-29",2017,11,29,"Bosque de galería y/o ripario",1758.93,0,,"http://creativecommons.org/licenses/by-nc/4.0/legalcode",
"5835969354","Cavendishia pubescens (Kunth) Hemsl.","Cavendishia pubescens (Kunth) Hemsl.",5.935294,-75.453805,"WGS84","cdround","SOUTH_AMERICA","Colombia","CO","Antioquia","La Ceja",,"Vereda San Rafael","HUMAN_OBSERVATION","PRESENT","ACCEPTED","Proyecto Hidroeléctrico El Buey","c06a8de3-42cf-4d78-a50e-5b8dc8934161","d42b7e5d-a3e5-4fc2-8b3d-105336d70898","Empresas Públicas de Medellín E.S.P. (EPM)",,"Luisa Fernanda Cuartas Palacio|Johan Camilo Gómez Patiño|Nancy Carolina Santafe Fajardo|Richard Gómez Monsalve|Alejandra Gutiérrez Ocampo|Sadis Sánchez|Jhony Angel Garcés|Blanca Ercilia Gonzalez Giraldo|Sandra Gaelle Castaño|Derlis Sánchez - Sebastián Giraldo Gómez|Jhon Jairo Colorado López",,"2017-11-29",2017,11,29,"Bosque de galería y/o ripario",1758.93,0,,"http://creativecommons.org/licenses/by-nc/4.0/legalcode",
"5835970647","Cavendishia pubescens (Kunth) Hemsl.","Cavendishia pubescens (Kunth) Hemsl.",5.935031,-75.452642,"WGS84","","SOUTH_AMERICA","Colombia","CO","Antioquia","La Ceja",,"Vereda San Rafael","HUMAN_OBSERVATION","PRESENT","ACCEPTED","Proyecto Hidroeléctrico El Buey","c06a8de3-42cf-4d78-a50e-5b8dc8934161","d42b7e5d-a3e5-4fc2-8b3d-105336d70898","Empresas Públicas de Medellín E.S.P. (EPM)",,"Luisa Fernanda Cuartas Palacio|Johan Camilo Gómez Patiño|Nancy Carolina Santafe Fajardo|Richard Gómez Monsalve|Alejandra Gutiérrez Ocampo|Sadis Sánchez|Jhony Angel Garcés|Blanca Ercilia Gonzalez Giraldo|Sandra Gaelle Castaño|Derlis Sánchez - Sebastián Giraldo Gómez|Jhon Jairo Colorado López",,"2017-11-29",2017,11,29,"Bosque de galería y/o ripario",1780.1,0,,"http://creativecommons.org/licenses/by-nc/4.0/legalcode",
"5835974369","Cavendishia pubescens (Kunth) Hemsl.","Cavendishia pubescens (Kunth) Hemsl.",5.934313,-75.45271,"WGS84","","SOUTH_AMERICA","Colombia","CO","Antioquia","Abejorral",,"Vereda El Guaico","HUMAN_OBSERVATION","PRESENT","ACCEPTED","Proyecto Hidroeléctrico El Buey","c06a8de3-42cf-4d78-a50e-5b8dc8934161","d42b7e5d-a3e5-4fc2-8b3d-105336d70898","Empresas Públicas de Medellín E.S.P. (EPM)",,"Luisa Fernanda Cuartas Palacio|Johan Camilo Gómez Patiño|Nancy Carolina Santafe Fajardo|Richard Gómez Monsalve|Alejandra Gutiérrez Ocampo|Sadis Sánchez|Jhony Angel Garcés|Blanca Ercilia Gonzalez Giraldo|Sandra Gaelle Castaño|Derlis Sánchez - Sebastián Giraldo Gómez|Jhon Jairo Colorado López",,"2017-11-30",2017,11,30,"Vegetación secundaria alta",1842.64,0,,"http://creativecommons.org/licenses/by-nc/4.0/legalcode",
"5835956079","Cavendishia pubescens (Kunth) Hemsl.","Cavendishia pubescens (Kunth) Hemsl.",5.91476,-75.451818,"WGS84","","SOUTH_AMERICA","Colombia","CO","Antioquia","Abejorral",,"Vereda El Guaico","HUMAN_OBSERVATION","PRESENT","ACCEPTED","Proyecto Hidroeléctrico El Buey","c06a8de3-42cf-4d78-a50e-5b8dc8934161","d42b7e5d-a3e5-4fc2-8b3d-105336d70898","Empresas Públicas de Medellín E.S.P. (EPM)",,"Luisa Fernanda Cuartas Palacio|Johan Camilo Gómez Patiño|Nancy Carolina Santafe Fajardo|Richard Gómez Monsalve|Alejandra Gutiérrez Ocampo|Sadis Sánchez|Jhony Angel Garcés|Blanca Ercilia Gonzalez Giraldo|Sandra Gaelle Castaño|Derlis Sánchez - Sebastián Giraldo Gómez|Jhon Jairo Colorado López",,"2017-12-12",2017,12,12,"Pastos limpios",2090.71,0,,"http://creativecommons.org/licenses/by-nc/4.0/legalcode",
"5835960279","Cavendishia pubescens (Kunth) Hemsl.","Cavendishia pubescens (Kunth) Hemsl.",5.914497,-75.452039,"WGS84","","SOUTH_AMERICA","Colombia","CO","Antioquia","Abejorral",,"Vereda El Guaico","HUMAN_OBSERVATION","PRESENT","ACCEPTED","Proyecto Hidroeléctrico El Buey","c06a8de3-42cf-4d78-a50e-5b8dc8934161","d42b7e5d-a3e5-4fc2-8b3d-105336d70898","Empresas Públicas de Medellín E.S.P. (EPM)",,"Luisa Fernanda Cuartas Palacio|Johan Camilo Gómez Patiño|Nancy Carolina Santafe Fajardo|Richard Gómez Monsalve|Alejandra Gutiérrez Ocampo|Sadis Sánchez|Jhony Angel Garcés|Blanca Ercilia Gonzalez Giraldo|Sandra Gaelle Castaño|Derlis Sánchez - Sebastián Giraldo Gómez|Jhon Jairo Colorado López",,"2017-12-12",2017,12,12,"Pastos limpios",2097.46,0,,"http://creativecommons.org/licenses/by-nc/4.0/legalcode",
"5835960911","Cavendishia pubescens (Kunth) Hemsl.","Cavendishia pubescens (Kunth) Hemsl.",5.934501,-75.452919,"WGS84","","SOUTH_AMERICA","Colombia","CO","Antioquia","Abejorral",,"Vereda El Guaico","HUMAN_OBSERVATION","PRESENT","ACCEPTED","Proyecto Hidroeléctrico El Buey","c06a8de3-42cf-4d78-a50e-5b8dc8934161","d42b7e5d-a3e5-4fc2-8b3d-105336d70898","Empresas Públicas de Medellín E.S.P. (EPM)",,"Luisa Fernanda Cuartas Palacio|Johan Camilo Gómez Patiño|Nancy Carolina Santafe Fajardo|Richard Gómez Monsalve|Alejandra Gutiérrez Ocampo|Sadis Sánchez|Jhony Angel Garcés|Blanca Ercilia Gonzalez Giraldo|Sandra Gaelle Castaño|Derlis Sánchez - Sebastián Giraldo Gómez|Jhon Jairo Colorado López",,"2017-12-01",2017,12,1,"Vegetación secundaria alta",1909.36,0,,"http://creativecommons.org/licenses/by-nc/4.0/legalcode",
"5835960912","Cavendishia pubescens (Kunth) Hemsl.","Cavendishia pubescens (Kunth) Hemsl.",5.934501,-75.452919,"WGS84","","SOUTH_AMERICA","Colombia","CO","Antioquia","Abejorral",,"Vereda El Guaico","HUMAN_OBSERVATION","PRESENT","ACCEPTED","Proyecto Hidroeléctrico El Buey","c06a8de3-42cf-4d78-a50e-5b8dc8934161","d42b7e5d-a3e5-4fc2-8b3d-105336d70898","Empresas Públicas de Medellín E.S.P. (EPM)",,"Luisa Fernanda Cuartas Palacio|Johan Camilo Gómez Patiño|Nancy Carolina Santafe Fajardo|Richard Gómez Monsalve|Alejandra Gutiérrez Ocampo|Sadis Sánchez|Jhony Angel Garcés|Blanca Ercilia Gonzalez Giraldo|Sandra Gaelle Castaño|Derlis Sánchez - Sebastián Giraldo Gómez|Jhon Jairo Colorado López",,"2017-12-01",2017,12,1,"Vegetación secundaria alta",1909.36,0,,"http://creativecommons.org/licenses/by-nc/4.0/legalcode",
"5835962320","Cavendishia pubescens (Kunth) Hemsl.","Cavendishia pubescens (Kunth) Hemsl.",5.915997,-75.45087,"WGS84","","SOUTH_AMERICA","Colombia","CO","Antioquia","Abejorral",,"Vereda El Guaico","HUMAN_OBSERVATION","PRESENT","ACCEPTED","Proyecto Hidroeléctrico El Buey","c06a8de3-42cf-4d78-a50e-5b8dc8934161","d42b7e5d-a3e5-4fc2-8b3d-105336d70898","Empresas Públicas de Medellín E.S.P. (EPM)",,"Luisa Fernanda Cuartas Palacio|Johan Camilo Gómez Patiño|Nancy Carolina Santafe Fajardo|Richard Gómez Monsalve|Alejandra Gutiérrez Ocampo|Sadis Sánchez|Jhony Angel Garcés|Blanca Ercilia Gonzalez Giraldo|Sandra Gaelle Castaño|Derlis Sánchez - Sebastián Giraldo Gómez|Jhon Jairo Colorado López",,"2017-12-18",2017,12,18,"Pastos limpios",2126.1,0,,"http://creativecommons.org/licenses/by-nc/4.0/legalcode",
"5835962321","Cavendishia pubescens (Kunth) Hemsl.","Cavendishia pubescens (Kunth) Hemsl.",5.915997,-75.45087,"WGS84","","SOUTH_AMERICA","Colombia","CO","Antioquia","Abejorral",,"Vereda El Guaico","HUMAN_OBSERVATION","PRESENT","ACCEPTED","Proyecto Hidroeléctrico El Buey","c06a8de3-42cf-4d78-a50e-5b8dc8934161","d42b7e5d-a3e5-4fc2-8b3d-105336d70898","Empresas Públicas de Medellín E.S.P. (EPM)",,"Luisa Fernanda Cuartas Palacio|Johan Camilo Gómez Patiño|Nancy Carolina Santafe Fajardo|Richard Gómez Monsalve|Alejandra Gutiérrez Ocampo|Sadis Sánchez|Jhony Angel Garcés|Blanca Ercilia Gonzalez Giraldo|Sandra Gaelle Castaño|Derlis Sánchez - Sebastián Giraldo Gómez|Jhon Jairo Colorado López",,"2017-12-18",2017,12,18,"Pastos limpios",2126.1,0,,"http://creativecommons.org/licenses/by-nc/4.0/legalcode",
"5835962322","Cavendishia pubescens (Kunth) Hemsl.","Cavendishia pubescens (Kunth) Hemsl.",5.915997,-75.45087,"WGS84","","SOUTH_AMERICA","Colombia","CO","Antioquia","Abejorral",,"Vereda El Guaico","HUMAN_OBSERVATION","PRESENT","ACCEPTED","Proyecto Hidroeléctrico El Buey","c06a8de3-42cf-4d78-a50e-5b8dc8934161","d42b7e5d-a3e5-4fc2-8b3d-105336d70898","Empresas Públicas de Medellín E.S.P. (EPM)",,"Luisa Fernanda Cuartas Palacio|Johan Camilo Gómez Patiño|Nancy Carolina Santafe Fajardo|Richard Gómez Monsalve|Alejandra Gutiérrez Ocampo|Sadis Sánchez|Jhony Angel Garcés|Blanca Ercilia Gonzalez Giraldo|Sandra Gaelle Castaño|Derlis Sánchez - Sebastián Giraldo Gómez|Jhon Jairo Colorado López",,"2017-12-18",2017,12,18,"Pastos limpios",2126.1,0,,"http://creativecommons.org/licenses/by-nc/4.0/legalcode",
"5835964169","Cavendishia pubescens (Kunth) Hemsl.","Cavendishia pubescens (Kunth) Hemsl.",5.90946,-75.446463,"WGS84","","SOUTH_AMERICA","Colombia","CO","Antioquia","Abejorral",,"Vereda El Guaico","HUMAN_OBSERVATION","PRESENT","ACCEPTED","Proyecto Hidroeléctrico El Buey","c06a8de3-42cf-4d78-a50e-5b8dc8934161","d42b7e5d-a3e5-4fc2-8b3d-105336d70898","Empresas Públicas de Medellín E.S.P. (EPM)",,"Luisa Fernanda Cuartas Palacio|Johan Camilo Gómez Patiño|Nancy Carolina Santafe Fajardo|Richard Gómez Monsalve|Alejandra Gutiérrez Ocampo|Sadis Sánchez|Jhony Angel Garcés|Blanca Ercilia Gonzalez Giraldo|Sandra Gaelle Castaño|Derlis Sánchez - Sebastián Giraldo Gómez|Jhon Jairo Colorado López",,"2017-12-18",2017,12,18,"Vegetación secundaria alta",2140.05,0,,"http://creativecommons.org/licenses/by-nc/4.0/legalcode",
"5835968474","Cavendishia pubescens (Kunth) Hemsl.","Cavendishia pubescens (Kunth) Hemsl.",5.914819,-75.451626,"WGS84","","SOUTH_AMERICA","Colombia","CO","Antioquia","Abejorral",,"Vereda El Guaico","HUMAN_OBSERVATION","PRESENT","ACCEPTED","Proyecto Hidroeléctrico El Buey","c06a8de3-42cf-4d78-a50e-5b8dc8934161","d42b7e5d-a3e5-4fc2-8b3d-105336d70898","Empresas Públicas de Medellín E.S.P. (EPM)",,"Luisa Fernanda Cuartas Palacio|Johan Camilo Gómez Patiño|Nancy Carolina Santafe Fajardo|Richard Gómez Monsalve|Alejandra Gutiérrez Ocampo|Sadis Sánchez|Jhony Angel Garcés|Blanca Ercilia Gonzalez Giraldo|Sandra Gaelle Castaño|Derlis Sánchez - Sebastián Giraldo Gómez|Jhon Jairo Colorado López",,"2017-12-12",2017,12,12,"Pastos limpios",2094.33,0,,"http://creativecommons.org/licenses/by-nc/4.0/legalcode",
"5835968475","Cavendishia pubescens (Kunth) Hemsl.","Cavendishia pubescens (Kunth) Hemsl.",5.914819,-75.451626,"WGS84","","SOUTH_AMERICA","Colombia","CO","Antioquia","Abejorral",,"Vereda El Guaico","HUMAN_OBSERVATION","PRESENT","ACCEPTED","Proyecto Hidroeléctrico El Buey","c06a8de3-42cf-4d78-a50e-5b8dc8934161","d42b7e5d-a3e5-4fc2-8b3d-105336d70898","Empresas Públicas de Medellín E.S.P. (EPM)",,"Luisa Fernanda Cuartas Palacio|Johan Camilo Gómez Patiño|Nancy Carolina Santafe Fajardo|Richard Gómez Monsalve|Alejandra Gutiérrez Ocampo|Sadis Sánchez|Jhony Angel Garcés|Blanca Ercilia Gonzalez Giraldo|Sandra Gaelle Castaño|Derlis Sánchez - Sebastián Giraldo Gómez|Jhon Jairo Colorado López",,"2017-12-12",2017,12,12,"Pastos limpios",2094.33,0,,"http://creativecommons.org/licenses/by-nc/4.0/legalcode",
"3819727984","Cavendishia pubescens (Kunth) Hemsl.","Cavendishia pubescens (Kunth) Hemsl.",6.789969,-75.313819,"WGS84","","SOUTH_AMERICA","Colombia","CO","Antioquia","Carolina","Carolina del Príncipe","Tenche","HUMAN_OBSERVATION","PRESENT","ACCEPTED",,"80b0a4fd-b6db-4137-8690-5d5191d7432f","d42b7e5d-a3e5-4fc2-8b3d-105336d70898","Empresas Públicas de Medellín E.S.P. (EPM)",,"Víctor Calero|Edinson Hernández Moreno",,"2017",2017,,,,1912,0,,"http://creativecommons.org/licenses/by-nc/4.0/legalcode",
"6361913472","Cavendishia pubescens (Kunth) Hemsl.","Cavendishia pubescens (Kunth) Hemsl.",4.3243,-74.0548,"WGS84","","SOUTH_AMERICA","Colombia","CO","Cundinamarca","Une",,,"HUMAN_OBSERVATION","PRESENT","ACCEPTED",,"cd635f75-532d-478c-b368-dea4acf51b50","47380c8a-0edd-4036-b1bc-d852cba8232f","Corporación Autónoma Regional de Cundinamarca (CAR)",,,,"2017",2017,,,"Herbazal denso de tierra firme no arbolado",3456.3,,"Observado","http://creativecommons.org/licenses/by/4.0/legalcode",
"6361913485","Cavendishia pubescens (Kunth) Hemsl.","Cavendishia pubescens (Kunth) Hemsl.",4.731835,-73.88337,"WGS84","","SOUTH_AMERICA","Colombia","CO","Cundinamarca","La Calera",,,"HUMAN_OBSERVATION","PRESENT","ACCEPTED",,"cd635f75-532d-478c-b368-dea4acf51b50","47380c8a-0edd-4036-b1bc-d852cba8232f","Corporación Autónoma Regional de Cundinamarca (CAR)",,,,"2017",2017,,,"Herbazal denso de tierra firme no arbolado",3500,,"Observado","http://creativecommons.org/licenses/by/4.0/legalcode",
"6361913493","Cavendishia pubescens (Kunth) Hemsl.","Cavendishia pubescens (Kunth) Hemsl.",4.731835,-73.88337,"WGS84","","SOUTH_AMERICA","Colombia","CO","Cundinamarca","La Calera",,,"HUMAN_OBSERVATION","PRESENT","ACCEPTED",,"cd635f75-532d-478c-b368-dea4acf51b50","47380c8a-0edd-4036-b1bc-d852cba8232f","Corporación Autónoma Regional de Cundinamarca (CAR)",,,,"2017",2017,,,"Herbazal denso de tierra firme no arbolado",3500,,"Observado","http://creativecommons.org/licenses/by/4.0/legalcode",
"6361915354","Cavendishia pubescens (Kunth) Hemsl.","Cavendishia pubescens (Kunth) Hemsl.",4.517213,-74.013989,"WGS84","","SOUTH_AMERICA","Colombia","CO","Cundinamarca","Ubaque",,,"HUMAN_OBSERVATION","PRESENT","ACCEPTED",,"cd635f75-532d-478c-b368-dea4acf51b50","47380c8a-0edd-4036-b1bc-d852cba8232f","Corporación Autónoma Regional de Cundinamarca (CAR)",,,,"2017",2017,,,"Bosque denso alto",2797.94,,"Observado","http://creativecommons.org/licenses/by/4.0/legalcode",
"6361915782","Cavendishia pubescens (Kunth) Hemsl.","Cavendishia pubescens (Kunth) Hemsl.",4.3243,-74.0545,"WGS84","","SOUTH_AMERICA","Colombia","CO","Cundinamarca","Une",,,"HUMAN_OBSERVATION","PRESENT","ACCEPTED",,"cd635f75-532d-478c-b368-dea4acf51b50","47380c8a-0edd-4036-b1bc-d852cba8232f","Corporación Autónoma Regional de Cundinamarca (CAR)",,,,"2017",2017,,,"Herbazal denso de tierra firme no arbolado",3450,,"Observado","http://creativecommons.org/licenses/by/4.0/legalcode",
"6361916756","Cavendishia pubescens (Kunth) Hemsl.","Cavendishia pubescens (Kunth) Hemsl.",4.3246,-74.0538,"WGS84","","SOUTH_AMERICA","Colombia","CO","Cundinamarca","Une",,,"HUMAN_OBSERVATION","PRESENT","ACCEPTED",,"cd635f75-532d-478c-b368-dea4acf51b50","47380c8a-0edd-4036-b1bc-d852cba8232f","Corporación Autónoma Regional de Cundinamarca (CAR)",,,,"2017",2017,,,"Herbazal denso de tierra firme no arbolado",3450,,"Observado","http://creativecommons.org/licenses/by/4.0/legalcode",
"1927467121","Cavendishia pubescens (Kunth) Hemsl.","Cavendishia pubescens (Kunth) Hemsl.",5.974333,-73.829333,"WGS84","cdc,cdround,colmafu,inmafu","SOUTH_AMERICA","Colombia","CO","Santander","Sucre",,"Vereda Los Chirles","MATERIAL_SAMPLE","PRESENT","ACCEPTED",,"0e240ab8-9620-4be8-b489-7c4adc78f8a4","2a7e3080-28a9-11dd-97cd-b8a03c50a862","Instituto de Investigación de Recursos Biológicos Alexander von Humboldt (IAvH)","IAvH-CT","José Aguilar|Humberto Mendoza","Humberto Mendoza","2016-08-19",2016,8,19,"Ecosistema de subpáramo azonal y borde de robledal remanente",2931,0,,"http://creativecommons.org/licenses/by-nc/4.0/legalcode",
"2013027415","Cavendishia pubescens (Kunth) Hemsl.","Cavendishia pubescens (Kunth) Hemsl.",5.974333,-73.829333,"WGS84","cdc,cdround","SOUTH_AMERICA","Colombia","CO","Santander","Sucre",,"Vereda Los Chirles","HUMAN_OBSERVATION","PRESENT","ACCEPTED",,"778cd54a-cbeb-4584-a594-0c7912f16ff4","2a7e3080-28a9-11dd-97cd-b8a03c50a862","Instituto de Investigación de Recursos Biológicos Alexander von Humboldt (IAvH)",,"José Aguilar|Humberto Mendoza","Humberto Mendoza","2016-08-19",2016,8,19,"Ecosistema de subpáramo azonal y borde de robledal remanente",2931,0,,"http://creativecommons.org/licenses/by-nc/4.0/legalcode",
"4026658111","Cavendishia pubescens (Kunth) Hemsl.","Cavendishia pubescens (Kunth) Hemsl.",5.974333,-73.829333,"WGS84","cdround,inmafu","SOUTH_AMERICA","Colombia","CO","Santander","Sucre",,"Vereda Los Chirles","PRESERVED_SPECIMEN","PRESENT","ACCEPTED","Colombia BIO","9c2d26f1-0ce0-4cde-9f8d-de8284404fff","2a7e3080-28a9-11dd-97cd-b8a03c50a862","Instituto de Investigación de Recursos Biológicos Alexander von Humboldt (IAvH)","IAvH-CT","José  Aguilar|Humberto Mendoza","Humberto Mendoza","2016-08-19",2016,8,19,"Ecosistema cársticos de Santander.",2931,0,,"http://creativecommons.org/licenses/by-nc/4.0/legalcode",
"5891365807","Cavendishia pubescens (Kunth) Hemsl.","Cavendishia pubescens (Kunth) Hemsl.",5.974333,-73.829333,"WGS84","cdround,inmafu","SOUTH_AMERICA","Colombia","CO","Santander","Sucre",,"Vereda Los Chirles","PRESERVED_SPECIMEN","PRESENT","ACCEPTED","Colombia BIO - expedición El Peñon","1fe5d5cd-0336-4664-b768-d38acf349c0a","2a7e3080-28a9-11dd-97cd-b8a03c50a862","Instituto de Investigación de Recursos Biológicos Alexander von Humboldt (IAvH)","FMB","José Aguilar|Humberto Mendoza","Humberto Mendoza","2016-08-19",2016,8,19,"Ecosistema de subpáramo azonal y borde de robledal remanente",2931,0,"Actualización del inventario entre 2019 y septiembre de 2021.","http://creativecommons.org/licenses/by-nc/4.0/legalcode",
"5891365808","Cavendishia pubescens (Kunth) Hemsl.","Cavendishia pubescens (Kunth) Hemsl.",5.974333,-73.829333,"WGS84","cdround,inmafu","SOUTH_AMERICA","Colombia","CO","Santander","Sucre",,"Vereda Los Chirles","PRESERVED_SPECIMEN","PRESENT","ACCEPTED","Colombia BIO - expedición El Peñon","1fe5d5cd-0336-4664-b768-d38acf349c0a","2a7e3080-28a9-11dd-97cd-b8a03c50a862","Instituto de Investigación de Recursos Biológicos Alexander von Humboldt (IAvH)","FMB","José Aguilar|Humberto Mendoza","Humberto Mendoza","2016-08-19",2016,8,19,"Ecosistema de subpáramo azonal y borde de robledal remanente",2931,0,"Actualización del inventario entre 2019 y septiembre de 2021.","http://creativecommons.org/licenses/by-nc/4.0/legalcode",
"1265234332","Cavendishia pubescens (Kunth) Hemsl.","Cavendishia pubescens (Kunth) Hemsl.",6.002847,-76.099316,"WGS84","cdround","SOUTH_AMERICA","Colombia","CO","Chocó","El Carmen de Atrato","El Carmen de Atrato","Sitio Cerro Plateado, Complejo Paramuno Frontino","HUMAN_OBSERVATION","PRESENT","ACCEPTED",,"ad40d9c6-1a48-4bcb-bc93-194a4226d51d","2a7e3080-28a9-11dd-97cd-b8a03c50a862","IAvH","IAvH","Euclides Renteria Moreno; Hernando Quejada Mosquera","Euclides Renteria Moreno; Hernando Quejada Mosquera","2015-01-04",2015,1,4,"Páramo",3600,0,,"http://creativecommons.org/licenses/by-nc/4.0/legalcode",
"1265234345","Cavendishia pubescens (Kunth) Hemsl.","Cavendishia pubescens (Kunth) Hemsl.",6.002847,-76.099316,"WGS84","cdround","SOUTH_AMERICA","Colombia","CO","Chocó","El Carmen de Atrato","El Carmen de Atrato","Sitio Cerro Plateado, Complejo Paramuno Frontino","HUMAN_OBSERVATION","PRESENT","ACCEPTED",,"ad40d9c6-1a48-4bcb-bc93-194a4226d51d","2a7e3080-28a9-11dd-97cd-b8a03c50a862","IAvH","IAvH","Euclides Renteria Moreno; Hernando Quejada Mosquera","Euclides Renteria Moreno; Hernando Quejada Mosquera","2015-01-04",2015,1,4,"Páramo",3600,0,,"http://creativecommons.org/licenses/by-nc/4.0/legalcode",
"1265234363","Cavendishia pubescens (Kunth) Hemsl.","Cavendishia pubescens (Kunth) Hemsl.",6.002847,-76.099316,"WGS84","cdround","SOUTH_AMERICA","Colombia","CO","Chocó","El Carmen de Atrato","El Carmen de Atrato","Sitio Cerro Plateado, Complejo Paramuno Frontino","HUMAN_OBSERVATION","PRESENT","ACCEPTED",,"ad40d9c6-1a48-4bcb-bc93-194a4226d51d","2a7e3080-28a9-11dd-97cd-b8a03c50a862","IAvH","IAvH","Euclides Renteria Moreno; Hernando Quejada Mosquera","Euclides Renteria Moreno; Hernando Quejada Mosquera","2015-01-04",2015,1,4,"Páramo",3600,0,,"http://creativecommons.org/licenses/by-nc/4.0/legalcode",
"1265234390","Cavendishia pubescens (Kunth) Hemsl.","Cavendishia pubescens (Kunth) Hemsl.",6.002847,-76.099316,"WGS84","cdround","SOUTH_AMERICA","Colombia","CO","Chocó","El Carmen de Atrato","El Carmen de Atrato","Sitio Cerro Plateado, Complejo Paramuno Frontino","HUMAN_OBSERVATION","PRESENT","ACCEPTED",,"ad40d9c6-1a48-4bcb-bc93-194a4226d51d","2a7e3080-28a9-11dd-97cd-b8a03c50a862","IAvH","IAvH","Euclides Renteria Moreno; Hernando Quejada Mosquera","Euclides Renteria Moreno; Hernando Quejada Mosquera","2015-01-04",2015,1,4,"Páramo",3600,0,,"http://creativecommons.org/licenses/by-nc/4.0/legalcode",
"1265234460","Cavendishia pubescens (Kunth) Hemsl.","Cavendishia pubescens (Kunth) Hemsl.",6.002493,-76.09948,"WGS84","cdround","SOUTH_AMERICA","Colombia","CO","Chocó","El Carmen de Atrato","El Carmen de Atrato","Sitio Cerro Plateado, Complejo Paramuno Frontino","HUMAN_OBSERVATION","PRESENT","ACCEPTED",,"ad40d9c6-1a48-4bcb-bc93-194a4226d51d","2a7e3080-28a9-11dd-97cd-b8a03c50a862","IAvH","IAvH","Euclides Renteria Moreno; Hernando Quejada Mosquera","Euclides Renteria Moreno; Hernando Quejada Mosquera","2015-01-01",2015,1,1,"Subpáramo",3530,0,,"http://creativecommons.org/licenses/by-nc/4.0/legalcode",
"3895971631","Cavendishia pubescens (Kunth) Hemsl.","Cavendishia pubescens (Kunth) Hemsl.",7.198042,-75.573348,"WGS84","","SOUTH_AMERICA","Colombia","CO","Antioquia","Ituango",,"Vía Puerto Valdivia - Presa","HUMAN_OBSERVATION","PRESENT","ACCEPTED",,"f65b3120-1fab-4f2d-abbb-49d072bf1016","d42b7e5d-a3e5-4fc2-8b3d-105336d70898","Empresas Públicas de Medellín E.S.P. (EPM)",,,,"2015-01-18",2015,1,18,,,,"Aprovechamiento Obras Principales","http://creativecommons.org/licenses/by/4.0/legalcode",
"1265234434","Cavendishia pubescens (Kunth) Hemsl.","Cavendishia pubescens (Kunth) Hemsl.",6.002493,-76.09948,"WGS84","cdround","SOUTH_AMERICA","Colombia","CO","Chocó","El Carmen de Atrato","El Carmen de Atrato","Sitio Cerro Plateado, Complejo Paramuno Frontino","HUMAN_OBSERVATION","PRESENT","ACCEPTED",,"ad40d9c6-1a48-4bcb-bc93-194a4226d51d","2a7e3080-28a9-11dd-97cd-b8a03c50a862","IAvH","IAvH","Euclides Renteria Moreno; Hernando Quejada Mosquera","Euclides Renteria Moreno; Hernando Quejada Mosquera","2015-02-06",2015,2,6,"Subpáramo",3530,0,,"http://creativecommons.org/licenses/by-nc/4.0/legalcode",
"3874281387","Cavendishia pubescens (Kunth) Hemsl.","Cavendishia pubescens (Kunth) Hemsl.",6.265899,-75.530429,"WGS84","","SOUTH_AMERICA","Colombia","CO","Antioquia","Medellín",,,"HUMAN_OBSERVATION","PRESENT","ACCEPTED","Línea de transmisión Bello-Guayabal-Ancón (BGA) a 230kV","f2bba2e8-855d-48a0-8642-3df701997ec5","d42b7e5d-a3e5-4fc2-8b3d-105336d70898","Empresas Públicas de Medellín E.S.P. (EPM)",,"Nancy Fiorella Ordoñez Castillo|Nidia Vélez Cañavera|Margarita Jaramillo|Daniel Felipe Rodríguez Ríos|Dany Luz Zabaleta Doria|Claudia Juliana Quijano Abril|Harold Hernando Pavas Castañeda|Carlos Cuartas|Jesús Mendoza|Freddy Grisales|Blanca Ercilia González|Johan Sebastián Gómez López|Fabio Danilo Castro Rosero|Richard Gómez Monsalve|Sandra Gaelle|María Camila Mejía",,"2015",2015,,,"Pastos arbolados",2219,0,,"http://creativecommons.org/licenses/by-nc/4.0/legalcode",
"3874281400","Cavendishia pubescens (Kunth) Hemsl.","Cavendishia pubescens (Kunth) Hemsl.",6.263013,-75.530377,"WGS84","","SOUTH_AMERICA","Colombia","CO","Antioquia","Medellín",,,"HUMAN_OBSERVATION","PRESENT","ACCEPTED","Línea de transmisión Bello-Guayabal-Ancón (BGA) a 230kV","f2bba2e8-855d-48a0-8642-3df701997ec5","d42b7e5d-a3e5-4fc2-8b3d-105336d70898","Empresas Públicas de Medellín E.S.P. (EPM)",,"Nancy Fiorella Ordoñez Castillo|Nidia Vélez Cañavera|Margarita Jaramillo|Daniel Felipe Rodríguez Ríos|Dany Luz Zabaleta Doria|Claudia Juliana Quijano Abril|Harold Hernando Pavas Castañeda|Carlos Cuartas|Jesús Mendoza|Freddy Grisales|Blanca Ercilia González|Johan Sebastián Gómez López|Fabio Danilo Castro Rosero|Richard Gómez Monsalve|Sandra Gaelle|María Camila Mejía",,"2015",2015,,,"Vegetación secundaria baja",2371,0,,"http://creativecommons.org/licenses/by-nc/4.0/legalcode",
"3874281404","Cavendishia pubescens (Kunth) Hemsl.","Cavendishia pubescens (Kunth) Hemsl.",6.262986,-75.530341,"WGS84","","SOUTH_AMERICA","Colombia","CO","Antioquia","Medellín",,,"HUMAN_OBSERVATION","PRESENT","ACCEPTED","Línea de transmisión Bello-Guayabal-Ancón (BGA) a 230kV","f2bba2e8-855d-48a0-8642-3df701997ec5","d42b7e5d-a3e5-4fc2-8b3d-105336d70898","Empresas Públicas de Medellín E.S.P. (EPM)",,"Nancy Fiorella Ordoñez Castillo|Nidia Vélez Cañavera|Margarita Jaramillo|Daniel Felipe Rodríguez Ríos|Dany Luz Zabaleta Doria|Claudia Juliana Quijano Abril|Harold Hernando Pavas Castañeda|Carlos Cuartas|Jesús Mendoza|Freddy Grisales|Blanca Ercilia González|Johan Sebastián Gómez López|Fabio Danilo Castro Rosero|Richard Gómez Monsalve|Sandra Gaelle|María Camila Mejía",,"2015",2015,,,"Vegetación secundaria baja",2373,0,,"http://creativecommons.org/licenses/by-nc/4.0/legalcode",
"3874281405","Cavendishia pubescens (Kunth) Hemsl.","Cavendishia pubescens (Kunth) Hemsl.",6.263071,-75.530401,"WGS84","","SOUTH_AMERICA","Colombia","CO","Antioquia","Medellín",,,"HUMAN_OBSERVATION","PRESENT","ACCEPTED","Línea de transmisión Bello-Guayabal-Ancón (BGA) a 230kV","f2bba2e8-855d-48a0-8642-3df701997ec5","d42b7e5d-a3e5-4fc2-8b3d-105336d70898","Empresas Públicas de Medellín E.S.P. (EPM)",,"Nancy Fiorella Ordoñez Castillo|Nidia Vélez Cañavera|Margarita Jaramillo|Daniel Felipe Rodríguez Ríos|Dany Luz Zabaleta Doria|Claudia Juliana Quijano Abril|Harold Hernando Pavas Castañeda|Carlos Cuartas|Jesús Mendoza|Freddy Grisales|Blanca Ercilia González|Johan Sebastián Gómez López|Fabio Danilo Castro Rosero|Richard Gómez Monsalve|Sandra Gaelle|María Camila Mejía",,"2015",2015,,,"Vegetación secundaria baja",2368,0,,"http://creativecommons.org/licenses/by-nc/4.0/legalcode",
"3874281455","Cavendishia pubescens (Kunth) Hemsl.","Cavendishia pubescens (Kunth) Hemsl.",6.262933,-75.530366,"WGS84","","SOUTH_AMERICA","Colombia","CO","Antioquia","Medellín",,,"HUMAN_OBSERVATION","PRESENT","ACCEPTED","Línea de transmisión Bello-Guayabal-Ancón (BGA) a 230kV","f2bba2e8-855d-48a0-8642-3df701997ec5","d42b7e5d-a3e5-4fc2-8b3d-105336d70898","Empresas Públicas de Medellín E.S.P. (EPM)",,"Nancy Fiorella Ordoñez Castillo|Nidia Vélez Cañavera|Margarita Jaramillo|Daniel Felipe Rodríguez Ríos|Dany Luz Zabaleta Doria|Claudia Juliana Quijano Abril|Harold Hernando Pavas Castañeda|Carlos Cuartas|Jesús Mendoza|Freddy Grisales|Blanca Ercilia González|Johan Sebastián Gómez López|Fabio Danilo Castro Rosero|Richard Gómez Monsalve|Sandra Gaelle|María Camila Mejía",,"2015",2015,,,"Vegetación secundaria baja",2375,0,,"http://creativecommons.org/licenses/by-nc/4.0/legalcode",
"3874281510","Cavendishia pubescens (Kunth) Hemsl.","Cavendishia pubescens (Kunth) Hemsl.",6.262933,-75.530366,"WGS84","","SOUTH_AMERICA","Colombia","CO","Antioquia","Medellín",,,"HUMAN_OBSERVATION","PRESENT","ACCEPTED","Línea de transmisión Bello-Guayabal-Ancón (BGA) a 230kV","f2bba2e8-855d-48a0-8642-3df701997ec5","d42b7e5d-a3e5-4fc2-8b3d-105336d70898","Empresas Públicas de Medellín E.S.P. (EPM)",,"Nancy Fiorella Ordoñez Castillo|Nidia Vélez Cañavera|Margarita Jaramillo|Daniel Felipe Rodríguez Ríos|Dany Luz Zabaleta Doria|Claudia Juliana Quijano Abril|Harold Hernando Pavas Castañeda|Carlos Cuartas|Jesús Mendoza|Freddy Grisales|Blanca Ercilia González|Johan Sebastián Gómez López|Fabio Danilo Castro Rosero|Richard Gómez Monsalve|Sandra Gaelle|María Camila Mejía",,"2015",2015,,,"Vegetación secundaria baja",2375,0,,"http://creativecommons.org/licenses/by-nc/4.0/legalcode",
"3874281954","Cavendishia pubescens (Kunth) Hemsl.","Cavendishia pubescens (Kunth) Hemsl.",6.253643,-75.529912,"WGS84","","SOUTH_AMERICA","Colombia","CO","Antioquia","Medellín",,,"HUMAN_OBSERVATION","PRESENT","ACCEPTED","Línea de transmisión Bello-Guayabal-Ancón (BGA) a 230kV","f2bba2e8-855d-48a0-8642-3df701997ec5","d42b7e5d-a3e5-4fc2-8b3d-105336d70898","Empresas Públicas de Medellín E.S.P. (EPM)",,"Nancy Fiorella Ordoñez Castillo|Nidia Vélez Cañavera|Margarita Jaramillo|Daniel Felipe Rodríguez Ríos|Dany Luz Zabaleta Doria|Claudia Juliana Quijano Abril|Harold Hernando Pavas Castañeda|Carlos Cuartas|Jesús Mendoza|Freddy Grisales|Blanca Ercilia González|Johan Sebastián Gómez López|Fabio Danilo Castro Rosero|Richard Gómez Monsalve|Sandra Gaelle|María Camila Mejía",,"2015",2015,,,"Pastos arbolados",2181,0,,"http://creativecommons.org/licenses/by-nc/4.0/legalcode",
"3874281967","Cavendishia pubescens (Kunth) Hemsl.","Cavendishia pubescens (Kunth) Hemsl.",6.255908,-75.529907,"WGS84","","SOUTH_AMERICA","Colombia","CO","Antioquia","Medellín",,,"HUMAN_OBSERVATION","PRESENT","ACCEPTED","Línea de transmisión Bello-Guayabal-Ancón (BGA) a 230kV","f2bba2e8-855d-48a0-8642-3df701997ec5","d42b7e5d-a3e5-4fc2-8b3d-105336d70898","Empresas Públicas de Medellín E.S.P. (EPM)",,"Nancy Fiorella Ordoñez Castillo|Nidia Vélez Cañavera|Margarita Jaramillo|Daniel Felipe Rodríguez Ríos|Dany Luz Zabaleta Doria|Claudia Juliana Quijano Abril|Harold Hernando Pavas Castañeda|Carlos Cuartas|Jesús Mendoza|Freddy Grisales|Blanca Ercilia González|Johan Sebastián Gómez López|Fabio Danilo Castro Rosero|Richard Gómez Monsalve|Sandra Gaelle|María Camila Mejía",,"2015",2015,,,"Pastos arbolados",2227,0,,"http://creativecommons.org/licenses/by-nc/4.0/legalcode",
"3874281988","Cavendishia pubescens (Kunth) Hemsl.","Cavendishia pubescens (Kunth) Hemsl.",6.252687,-75.529811,"WGS84","","SOUTH_AMERICA","Colombia","CO","Antioquia","Medellín",,,"HUMAN_OBSERVATION","PRESENT","ACCEPTED","Línea de transmisión Bello-Guayabal-Ancón (BGA) a 230kV","f2bba2e8-855d-48a0-8642-3df701997ec5","d42b7e5d-a3e5-4fc2-8b3d-105336d70898","Empresas Públicas de Medellín E.S.P. (EPM)",,"Nancy Fiorella Ordoñez Castillo|Nidia Vélez Cañavera|Margarita Jaramillo|Daniel Felipe Rodríguez Ríos|Dany Luz Zabaleta Doria|Claudia Juliana Quijano Abril|Harold Hernando Pavas Castañeda|Carlos Cuartas|Jesús Mendoza|Freddy Grisales|Blanca Ercilia González|Johan Sebastián Gómez López|Fabio Danilo Castro Rosero|Richard Gómez Monsalve|Sandra Gaelle|María Camila Mejía",,"2015",2015,,,"Pastos arbolados",2154,0,,"http://creativecommons.org/licenses/by-nc/4.0/legalcode",
"3874281989","Cavendishia pubescens (Kunth) Hemsl.","Cavendishia pubescens (Kunth) Hemsl.",6.252678,-75.529844,"WGS84","","SOUTH_AMERICA","Colombia","CO","Antioquia","Medellín",,,"HUMAN_OBSERVATION","PRESENT","ACCEPTED","Línea de transmisión Bello-Guayabal-Ancón (BGA) a 230kV","f2bba2e8-855d-48a0-8642-3df701997ec5","d42b7e5d-a3e5-4fc2-8b3d-105336d70898","Empresas Públicas de Medellín E.S.P. (EPM)",,"Nancy Fiorella Ordoñez Castillo|Nidia Vélez Cañavera|Margarita Jaramillo|Daniel Felipe Rodríguez Ríos|Dany Luz Zabaleta Doria|Claudia Juliana Quijano Abril|Harold Hernando Pavas Castañeda|Carlos Cuartas|Jesús Mendoza|Freddy Grisales|Blanca Ercilia González|Johan Sebastián Gómez López|Fabio Danilo Castro Rosero|Richard Gómez Monsalve|Sandra Gaelle|María Camila Mejía",,"2015",2015,,,"Pastos arbolados",2151,0,,"http://creativecommons.org/licenses/by-nc/4.0/legalcode",
"3874282839","Cavendishia pubescens (Kunth) Hemsl.","Cavendishia pubescens (Kunth) Hemsl.",6.197229,-75.543253,"WGS84","","SOUTH_AMERICA","Colombia","CO","Antioquia","Medellín",,,"HUMAN_OBSERVATION","PRESENT","ACCEPTED","Línea de transmisión Bello-Guayabal-Ancón (BGA) a 230kV","f2bba2e8-855d-48a0-8642-3df701997ec5","d42b7e5d-a3e5-4fc2-8b3d-105336d70898","Empresas Públicas de Medellín E.S.P. (EPM)",,"Nancy Fiorella Ordoñez Castillo|Nidia Vélez Cañavera|Margarita Jaramillo|Daniel Felipe Rodríguez Ríos|Dany Luz Zabaleta Doria|Claudia Juliana Quijano Abril|Harold Hernando Pavas Castañeda|Carlos Cuartas|Jesús Mendoza|Freddy Grisales|Blanca Ercilia González|Johan Sebastián Gómez López|Fabio Danilo Castro Rosero|Richard Gómez Monsalve|Sandra Gaelle|María Camila Mejía",,"2015",2015,,,"Plantación forestal",2152,0,,"http://creativecommons.org/licenses/by-nc/4.0/legalcode",
"3874282842","Cavendishia pubescens (Kunth) Hemsl.","Cavendishia pubescens (Kunth) Hemsl.",6.197229,-75.543253,"WGS84","","SOUTH_AMERICA","Colombia","CO","Antioquia","Medellín",,,"HUMAN_OBSERVATION","PRESENT","ACCEPTED","Línea de transmisión Bello-Guayabal-Ancón (BGA) a 230kV","f2bba2e8-855d-48a0-8642-3df701997ec5","d42b7e5d-a3e5-4fc2-8b3d-105336d70898","Empresas Públicas de Medellín E.S.P. (EPM)",,"Nancy Fiorella Ordoñez Castillo|Nidia Vélez Cañavera|Margarita Jaramillo|Daniel Felipe Rodríguez Ríos|Dany Luz Zabaleta Doria|Claudia Juliana Quijano Abril|Harold Hernando Pavas Castañeda|Carlos Cuartas|Jesús Mendoza|Freddy Grisales|Blanca Ercilia González|Johan Sebastián Gómez López|Fabio Danilo Castro Rosero|Richard Gómez Monsalve|Sandra Gaelle|María Camila Mejía",,"2015",2015,,,"Plantación forestal",2152,0,,"http://creativecommons.org/licenses/by-nc/4.0/legalcode",
"3874285450","Cavendishia pubescens (Kunth) Hemsl.","Cavendishia pubescens (Kunth) Hemsl.",6.139131,-75.597083,"WGS84","","SOUTH_AMERICA","Colombia","CO","Antioquia","Sabaneta",,,"HUMAN_OBSERVATION","PRESENT","ACCEPTED","Línea de transmisión Bello-Guayabal-Ancón (BGA) a 230kV","f2bba2e8-855d-48a0-8642-3df701997ec5","d42b7e5d-a3e5-4fc2-8b3d-105336d70898","Empresas Públicas de Medellín E.S.P. (EPM)",,"Nancy Fiorella Ordoñez Castillo|Nidia Vélez Cañavera|Margarita Jaramillo|Daniel Felipe Rodríguez Ríos|Dany Luz Zabaleta Doria|Claudia Juliana Quijano Abril|Harold Hernando Pavas Castañeda|Carlos Cuartas|Jesús Mendoza|Freddy Grisales|Blanca Ercilia González|Johan Sebastián Gómez López|Fabio Danilo Castro Rosero|Richard Gómez Monsalve|Sandra Gaelle|María Camila Mejía",,"2015",2015,,,"Vegetación secundaria alta",2060,0,,"http://creativecommons.org/licenses/by-nc/4.0/legalcode",
"3874285859","Cavendishia pubescens (Kunth) Hemsl.","Cavendishia pubescens (Kunth) Hemsl.",6.211359,-75.541449,"WGS84","","SOUTH_AMERICA","Colombia","CO","Antioquia","Medellín",,,"HUMAN_OBSERVATION","PRESENT","ACCEPTED","Línea de transmisión Bello-Guayabal-Ancón (BGA) a 230kV","f2bba2e8-855d-48a0-8642-3df701997ec5","d42b7e5d-a3e5-4fc2-8b3d-105336d70898","Empresas Públicas de Medellín E.S.P. (EPM)",,"Nancy Fiorella Ordoñez Castillo|Nidia Vélez Cañavera|Margarita Jaramillo|Daniel Felipe Rodríguez Ríos|Dany Luz Zabaleta Doria|Claudia Juliana Quijano Abril|Harold Hernando Pavas Castañeda|Carlos Cuartas|Jesús Mendoza|Freddy Grisales|Blanca Ercilia González|Johan Sebastián Gómez López|Fabio Danilo Castro Rosero|Richard Gómez Monsalve|Sandra Gaelle|María Camila Mejía",,"2015",2015,,,"Plantación forestal",2017,0,,"http://creativecommons.org/licenses/by-nc/4.0/legalcode",
"3874286531","Cavendishia pubescens (Kunth) Hemsl.","Cavendishia pubescens (Kunth) Hemsl.",6.211897,-75.541554,"WGS84","","SOUTH_AMERICA","Colombia","CO","Antioquia","Medellín",,,"HUMAN_OBSERVATION","PRESENT","ACCEPTED","Línea de transmisión Bello-Guayabal-Ancón (BGA) a 230kV","f2bba2e8-855d-48a0-8642-3df701997ec5","d42b7e5d-a3e5-4fc2-8b3d-105336d70898","Empresas Públicas de Medellín E.S.P. (EPM)",,"Nancy Fiorella Ordoñez Castillo|Nidia Vélez Cañavera|Margarita Jaramillo|Daniel Felipe Rodríguez Ríos|Dany Luz Zabaleta Doria|Claudia Juliana Quijano Abril|Harold Hernando Pavas Castañeda|Carlos Cuartas|Jesús Mendoza|Freddy Grisales|Blanca Ercilia González|Johan Sebastián Gómez López|Fabio Danilo Castro Rosero|Richard Gómez Monsalve|Sandra Gaelle|María Camila Mejía",,"2015",2015,,,"Plantación forestal",2027,0,,"http://creativecommons.org/licenses/by-nc/4.0/legalcode",
"3874286763","Cavendishia pubescens (Kunth) Hemsl.","Cavendishia pubescens (Kunth) Hemsl.",6.234484,-75.521278,"WGS84","","SOUTH_AMERICA","Colombia","CO","Antioquia","Medellín",,,"HUMAN_OBSERVATION","PRESENT","ACCEPTED","Línea de transmisión Bello-Guayabal-Ancón (BGA) a 230kV","f2bba2e8-855d-48a0-8642-3df701997ec5","d42b7e5d-a3e5-4fc2-8b3d-105336d70898","Empresas Públicas de Medellín E.S.P. (EPM)",,"Nancy Fiorella Ordoñez Castillo|Nidia Vélez Cañavera|Margarita Jaramillo|Daniel Felipe Rodríguez Ríos|Dany Luz Zabaleta Doria|Claudia Juliana Quijano Abril|Harold Hernando Pavas Castañeda|Carlos Cuartas|Jesús Mendoza|Freddy Grisales|Blanca Ercilia González|Johan Sebastián Gómez López|Fabio Danilo Castro Rosero|Richard Gómez Monsalve|Sandra Gaelle|María Camila Mejía",,"2015",2015,,,"Plantación forestal",1959,0,,"http://creativecommons.org/licenses/by-nc/4.0/legalcode",
"3874286829","Cavendishia pubescens (Kunth) Hemsl.","Cavendishia pubescens (Kunth) Hemsl.",6.234456,-75.521342,"WGS84","","SOUTH_AMERICA","Colombia","CO","Antioquia","Medellín",,,"HUMAN_OBSERVATION","PRESENT","ACCEPTED","Línea de transmisión Bello-Guayabal-Ancón (BGA) a 230kV","f2bba2e8-855d-48a0-8642-3df701997ec5","d42b7e5d-a3e5-4fc2-8b3d-105336d70898","Empresas Públicas de Medellín E.S.P. (EPM)",,"Nancy Fiorella Ordoñez Castillo|Nidia Vélez Cañavera|Margarita Jaramillo|Daniel Felipe Rodríguez Ríos|Dany Luz Zabaleta Doria|Claudia Juliana Quijano Abril|Harold Hernando Pavas Castañeda|Carlos Cuartas|Jesús Mendoza|Freddy Grisales|Blanca Ercilia González|Johan Sebastián Gómez López|Fabio Danilo Castro Rosero|Richard Gómez Monsalve|Sandra Gaelle|María Camila Mejía",,"2015",2015,,,"Plantación forestal",1951,0,,"http://creativecommons.org/licenses/by-nc/4.0/legalcode",
"3874286918","Cavendishia pubescens (Kunth) Hemsl.","Cavendishia pubescens (Kunth) Hemsl.",6.248004,-75.528035,"WGS84","","SOUTH_AMERICA","Colombia","CO","Antioquia","Medellín",,,"HUMAN_OBSERVATION","PRESENT","ACCEPTED","Línea de transmisión Bello-Guayabal-Ancón (BGA) a 230kV","f2bba2e8-855d-48a0-8642-3df701997ec5","d42b7e5d-a3e5-4fc2-8b3d-105336d70898","Empresas Públicas de Medellín E.S.P. (EPM)",,"Nancy Fiorella Ordoñez Castillo|Nidia Vélez Cañavera|Margarita Jaramillo|Daniel Felipe Rodríguez Ríos|Dany Luz Zabaleta Doria|Claudia Juliana Quijano Abril|Harold Hernando Pavas Castañeda|Carlos Cuartas|Jesús Mendoza|Freddy Grisales|Blanca Ercilia González|Johan Sebastián Gómez López|Fabio Danilo Castro Rosero|Richard Gómez Monsalve|Sandra Gaelle|María Camila Mejía",,"2015",2015,,,"Vegetación secundaria alta",2020,0,,"http://creativecommons.org/licenses/by-nc/4.0/legalcode",
"3874286922","Cavendishia pubescens (Kunth) Hemsl.","Cavendishia pubescens (Kunth) Hemsl.",6.248037,-75.528103,"WGS84","","SOUTH_AMERICA","Colombia","CO","Antioquia","Medellín",,,"HUMAN_OBSERVATION","PRESENT","ACCEPTED","Línea de transmisión Bello-Guayabal-Ancón (BGA) a 230kV","f2bba2e8-855d-48a0-8642-3df701997ec5","d42b7e5d-a3e5-4fc2-8b3d-105336d70898","Empresas Públicas de Medellín E.S.P. (EPM)",,"Nancy Fiorella Ordoñez Castillo|Nidia Vélez Cañavera|Margarita Jaramillo|Daniel Felipe Rodríguez Ríos|Dany Luz Zabaleta Doria|Claudia Juliana Quijano Abril|Harold Hernando Pavas Castañeda|Carlos Cuartas|Jesús Mendoza|Freddy Grisales|Blanca Ercilia González|Johan Sebastián Gómez López|Fabio Danilo Castro Rosero|Richard Gómez Monsalve|Sandra Gaelle|María Camila Mejía",,"2015",2015,,,"Vegetación secundaria alta",2015,0,,"http://creativecommons.org/licenses/by-nc/4.0/legalcode",
"3874286924","Cavendishia pubescens (Kunth) Hemsl.","Cavendishia pubescens (Kunth) Hemsl.",6.248004,-75.528035,"WGS84","","SOUTH_AMERICA","Colombia","CO","Antioquia","Medellín",,,"HUMAN_OBSERVATION","PRESENT","ACCEPTED","Línea de transmisión Bello-Guayabal-Ancón (BGA) a 230kV","f2bba2e8-855d-48a0-8642-3df701997ec5","d42b7e5d-a3e5-4fc2-8b3d-105336d70898","Empresas Públicas de Medellín E.S.P. (EPM)",,"Nancy Fiorella Ordoñez Castillo|Nidia Vélez Cañavera|Margarita Jaramillo|Daniel Felipe Rodríguez Ríos|Dany Luz Zabaleta Doria|Claudia Juliana Quijano Abril|Harold Hernando Pavas Castañeda|Carlos Cuartas|Jesús Mendoza|Freddy Grisales|Blanca Ercilia González|Johan Sebastián Gómez López|Fabio Danilo Castro Rosero|Richard Gómez Monsalve|Sandra Gaelle|María Camila Mejía",,"2015",2015,,,"Vegetación secundaria alta",2020,0,,"http://creativecommons.org/licenses/by-nc/4.0/legalcode",
"3874288009","Cavendishia pubescens (Kunth) Hemsl.","Cavendishia pubescens (Kunth) Hemsl.",6.227438,-75.523046,"WGS84","","SOUTH_AMERICA","Colombia","CO","Antioquia","Medellín",,,"HUMAN_OBSERVATION","PRESENT","ACCEPTED","Línea de transmisión Bello-Guayabal-Ancón (BGA) a 230kV","f2bba2e8-855d-48a0-8642-3df701997ec5","d42b7e5d-a3e5-4fc2-8b3d-105336d70898","Empresas Públicas de Medellín E.S.P. (EPM)",,"Nancy Fiorella Ordoñez Castillo|Nidia Vélez Cañavera|Margarita Jaramillo|Daniel Felipe Rodríguez Ríos|Dany Luz Zabaleta Doria|Claudia Juliana Quijano Abril|Harold Hernando Pavas Castañeda|Carlos Cuartas|Jesús Mendoza|Freddy Grisales|Blanca Ercilia González|Johan Sebastián Gómez López|Fabio Danilo Castro Rosero|Richard Gómez Monsalve|Sandra Gaelle|María Camila Mejía",,"2015",2015,,,"Vegetación secundaria alta",1889,0,,"http://creativecommons.org/licenses/by-nc/4.0/legalcode",
"3874288789","Cavendishia pubescens (Kunth) Hemsl.","Cavendishia pubescens (Kunth) Hemsl.",6.229202,-75.521105,"WGS84","","SOUTH_AMERICA","Colombia","CO","Antioquia","Medellín",,,"HUMAN_OBSERVATION","PRESENT","ACCEPTED","Línea de transmisión Bello-Guayabal-Ancón (BGA) a 230kV","f2bba2e8-855d-48a0-8642-3df701997ec5","d42b7e5d-a3e5-4fc2-8b3d-105336d70898","Empresas Públicas de Medellín E.S.P. (EPM)",,"Nancy Fiorella Ordoñez Castillo|Nidia Vélez Cañavera|Margarita Jaramillo|Daniel Felipe Rodríguez Ríos|Dany Luz Zabaleta Doria|Claudia Juliana Quijano Abril|Harold Hernando Pavas Castañeda|Carlos Cuartas|Jesús Mendoza|Freddy Grisales|Blanca Ercilia González|Johan Sebastián Gómez López|Fabio Danilo Castro Rosero|Richard Gómez Monsalve|Sandra Gaelle|María Camila Mejía",,"2015",2015,,,"Vegetación secundaria alta",1848,0,,"http://creativecommons.org/licenses/by-nc/4.0/legalcode",
"3874289980","Cavendishia pubescens (Kunth) Hemsl.","Cavendishia pubescens (Kunth) Hemsl.",6.209309,-75.541695,"WGS84","","SOUTH_AMERICA","Colombia","CO","Antioquia","Medellín",,,"HUMAN_OBSERVATION","PRESENT","ACCEPTED","Línea de transmisión Bello-Guayabal-Ancón (BGA) a 230kV","f2bba2e8-855d-48a0-8642-3df701997ec5","d42b7e5d-a3e5-4fc2-8b3d-105336d70898","Empresas Públicas de Medellín E.S.P. (EPM)",,"Nancy Fiorella Ordoñez Castillo|Nidia Vélez Cañavera|Margarita Jaramillo|Daniel Felipe Rodríguez Ríos|Dany Luz Zabaleta Doria|Claudia Juliana Quijano Abril|Harold Hernando Pavas Castañeda|Carlos Cuartas|Jesús Mendoza|Freddy Grisales|Blanca Ercilia González|Johan Sebastián Gómez López|Fabio Danilo Castro Rosero|Richard Gómez Monsalve|Sandra Gaelle|María Camila Mejía",,"2015",2015,,,"Plantación forestal",2034,0,,"http://creativecommons.org/licenses/by-nc/4.0/legalcode",
"3874289982","Cavendishia pubescens (Kunth) Hemsl.","Cavendishia pubescens (Kunth) Hemsl.",6.209309,-75.541695,"WGS84","","SOUTH_AMERICA","Colombia","CO","Antioquia","Medellín",,,"HUMAN_OBSERVATION","PRESENT","ACCEPTED","Línea de transmisión Bello-Guayabal-Ancón (BGA) a 230kV","f2bba2e8-855d-48a0-8642-3df701997ec5","d42b7e5d-a3e5-4fc2-8b3d-105336d70898","Empresas Públicas de Medellín E.S.P. (EPM)",,"Nancy Fiorella Ordoñez Castillo|Nidia Vélez Cañavera|Margarita Jaramillo|Daniel Felipe Rodríguez Ríos|Dany Luz Zabaleta Doria|Claudia Juliana Quijano Abril|Harold Hernando Pavas Castañeda|Carlos Cuartas|Jesús Mendoza|Freddy Grisales|Blanca Ercilia González|Johan Sebastián Gómez López|Fabio Danilo Castro Rosero|Richard Gómez Monsalve|Sandra Gaelle|María Camila Mejía",,"2015",2015,,,"Plantación forestal",2034,0,,"http://creativecommons.org/licenses/by-nc/4.0/legalcode",
"3874289984","Cavendishia pubescens (Kunth) Hemsl.","Cavendishia pubescens (Kunth) Hemsl.",6.20928,-75.541709,"WGS84","","SOUTH_AMERICA","Colombia","CO","Antioquia","Medellín",,,"HUMAN_OBSERVATION","PRESENT","ACCEPTED","Línea de transmisión Bello-Guayabal-Ancón (BGA) a 230kV","f2bba2e8-855d-48a0-8642-3df701997ec5","d42b7e5d-a3e5-4fc2-8b3d-105336d70898","Empresas Públicas de Medellín E.S.P. (EPM)",,"Nancy Fiorella Ordoñez Castillo|Nidia Vélez Cañavera|Margarita Jaramillo|Daniel Felipe Rodríguez Ríos|Dany Luz Zabaleta Doria|Claudia Juliana Quijano Abril|Harold Hernando Pavas Castañeda|Carlos Cuartas|Jesús Mendoza|Freddy Grisales|Blanca Ercilia González|Johan Sebastián Gómez López|Fabio Danilo Castro Rosero|Richard Gómez Monsalve|Sandra Gaelle|María Camila Mejía",,"2015",2015,,,"Plantación forestal",2040,0,,"http://creativecommons.org/licenses/by-nc/4.0/legalcode",
"3874291555","Cavendishia pubescens (Kunth) Hemsl.","Cavendishia pubescens (Kunth) Hemsl.",6.15594,-75.558156,"WGS84","","SOUTH_AMERICA","Colombia","CO","Antioquia","Envigado",,,"HUMAN_OBSERVATION","PRESENT","ACCEPTED","Línea de transmisión Bello-Guayabal-Ancón (BGA) a 230kV","f2bba2e8-855d-48a0-8642-3df701997ec5","d42b7e5d-a3e5-4fc2-8b3d-105336d70898","Empresas Públicas de Medellín E.S.P. (EPM)",,"Nancy Fiorella Ordoñez Castillo|Nidia Vélez Cañavera|Margarita Jaramillo|Daniel Felipe Rodríguez Ríos|Dany Luz Zabaleta Doria|Claudia Juliana Quijano Abril|Harold Hernando Pavas Castañeda|Carlos Cuartas|Jesús Mendoza|Freddy Grisales|Blanca Ercilia González|Johan Sebastián Gómez López|Fabio Danilo Castro Rosero|Richard Gómez Monsalve|Sandra Gaelle|María Camila Mejía",,"2015",2015,,,"Vegetación secundaria alta",2036,0,,"http://creativecommons.org/licenses/by-nc/4.0/legalcode",
"3874291560","Cavendishia pubescens (Kunth) Hemsl.","Cavendishia pubescens (Kunth) Hemsl.",6.15594,-75.558156,"WGS84","","SOUTH_AMERICA","Colombia","CO","Antioquia","Envigado",,,"HUMAN_OBSERVATION","PRESENT","ACCEPTED","Línea de transmisión Bello-Guayabal-Ancón (BGA) a 230kV","f2bba2e8-855d-48a0-8642-3df701997ec5","d42b7e5d-a3e5-4fc2-8b3d-105336d70898","Empresas Públicas de Medellín E.S.P. (EPM)",,"Nancy Fiorella Ordoñez Castillo|Nidia Vélez Cañavera|Margarita Jaramillo|Daniel Felipe Rodríguez Ríos|Dany Luz Zabaleta Doria|Claudia Juliana Quijano Abril|Harold Hernando Pavas Castañeda|Carlos Cuartas|Jesús Mendoza|Freddy Grisales|Blanca Ercilia González|Johan Sebastián Gómez López|Fabio Danilo Castro Rosero|Richard Gómez Monsalve|Sandra Gaelle|María Camila Mejía",,"2015",2015,,,"Vegetación secundaria alta",2036,0,,"http://creativecommons.org/licenses/by-nc/4.0/legalcode",
"3978648630","Cavendishia pubescens (Kunth) Hemsl.","Cavendishia pubescens (Kunth) Hemsl.",7.27526,-72.94453,"WGS84","","SOUTH_AMERICA","Colombia","CO","Santander","Charta",,"Pinta","HUMAN_OBSERVATION","PRESENT","ACCEPTED",,"f91111a4-3c37-4273-ad0c-2789758d04e2","007a7e84-3793-4a7c-aa29-8987e27f4d1f","Instituto de Hidrología, Meteorología y Estudios Ambientales (IDEAM)",,,,"2015",2015,,,,1850,,,"http://creativecommons.org/licenses/by/4.0/legalcode",
"1703245339","Cavendishia pubescens (Kunth) Hemsl.","Cavendishia pubescens (Kunth) Hemsl.",4.096944,-74.414722,"WGS84","cdc,cdround,gass84,osiic,inmafu","SOUTH_AMERICA","Colombia","CO","Cundinamarca","Cabrera",,"Vereda Hoyerias, región del Sumapáz","PRESERVED_SPECIMEN","PRESENT","ACCEPTED","Conjunto de datos del Herbario Forestal UDBC - Gilberto Emilio Mahecha Vega","704fd2e5-f071-4836-8f24-2b3da24f7b57","b8cd2cdb-ee95-409c-b1b8-e09bab4f9a70","Universidad Distrital Francisco José de Caldas (UDistrital)","UDBC","Beltrán, L.|Morales, J.","Sastoque, E.","2014-05-22",2014,5,22,,3220,,,"http://creativecommons.org/licenses/by-nc/4.0/legalcode",
"1707497516","Cavendishia pubescens (Kunth) Hemsl.","Cavendishia pubescens (Kunth) Hemsl.",3.927483,-74.400883,"WGS84","cdround,gass84,inmafu","SOUTH_AMERICA","Colombia","CO","Cundinamarca","Cabrera",,"Vereda Hoyerias, región del Sumapáz","PRESERVED_SPECIMEN","PRESENT","ACCEPTED","Caracterización de la vedetación en el gradiente altitudinal en la transición del bosque alto andino-páramo en el complejo de Sumapaz - Cruz verde. Convenio interadmistrativo 13-014-348 CE","1fe5d5cd-0336-4664-b768-d38acf349c0a","2a7e3080-28a9-11dd-97cd-b8a03c50a862","Instituto de Investigación de Recursos Biológicos Alexander von Humboldt (IAvH)","FMB","C. Beltrán|J. Morales","Nelson Salinas","2014-05-22",2014,5,22,,3220,,"Actualización del inventario entre 2019 y septiembre de 2021.","http://creativecommons.org/licenses/by-nc/4.0/legalcode",
"1836139694","Cavendishia pubescens (Kunth) Hemsl.","Cavendishia pubescens (Kunth) Hemsl.",6.009528,-76.100556,"WGS84","cdround","SOUTH_AMERICA","Colombia","CO","Antioquia","Salgar",,"Vereda Santa Isabel; Cerro Plateado","HUMAN_OBSERVATION","PRESENT","ACCEPTED",,"5dfaf2ac-5980-4ec5-8490-4607fcd59123","2a7e3080-28a9-11dd-97cd-b8a03c50a862","UDEA","HUA","Herber Sarrazola; Mateo Sánchez","Jaider Jiménez","2014-06-10",2014,6,10,"arbustal",3560,0,,"http://creativecommons.org/licenses/by-nc/4.0/legalcode","UDEA"
"1836145688","Cavendishia pubescens (Kunth) Hemsl.","Cavendishia pubescens (Kunth) Hemsl.",6.014589,-76.096511,"WGS84","cdround","SOUTH_AMERICA","Colombia","CO","Antioquia","Salgar",,"Vereda Santa Isabel; Cerro Plateado","HUMAN_OBSERVATION","PRESENT","ACCEPTED",,"5dfaf2ac-5980-4ec5-8490-4607fcd59123","2a7e3080-28a9-11dd-97cd-b8a03c50a862","Instituto de Investigación de Recursos Biológicos Alexander von Humboldt (IAvH)","IAvH","Herber Sarrazola; Mateo Sánchez","Jaider Jiménez","2014-06-11",2014,6,11,"Bosque",3400,0,,"http://creativecommons.org/licenses/by-nc/4.0/legalcode","UDEA"
"1836146753","Cavendishia pubescens (Kunth) Hemsl.","Cavendishia pubescens (Kunth) Hemsl.",6.008961,-76.099853,"WGS84","cdround","SOUTH_AMERICA","Colombia","CO","Antioquia","Salgar",,"Vereda Santa Isabel; Cerro Plateado","HUMAN_OBSERVATION","PRESENT","ACCEPTED",,"5dfaf2ac-5980-4ec5-8490-4607fcd59123","2a7e3080-28a9-11dd-97cd-b8a03c50a862","Instituto de Investigación de Recursos Biológicos Alexander von Humboldt (IAvH)","IAvH","Herber Sarrazola; Mateo Sánchez","Jaider Jiménez","2014-06-10",2014,6,10,"arbustal",3558,0,,"http://creativecommons.org/licenses/by-nc/4.0/legalcode","UDEA"
"1836146821","Cavendishia pubescens (Kunth) Hemsl.","Cavendishia pubescens (Kunth) Hemsl.",6.009528,-76.100556,"WGS84","cdround","SOUTH_AMERICA","Colombia","CO","Antioquia","Salgar",,"Vereda Santa Isabel; Cerro Plateado","HUMAN_OBSERVATION","PRESENT","ACCEPTED",,"5dfaf2ac-5980-4ec5-8490-4607fcd59123","2a7e3080-28a9-11dd-97cd-b8a03c50a862","Instituto de Investigación de Recursos Biológicos Alexander von Humboldt (IAvH)","IAvH","Herber Sarrazola; Mateo Sánchez","Jaider Jiménez","2014-06-10",2014,6,10,"arbustal",3560,0,,"http://creativecommons.org/licenses/by-nc/4.0/legalcode","UDEA"
"1836147091","Cavendishia pubescens (Kunth) Hemsl.","Cavendishia pubescens (Kunth) Hemsl.",6.008961,-76.099853,"WGS84","cdround","SOUTH_AMERICA","Colombia","CO","Antioquia","Salgar",,"Vereda Santa Isabel; Cerro Plateado","HUMAN_OBSERVATION","PRESENT","ACCEPTED",,"5dfaf2ac-5980-4ec5-8490-4607fcd59123","2a7e3080-28a9-11dd-97cd-b8a03c50a862","Instituto de Investigación de Recursos Biológicos Alexander von Humboldt (IAvH)","IAvH","Herber Sarrazola; Mateo Sánchez","Jaider Jiménez","2014-06-10",2014,6,10,"arbustal",3558,0,,"http://creativecommons.org/licenses/by-nc/4.0/legalcode","UDEA"
"1836147279","Cavendishia pubescens (Kunth) Hemsl.","Cavendishia pubescens (Kunth) Hemsl.",6.008961,-76.099853,"WGS84","cdround","SOUTH_AMERICA","Colombia","CO","Antioquia","Salgar",,"Vereda Santa Isabel; Cerro Plateado","HUMAN_OBSERVATION","PRESENT","ACCEPTED",,"5dfaf2ac-5980-4ec5-8490-4607fcd59123","2a7e3080-28a9-11dd-97cd-b8a03c50a862","Instituto de Investigación de Recursos Biológicos Alexander von Humboldt (IAvH)","IAvH","Herber Sarrazola; Mateo Sánchez","Jaider Jiménez","2014-06-10",2014,6,10,"arbustal",3558,0,,"http://creativecommons.org/licenses/by-nc/4.0/legalcode","UDEA"
"1836147841","Cavendishia pubescens (Kunth) Hemsl.","Cavendishia pubescens (Kunth) Hemsl.",6.01025,-76.098111,"WGS84","cdround","SOUTH_AMERICA","Colombia","CO","Antioquia","Salgar",,"Vereda Santa Isabel; Cerro Plateado","HUMAN_OBSERVATION","PRESENT","ACCEPTED",,"5dfaf2ac-5980-4ec5-8490-4607fcd59123","2a7e3080-28a9-11dd-97cd-b8a03c50a862","Instituto de Investigación de Recursos Biológicos Alexander von Humboldt (IAvH)","IAvH","Herber Sarrazola; Mateo Sánchez","Jaider Jiménez","2014-06-10",2014,6,10,"arbustal",3500,0,,"http://creativecommons.org/licenses/by-nc/4.0/legalcode","UDEA"
"1836147866","Cavendishia pubescens (Kunth) Hemsl.","Cavendishia pubescens (Kunth) Hemsl.",6.009583,-76.100583,"WGS84","cdround","SOUTH_AMERICA","Colombia","CO","Antioquia","Salgar",,"Vereda Santa Isabel; Cerro Plateado","HUMAN_OBSERVATION","PRESENT","ACCEPTED",,"5dfaf2ac-5980-4ec5-8490-4607fcd59123","2a7e3080-28a9-11dd-97cd-b8a03c50a862","Instituto de Investigación de Recursos Biológicos Alexander von Humboldt (IAvH)","IAvH","Herber Sarrazola; Mateo Sánchez","Jaider Jiménez","2014-06-10",2014,6,10,"arbustal",3565,0,,"http://creativecommons.org/licenses/by-nc/4.0/legalcode","UDEA"
"1836147869","Cavendishia pubescens (Kunth) Hemsl.","Cavendishia pubescens (Kunth) Hemsl.",6.009583,-76.100583,"WGS84","cdround","SOUTH_AMERICA","Colombia","CO","Antioquia","Salgar",,"Vereda Santa Isabel; Cerro Plateado","HUMAN_OBSERVATION","PRESENT","ACCEPTED",,"5dfaf2ac-5980-4ec5-8490-4607fcd59123","2a7e3080-28a9-11dd-97cd-b8a03c50a862","Instituto de Investigación de Recursos Biológicos Alexander von Humboldt (IAvH)","IAvH","Herber Sarrazola; Mateo Sánchez","Jaider Jiménez","2014-06-10",2014,6,10,"arbustal",3565,0,,"http://creativecommons.org/licenses/by-nc/4.0/legalcode","UDEA"
"1836147906","Cavendishia pubescens (Kunth) Hemsl.","Cavendishia pubescens (Kunth) Hemsl.",6.009583,-76.100583,"WGS84","cdround","SOUTH_AMERICA","Colombia","CO","Antioquia","Salgar",,"Vereda Santa Isabel; Cerro Plateado","HUMAN_OBSERVATION","PRESENT","ACCEPTED",,"5dfaf2ac-5980-4ec5-8490-4607fcd59123","2a7e3080-28a9-11dd-97cd-b8a03c50a862","Instituto de Investigación de Recursos Biológicos Alexander von Humboldt (IAvH)","IAvH","Herber Sarrazola; Mateo Sánchez","Jaider Jiménez","2014-06-10",2014,6,10,"arbustal",3565,0,,"http://creativecommons.org/licenses/by-nc/4.0/legalcode","UDEA"
"1836148380","Cavendishia pubescens (Kunth) Hemsl.","Cavendishia pubescens (Kunth) Hemsl.",6.009583,-76.100583,"WGS84","cdround","SOUTH_AMERICA","Colombia","CO","Antioquia","Salgar",,"Vereda Santa Isabel; Cerro Plateado","HUMAN_OBSERVATION","PRESENT","ACCEPTED",,"5dfaf2ac-5980-4ec5-8490-4607fcd59123","2a7e3080-28a9-11dd-97cd-b8a03c50a862","Instituto de Investigación de Recursos Biológicos Alexander von Humboldt (IAvH)","IAvH","Herber Sarrazola; Mateo Sánchez","Jaider Jiménez","2014-06-10",2014,6,10,"arbustal",3565,0,,"http://creativecommons.org/licenses/by-nc/4.0/legalcode","UDEA"
"1836148392","Cavendishia pubescens (Kunth) Hemsl.","Cavendishia pubescens (Kunth) Hemsl.",6.01025,-76.098111,"WGS84","cdround","SOUTH_AMERICA","Colombia","CO","Antioquia","Salgar",,"Vereda Santa Isabel; Cerro Plateado","HUMAN_OBSERVATION","PRESENT","ACCEPTED",,"5dfaf2ac-5980-4ec5-8490-4607fcd59123","2a7e3080-28a9-11dd-97cd-b8a03c50a862","Instituto de Investigación de Recursos Biológicos Alexander von Humboldt (IAvH)","IAvH","Herber Sarrazola; Mateo Sánchez","Jaider Jiménez","2014-06-10",2014,6,10,"arbustal",3500,0,,"http://creativecommons.org/licenses/by-nc/4.0/legalcode","UDEA"
"1836148425","Cavendishia pubescens (Kunth) Hemsl.","Cavendishia pubescens (Kunth) Hemsl.",6.009583,-76.100583,"WGS84","cdround","SOUTH_AMERICA","Colombia","CO","Antioquia","Salgar",,"Vereda Santa Isabel; Cerro Plateado","HUMAN_OBSERVATION","PRESENT","ACCEPTED",,"5dfaf2ac-5980-4ec5-8490-4607fcd59123","2a7e3080-28a9-11dd-97cd-b8a03c50a862","Instituto de Investigación de Recursos Biológicos Alexander von Humboldt (IAvH)","IAvH","Herber Sarrazola; Mateo Sánchez","Jaider Jiménez","2014-06-10",2014,6,10,"arbustal",3565,0,,"http://creativecommons.org/licenses/by-nc/4.0/legalcode","UDEA"
"1836148924","Cavendishia pubescens (Kunth) Hemsl.","Cavendishia pubescens (Kunth) Hemsl.",6.010611,-76.097889,"WGS84","cdround","SOUTH_AMERICA","Colombia","CO","Antioquia","Salgar",,"Vereda Santa Isabel; Cerro Plateado","HUMAN_OBSERVATION","PRESENT","ACCEPTED",,"5dfaf2ac-5980-4ec5-8490-4607fcd59123","2a7e3080-28a9-11dd-97cd-b8a03c50a862","Instituto de Investigación de Recursos Biológicos Alexander von Humboldt (IAvH)","IAvH","Herber Sarrazola; Mateo Sánchez","Jaider Jiménez","2014-06-10",2014,6,10,"arbustal",3500,0,,"http://creativecommons.org/licenses/by-nc/4.0/legalcode","UDEA"
"1836148925","Cavendishia pubescens (Kunth) Hemsl.","Cavendishia pubescens (Kunth) Hemsl.",6.01025,-76.098111,"WGS84","cdround","SOUTH_AMERICA","Colombia","CO","Antioquia","Salgar",,"Vereda Santa Isabel; Cerro Plateado","HUMAN_OBSERVATION","PRESENT","ACCEPTED",,"5dfaf2ac-5980-4ec5-8490-4607fcd59123","2a7e3080-28a9-11dd-97cd-b8a03c50a862","Instituto de Investigación de Recursos Biológicos Alexander von Humboldt (IAvH)","IAvH","Herber Sarrazola; Mateo Sánchez","Jaider Jiménez","2014-06-10",2014,6,10,"arbustal",3500,0,,"http://creativecommons.org/licenses/by-nc/4.0/legalcode","UDEA"
"1836148941","Cavendishia pubescens (Kunth) Hemsl.","Cavendishia pubescens (Kunth) Hemsl.",6.010611,-76.097889,"WGS84","cdround","SOUTH_AMERICA","Colombia","CO","Antioquia","Salgar",,"Vereda Santa Isabel; Cerro Plateado","HUMAN_OBSERVATION","PRESENT","ACCEPTED",,"5dfaf2ac-5980-4ec5-8490-4607fcd59123","2a7e3080-28a9-11dd-97cd-b8a03c50a862","Instituto de Investigación de Recursos Biológicos Alexander von Humboldt (IAvH)","IAvH","Herber Sarrazola; Mateo Sánchez","Jaider Jiménez","2014-06-10",2014,6,10,"arbustal",3500,0,,"http://creativecommons.org/licenses/by-nc/4.0/legalcode","UDEA"
"1836148949","Cavendishia pubescens (Kunth) Hemsl.","Cavendishia pubescens (Kunth) Hemsl.",6.01025,-76.098111,"WGS84","cdround","SOUTH_AMERICA","Colombia","CO","Antioquia","Salgar",,"Vereda Santa Isabel; Cerro Plateado","HUMAN_OBSERVATION","PRESENT","ACCEPTED",,"5dfaf2ac-5980-4ec5-8490-4607fcd59123","2a7e3080-28a9-11dd-97cd-b8a03c50a862","Instituto de Investigación de Recursos Biológicos Alexander von Humboldt (IAvH)","IAvH","Herber Sarrazola; Mateo Sánchez","Jaider Jiménez","2014-06-10",2014,6,10,"arbustal",3500,0,,"http://creativecommons.org/licenses/by-nc/4.0/legalcode","UDEA"
"1836148966","Cavendishia pubescens (Kunth) Hemsl.","Cavendishia pubescens (Kunth) Hemsl.",6.009528,-76.100556,"WGS84","cdround","SOUTH_AMERICA","Colombia","CO","Antioquia","Salgar",,"Vereda Santa Isabel; Cerro Plateado","HUMAN_OBSERVATION","PRESENT","ACCEPTED",,"5dfaf2ac-5980-4ec5-8490-4607fcd59123","2a7e3080-28a9-11dd-97cd-b8a03c50a862","Instituto de Investigación de Recursos Biológicos Alexander von Humboldt (IAvH)","IAvH","Herber Sarrazola; Mateo Sánchez","Jaider Jiménez","2014-06-10",2014,6,10,"arbustal",3560,0,,"http://creativecommons.org/licenses/by-nc/4.0/legalcode","UDEA"
"1836149269","Cavendishia pubescens (Kunth) Hemsl.","Cavendishia pubescens (Kunth) Hemsl.",6.009528,-76.100556,"WGS84","cdround","SOUTH_AMERICA","Colombia","CO","Antioquia","Salgar",,"Vereda Santa Isabel; Cerro Plateado","HUMAN_OBSERVATION","PRESENT","ACCEPTED",,"5dfaf2ac-5980-4ec5-8490-4607fcd59123","2a7e3080-28a9-11dd-97cd-b8a03c50a862","Instituto de Investigación de Recursos Biológicos Alexander von Humboldt (IAvH)","IAvH","Herber Sarrazola; Mateo Sánchez","Jaider Jiménez","2014-06-10",2014,6,10,"arbustal",3560,0,,"http://creativecommons.org/licenses/by-nc/4.0/legalcode","UDEA"
"1427573942","Cavendishia pubescens (Kunth) Hemsl.","Cavendishia pubescens (Kunth) Hemsl.",4.708225,-75.605472,"WGS84","cdc,muluriiv","SOUTH_AMERICA","Colombia","CO","Risaralda","Pereira",,"""Vereda El Manzano. Sector cabecera del río Barbas. Bosque creciendo en el cañón del río, en limites con el departamento de Quindío.""","HUMAN_OBSERVATION","PRESENT","ACCEPTED","Planeación ambiental para la conservación de la biodiversidad en las áreas operativas de Ecopetrol","d52b82ef-d3b9-47e3-802b-5725659812a6","2a7e3080-28a9-11dd-97cd-b8a03c50a862","Instituto de Investigación de Recursos Biológicos Alexander von Humboldt (IAvH)","FMB","M. F. González; S. Medina; J. S. Moreno; L. F. Vegara; T. Hinestroza y M. Cardona","M. F. González; J. S. Moreno","2014-07-22",2014,7,22,,1999,,"""Arbusto epífito de ramas péndulas. Brácteas de la inflorescencia y frutos vino tinto, corola blanquecina.""","http://creativecommons.org/licenses/by-nc/4.0/legalcode","ICESI"
"1099338151","Cavendishia pubescens (Kunth) Hemsl.","Cavendishia pubescens (Kunth) Hemsl.",5.68583,-73.4431,"WGS84","gass84,osiic","SOUTH_AMERICA","Colombia","CO","Boyacá","Villa de Leyva",,"SFF Iguaque","HUMAN_OBSERVATION","PRESENT","ACCEPTED",,"8b85c5ec-1262-4adf-86a2-b4921d277948","2a7e3080-28a9-11dd-97cd-b8a03c50a862","Instituto de Investigación de Recursos Biológicos Alexander von Humboldt (IAvH)","IAvH","Nuñez, O & Epinel, J","Mendoza, H","2014-11-20",2014,11,20,"Transición entre bosque Alto Andino y Paramo",3540,0,,"http://creativecommons.org/licenses/by-nc/4.0/legalcode",
"1702525259","Cavendishia pubescens (Kunth) Hemsl.","Cavendishia pubescens (Kunth) Hemsl.",5.047722,-75.197528,"WGS84","cdc,cdround,gass84,colmafu,inmafu","SOUTH_AMERICA","Colombia","CO","Tolima","Herveo",,"Río Guali, Carretera Herveo-Casa blanca","PRESERVED_SPECIMEN","PRESENT","ACCEPTED","Colección general del herbario del Jardín Botánico de Bogotá José Celestino Mutis","3021152d-571e-477e-8b22-e11f9b2e1ca4","eace4687-50e8-4f9a-829b-29ff8ff1fa8b","Jardín Botánico José Celestino Mutis (JBBJCM)","JBB","Morales-L., Gustavo","Vargas-Rincón, Carlos","2013-01-06",2013,1,6,,1666,0,,"http://creativecommons.org/licenses/by/4.0/legalcode","Jardín Botánico José Celestino Mutis"
"1324204397","Cavendishia pubescens (Kunth) Hemsl.","Cavendishia pubescens (Kunth) Hemsl.",7.379477,-72.947561,"WGS84","cdc,inmafu","SOUTH_AMERICA","Colombia","CO","Santander","California",,"Area Mina el Gigante AUX","PRESERVED_SPECIMEN","PRESENT","ACCEPTED",,"55d3f041-5cd7-45cf-99e0-80cddfd035d7","7a079928-aee9-418a-b083-6152d01c78d6","Corporación Autónoma Regional Para la Defensa de la Meseta de Bucaramanga (CDMB)","CDMB-HEV","A. Montoya & Otros","J. Sánchez","2013-03-13",2013,3,13,,2573,,,"http://creativecommons.org/licenses/by/4.0/legalcode",
"1147306363","Cavendishia pubescens (Kunth) Hemsl.","Cavendishia pubescens (Kunth) Hemsl.",1.819861,-75.663806,"WGS84","cdround,colmafu,inmafu","SOUTH_AMERICA","Colombia","CO","Caquetá","Florencia",,"carretera Neiva-Florencia, vegetación a orilla de carretera","PRESERVED_SPECIMEN","PRESENT","ACCEPTED",,"9b73f44e-bbe1-4fd1-a7a9-c96c38dcf884","9d77fdeb-100f-4b29-98ad-4effdd824457","Instituto Amazónico de Investigaciones Científicas - SINCHI","COAH","Cárdenas, D.","Rodríguez, W.D.","2013-07-13",2013,7,13,,1548,0,"Ejemplar botánico","http://creativecommons.org/licenses/by-nc/4.0/legalcode",
"1930945149","Cavendishia pubescens (Kunth) Hemsl.","Cavendishia pubescens (Kunth) Hemsl.",6.066514,-76.166875,"WGS84","gass84,mdativ","SOUTH_AMERICA","Colombia","CO","Antioquia","Urrao Mun.",,"Vereda de San José, carretera de San José a Carmen del Atrato, antes del alto de Pavón, margen izquierda del río Pavon.","PRESERVED_SPECIMEN","PRESENT","ACCEPTED","Vascular plants","d415c253-4d61-4459-9d25-4015b9084fb0","ae447c50-b8a8-11d8-92a4-b8a03c50a862","NY","NY","N. R. Salinas","N. R. Salinas","2013-12-17",2013,12,17,"Bosque perturbado al lado de la carretera",2360,290,,"http://creativecommons.org/publicdomain/zero/1.0/legalcode","The New York Botanical Garden"
"2268853634","Cavendishia pubescens (Kunth) Hemsl.","Cavendishia pubescens (Kunth) Hemsl.",6.020278,-76.163889,"WGS84","cdround,gass84,osiic,colmano,inmafu","SOUTH_AMERICA","Colombia","CO","Antioquia","Urrao",,"Vereda de San José, carretera de San José a Carmen del Atrato, antes del alto de Pavón, margen izquierda del río Pavón","PRESERVED_SPECIMEN","PRESENT","ACCEPTED","Tropicos","7bd65a7a-f762-11e1-a439-00145eb45e9a","90fd6680-349f-11d8-aa2d-b8a03c50a862","MO","Tropicos","Nelson Ricardo Salinas|Julio C. Betancur B.|M.S. Jaimes|N.D. Jiménez E.|J. Serna","N.R. Salinas (NY)","2013-12-17",2013,12,17,,2360,290,,"http://creativecommons.org/licenses/by/4.0/legalcode","Missouri Botanical Garden"
"4061229176","Cavendishia pubescens (Kunth) Hemsl.","Cavendishia pubescens (Kunth) Hemsl.",6.020278,-76.163889,"WGS84","cdround,gass84,osiic,colmano,inmafu","SOUTH_AMERICA","Colombia","CO","Antioquia","Urrao",,"Vereda de San José, carretera de San José a Carmen del Atrato, antes del alto de Pavón, margen izquierda del río Pavón","PRESERVED_SPECIMEN","PRESENT","ACCEPTED","Tropicos","e053ff53-c156-4e2e-b9b5-4462e9625424","90fd6680-349f-11d8-aa2d-b8a03c50a862","NY","Tropicos","Nelson Ricardo Salinas|Julio C. Betancur B.|M.S. Jaimes|N.D. Jiménez E.|J. Serna","N.R. Salinas (NY)","2013-12-17",2013,12,17,,2360,290,,"http://creativecommons.org/licenses/by/4.0/legalcode","Missouri Botanical Garden"
"931000014","Cavendishia pubescens (Kunth) Hemsl.","Cavendishia pubescens (Kunth) Hemsl.",6.261,-75.678667,"WGS84","cdround,inmafu","SOUTH_AMERICA","Colombia","CO","Antioquia","Medellín",,"Corregimiento San Antonio de Prado. vereda el Astillero. sector Los Muñoz. carretera hacia la cascada","PRESERVED_SPECIMEN","PRESENT","ACCEPTED",,"23243164-c132-444d-a3a4-34662abb8305","cccff716-2694-4209-9f9e-2f7a484465a0","Universidad de Antioquia (UdeA)","HUA","Idárraga A.|Rodríguez W.|Díaz O.|Carmona D.|Rivera A.|Morales P.|Parra R.","Idárraga A.","2011-04-10",2011,4,10,,2425,0,,"http://creativecommons.org/publicdomain/zero/1.0/legalcode",
"1934717025","Cavendishia pubescens (Kunth) Hemsl.","Cavendishia pubescens (Kunth) Hemsl.",7.213004,-72.435044,"WGS84","gass84","SOUTH_AMERICA","Colombia","CO","Norte de Santander","Toledo",,"Vereda: Tamara.","PRESERVED_SPECIMEN","PRESENT","ACCEPTED","Datos Depurados/sistematizados por Expedición por la historia - ColombiaBio","18da9e5d-8966-4893-bf70-b3911152d991","eac88d99-9f6c-4031-8fc4-8088f0e0dfe7","Universidad Nacional de Colombia (UNAL)","COL","Vanessa Jimenez-Campos|Diana Ivonne Luna-Murcia","C. A. Vargas","2011-10-19",2011,10,19,,,,,"http://creativecommons.org/licenses/by/4.0/legalcode","Universidad Nacional de Colombia"
"1934717021","Cavendishia pubescens (Kunth) Hemsl.","Cavendishia pubescens (Kunth) Hemsl.",7.38278,-72.494374,"WGS84","gass84","SOUTH_AMERICA","Colombia","CO","Norte de Santander","Toledo",,"Vereda Tierra Amarilla.","PRESERVED_SPECIMEN","PRESENT","ACCEPTED","Datos Depurados/sistematizados por Expedición por la historia - ColombiaBio","18da9e5d-8966-4893-bf70-b3911152d991","eac88d99-9f6c-4031-8fc4-8088f0e0dfe7","Universidad Nacional de Colombia (UNAL)","COL","Juan Manuel Campo Kurmen|Mary Stella Calderón Hurtado|Luis Fernando Portela Heredia","C. A. Vargas","2011-11-30",2011,11,30,,,,,"http://creativecommons.org/licenses/by/4.0/legalcode","Universidad Nacional de Colombia"
"930997561","Cavendishia pubescens (Kunth) Hemsl.","Cavendishia pubescens (Kunth) Hemsl.",5.909722,-75.507222,"WGS84","cdround,inmafu","SOUTH_AMERICA","Colombia","CO","Antioquia","Montebello",,"Vereda La Camelia. parte alta","PRESERVED_SPECIMEN","PRESENT","ACCEPTED",,"23243164-c132-444d-a3a4-34662abb8305","cccff716-2694-4209-9f9e-2f7a484465a0","Universidad de Antioquia (UdeA)","HUA","Uribe W.|Suárez E.","David H.","2010-03-23",2010,3,23,,2100,0,,"http://creativecommons.org/publicdomain/zero/1.0/legalcode",
"1934717034","Cavendishia pubescens (Kunth) Hemsl.","Cavendishia pubescens (Kunth) Hemsl.",6.389472,-73.897889,"WGS84","gass84","SOUTH_AMERICA","Colombia","CO","Santander","San Joaquín",,"Vereda San Ignacio. Camino entre ""Loma Larga"" y ""Morro Pardo"".","PRESERVED_SPECIMEN","PRESENT","ACCEPTED","Datos Depurados/sistematizados por Expedición por la historia - ColombiaBio","18da9e5d-8966-4893-bf70-b3911152d991","eac88d99-9f6c-4031-8fc4-8088f0e0dfe7","Universidad Nacional de Colombia (UNAL)","COL","Carlos Vargas|Sonia Angel|Miriam Díaz|Anibal Aparicio|Juan Quiroga","S. Angel","2010-03-23",2010,3,23,"Bosque andino",2813,25,,"http://creativecommons.org/licenses/by/4.0/legalcode","Universidad Nacional de Colombia"
"1257709465","Cavendishia pubescens (Kunth) Hemsl.","Cavendishia pubescens (Kunth) Hemsl.",-15.132444,-68.887778,"WGS84","cdround,gass84,osiic,colmano,inmafu","SOUTH_AMERICA","Bolivia (Plurinational State of)","BO","La Paz","Bautista Saavedra",,"Área Natural de Manejo Integrado Apolobamba, Pajan, bajando por el río Silliaca 30 minutos, subiendo 400 m del río.","PRESERVED_SPECIMEN","PRESENT","ACCEPTED","Tropicos","e053ff53-c156-4e2e-b9b5-4462e9625424","90fd6680-349f-11d8-aa2d-b8a03c50a862","LPB","Tropicos","I. Loza|A. Escalante|M. Machaca","A. Fuentes (LPB)","2010-04-16",2010,4,16,,2647,,,"http://creativecommons.org/licenses/by/4.0/legalcode","Missouri Botanical Garden"
"1257709476","Cavendishia pubescens (Kunth) Hemsl.","Cavendishia pubescens (Kunth) Hemsl.",-15.133,-68.891417,"WGS84","cdround,gass84,osiic,colmano,inmafu","SOUTH_AMERICA","Bolivia (Plurinational State of)","BO","La Paz","Bautista Saavedra",,"Área Natural de Manejo Integrado Apolobamba, Pajan, cruzando el río Silliaca subiendo 300m.","PRESERVED_SPECIMEN","PRESENT","ACCEPTED","Tropicos","e053ff53-c156-4e2e-b9b5-4462e9625424","90fd6680-349f-11d8-aa2d-b8a03c50a862","LPB","Tropicos","I. Loza|A. Escalante|M. Machaca","A. Fuentes (LPB)","2010-04-16",2010,4,16,,3403,,,"http://creativecommons.org/licenses/by/4.0/legalcode","Missouri Botanical Garden"
"4031817172","Cavendishia pubescens (Kunth) Hemsl.","Cavendishia pubescens (Kunth) Hemsl.",-15.132444,-68.887778,"WGS84","cdround,gass84,osiic,colmano,inmafu","SOUTH_AMERICA","Bolivia (Plurinational State of)","BO","La Paz","Bautista Saavedra",,"Área Natural de Manejo Integrado Apolobamba, Pajan, bajando por el río Silliaca 30 minutos, subiendo 400 m del río.","PRESERVED_SPECIMEN","PRESENT","ACCEPTED","Tropicos","7bd65a7a-f762-11e1-a439-00145eb45e9a","90fd6680-349f-11d8-aa2d-b8a03c50a862","MO","Tropicos","I. Loza|A. Escalante|M. Machaca","A. Fuentes (LPB)","2010-04-16",2010,4,16,,2647,,,"http://creativecommons.org/licenses/by/4.0/legalcode","Missouri Botanical Garden"
"4032116272","Cavendishia pubescens (Kunth) Hemsl.","Cavendishia pubescens (Kunth) Hemsl.",-15.133,-68.891417,"WGS84","cdround,gass84,osiic,colmano,inmafu","SOUTH_AMERICA","Bolivia (Plurinational State of)","BO","La Paz","Bautista Saavedra",,"Área Natural de Manejo Integrado Apolobamba, Pajan, cruzando el río Silliaca subiendo 300m.","PRESERVED_SPECIMEN","PRESENT","ACCEPTED","Tropicos","7bd65a7a-f762-11e1-a439-00145eb45e9a","90fd6680-349f-11d8-aa2d-b8a03c50a862","MO","Tropicos","I. Loza|A. Escalante|M. Machaca","A. Fuentes (LPB)","2010-04-16",2010,4,16,,3403,,,"http://creativecommons.org/licenses/by/4.0/legalcode","Missouri Botanical Garden"
"4061803039","Cavendishia pubescens (Kunth) Hemsl.","Cavendishia pubescens (Kunth) Hemsl.",-15.133,-68.891417,"WGS84","cdround,gass84,osiic,colmano,inmafu","SOUTH_AMERICA","Bolivia (Plurinational State of)","BO","La Paz","Bautista Saavedra",,"Área Natural de Manejo Integrado Apolobamba, Pajan, cruzando el río Silliaca subiendo 300m.","PRESERVED_SPECIMEN","PRESENT","ACCEPTED","Tropicos","e053ff53-c156-4e2e-b9b5-4462e9625424","90fd6680-349f-11d8-aa2d-b8a03c50a862","NY","Tropicos","I. Loza|A. Escalante|M. Machaca","A. Fuentes (LPB)","2010-04-16",2010,4,16,,3403,,,"http://creativecommons.org/licenses/by/4.0/legalcode","Missouri Botanical Garden"
"930997620","Cavendishia pubescens (Kunth) Hemsl.","Cavendishia pubescens (Kunth) Hemsl.",6.466667,-75.167306,"WGS84","cdround,inmafu","SOUTH_AMERICA","Colombia","CO","Antioquia","Santo Domingo",,,"PRESERVED_SPECIMEN","PRESENT","ACCEPTED",,"23243164-c132-444d-a3a4-34662abb8305","cccff716-2694-4209-9f9e-2f7a484465a0","Universidad de Antioquia (UdeA)","HUA","Colorado J.|Suárez E.|Acevedo A.","David H.","2010-10-27",2010,10,27,,1150,150,,"http://creativecommons.org/publicdomain/zero/1.0/legalcode",
"930995745","Cavendishia pubescens (Kunth) Hemsl.","Cavendishia pubescens (Kunth) Hemsl.",6.913842,-75.672817,"WGS84","cdround,inmafu","SOUTH_AMERICA","Colombia","CO","Antioquia","San Andrés de Cuerquía",,"Km 3 vía Ituango","PRESERVED_SPECIMEN","PRESENT","ACCEPTED",,"23243164-c132-444d-a3a4-34662abb8305","cccff716-2694-4209-9f9e-2f7a484465a0","Universidad de Antioquia (UdeA)","HUA","Velásquez C.|Trujillo P.|Salazar H.","Velásquez C.","2009-05-23",2009,5,23,,1480,0,,"http://creativecommons.org/publicdomain/zero/1.0/legalcode",
"1257588598","Cavendishia pubescens (Kunth) Hemsl.","Cavendishia pubescens (Kunth) Hemsl.",-14.766553,-68.966544,"WGS84","cdround,gass84,osiic,colmano,inmafu","SOUTH_AMERICA","Bolivia (Plurinational State of)","BO","La Paz","Franz Tamayo",,"Madidi, Apolobamba, Pelechuco-río abajo, Santa Ana","PRESERVED_SPECIMEN","PRESENT","ACCEPTED","Tropicos","e053ff53-c156-4e2e-b9b5-4462e9625424","90fd6680-349f-11d8-aa2d-b8a03c50a862","LPB","Tropicos","Vania Torrez","A. Fuentes (LPB)","2009-05-18",2009,5,18,,2762,,,"http://creativecommons.org/licenses/by/4.0/legalcode","Missouri Botanical Garden"
"1257588632","Cavendishia pubescens (Kunth) Hemsl.","Cavendishia pubescens (Kunth) Hemsl.",-14.766553,-68.966544,"WGS84","cdround,gass84,osiic,colmano,inmafu","SOUTH_AMERICA","Bolivia (Plurinational State of)","BO","La Paz","Franz Tamayo",,"Madidi, Apolobamba, Pelechuco-río abajo, Santa Ana","PRESERVED_SPECIMEN","PRESENT","ACCEPTED","Tropicos","e053ff53-c156-4e2e-b9b5-4462e9625424","90fd6680-349f-11d8-aa2d-b8a03c50a862","LPB","Tropicos","Vania Torrez","A. Fuentes (LPB)","2009-05-18",2009,5,18,,2762,,,"http://creativecommons.org/licenses/by/4.0/legalcode","Missouri Botanical Garden"
"1928355370","Cavendishia pubescens (Kunth) Hemsl.","Cavendishia pubescens (Kunth) Hemsl.",-14.7667,-68.9667,"WGS84","gass84,mdativ","SOUTH_AMERICA","Bolivia (Plurinational State of)","BO","La Paz","Franz Tamayo Prov.",,"Madidi, Apolobamba, Pelechuco-río abajo, Santa Ana Ladera con exposición Esteoeste.","PRESERVED_SPECIMEN","PRESENT","ACCEPTED","Vascular plants","d415c253-4d61-4459-9d25-4015b9084fb0","ae447c50-b8a8-11d8-92a4-b8a03c50a862","NY","NY","V. Torrez",,"2009-05-18",2009,5,18,,2762,,,"http://creativecommons.org/publicdomain/zero/1.0/legalcode","The New York Botanical Garden"
"1929264289","Cavendishia pubescens (Kunth) Hemsl.","Cavendishia pubescens (Kunth) Hemsl.",-14.7667,-68.9667,"WGS84","gass84,mdativ","SOUTH_AMERICA","Bolivia (Plurinational State of)","BO","La Paz","Franz Tamayo Prov.",,"Madidi, Apolobamba, Pelechuco-río abajo, Santa Ana Ladera con exposición Esteoeste.","PRESERVED_SPECIMEN","PRESENT","ACCEPTED","Vascular plants","d415c253-4d61-4459-9d25-4015b9084fb0","ae447c50-b8a8-11d8-92a4-b8a03c50a862","NY","NY","V. Torrez",,"2009-05-18",2009,5,18,,2762,,,"http://creativecommons.org/publicdomain/zero/1.0/legalcode","The New York Botanical Garden"
"4031681500","Cavendishia pubescens (Kunth) Hemsl.","Cavendishia pubescens (Kunth) Hemsl.",-14.766553,-68.966544,"WGS84","cdround,gass84,osiic,colmano,inmafu","SOUTH_AMERICA","Bolivia (Plurinational State of)","BO","La Paz","Franz Tamayo",,"Madidi, Apolobamba, Pelechuco-río abajo, Santa Ana","PRESERVED_SPECIMEN","PRESENT","ACCEPTED","Tropicos","7bd65a7a-f762-11e1-a439-00145eb45e9a","90fd6680-349f-11d8-aa2d-b8a03c50a862","MO","Tropicos","Vania Torrez","A. Fuentes (LPB)","2009-05-18",2009,5,18,,2762,,,"http://creativecommons.org/licenses/by/4.0/legalcode","Missouri Botanical Garden"
"4032057609","Cavendishia pubescens (Kunth) Hemsl.","Cavendishia pubescens (Kunth) Hemsl.",-14.766553,-68.966544,"WGS84","cdround,gass84,osiic,colmano,inmafu","SOUTH_AMERICA","Bolivia (Plurinational State of)","BO","La Paz","Franz Tamayo",,"Madidi, Apolobamba, Pelechuco-río abajo, Santa Ana","PRESERVED_SPECIMEN","PRESENT","ACCEPTED","Tropicos","7bd65a7a-f762-11e1-a439-00145eb45e9a","90fd6680-349f-11d8-aa2d-b8a03c50a862","MO","Tropicos","Vania Torrez","A. Fuentes (LPB)","2009-05-18",2009,5,18,,2762,,,"http://creativecommons.org/licenses/by/4.0/legalcode","Missouri Botanical Garden"
"4061021764","Cavendishia pubescens (Kunth) Hemsl.","Cavendishia pubescens (Kunth) Hemsl.",-14.766553,-68.966544,"WGS84","cdround,gass84,osiic,colmano,inmafu","SOUTH_AMERICA","Bolivia (Plurinational State of)","BO","La Paz","Franz Tamayo",,"Madidi, Apolobamba, Pelechuco-río abajo, Santa Ana","PRESERVED_SPECIMEN","PRESENT","ACCEPTED","Tropicos","e053ff53-c156-4e2e-b9b5-4462e9625424","90fd6680-349f-11d8-aa2d-b8a03c50a862","BOLV","Tropicos","Vania Torrez","A. Fuentes (LPB)","2009-05-18",2009,5,18,,2762,,,"http://creativecommons.org/licenses/by/4.0/legalcode","Missouri Botanical Garden"
"4061038304","Cavendishia pubescens (Kunth) Hemsl.","Cavendishia pubescens (Kunth) Hemsl.",-14.766553,-68.966544,"WGS84","cdround,gass84,osiic,colmano,inmafu","SOUTH_AMERICA","Bolivia (Plurinational State of)","BO","La Paz","Franz Tamayo",,"Madidi, Apolobamba, Pelechuco-río abajo, Santa Ana","PRESERVED_SPECIMEN","PRESENT","ACCEPTED","Tropicos","e053ff53-c156-4e2e-b9b5-4462e9625424","90fd6680-349f-11d8-aa2d-b8a03c50a862","NY","Tropicos","Vania Torrez","A. Fuentes (LPB)","2009-05-18",2009,5,18,,2762,,,"http://creativecommons.org/licenses/by/4.0/legalcode","Missouri Botanical Garden"
"4061049588","Cavendishia pubescens (Kunth) Hemsl.","Cavendishia pubescens (Kunth) Hemsl.",-14.766553,-68.966544,"WGS84","cdround,gass84,osiic,inmano","SOUTH_AMERICA","Bolivia (Plurinational State of)","BO","La Paz","Franz Tamayo",,"Madidi, Apolobamba, Pelechuco-río abajo, Santa Ana","PRESERVED_SPECIMEN","PRESENT","ACCEPTED","Tropicos","e053ff53-c156-4e2e-b9b5-4462e9625424","90fd6680-349f-11d8-aa2d-b8a03c50a862","MA","Tropicos","Vania Torrez","A. Fuentes (LPB)","2009-05-18",2009,5,18,,2762,,,"http://creativecommons.org/licenses/by/4.0/legalcode","Missouri Botanical Garden"
"4061538583","Cavendishia pubescens (Kunth) Hemsl.","Cavendishia pubescens (Kunth) Hemsl.",-14.766553,-68.966544,"WGS84","cdround,gass84,osiic,colmano,inmafu","SOUTH_AMERICA","Bolivia (Plurinational State of)","BO","La Paz","Franz Tamayo",,"Madidi, Apolobamba, Pelechuco-río abajo, Santa Ana","PRESERVED_SPECIMEN","PRESENT","ACCEPTED","Tropicos","e053ff53-c156-4e2e-b9b5-4462e9625424","90fd6680-349f-11d8-aa2d-b8a03c50a862","NY","Tropicos","Vania Torrez","A. Fuentes (LPB)","2009-05-18",2009,5,18,,2762,,,"http://creativecommons.org/licenses/by/4.0/legalcode","Missouri Botanical Garden"
"4061730096","Cavendishia pubescens (Kunth) Hemsl.","Cavendishia pubescens (Kunth) Hemsl.",-14.766553,-68.966544,"WGS84","cdround,gass84,osiic,colmano,inmafu","SOUTH_AMERICA","Bolivia (Plurinational State of)","BO","La Paz","Franz Tamayo",,"Madidi, Apolobamba, Pelechuco-río abajo, Santa Ana","PRESERVED_SPECIMEN","PRESENT","ACCEPTED","Tropicos","e053ff53-c156-4e2e-b9b5-4462e9625424","90fd6680-349f-11d8-aa2d-b8a03c50a862","CTES","Tropicos","Vania Torrez","A. Fuentes (LPB)","2009-05-18",2009,5,18,,2762,,,"http://creativecommons.org/licenses/by/4.0/legalcode","Missouri Botanical Garden"
"4061736825","Cavendishia pubescens (Kunth) Hemsl.","Cavendishia pubescens (Kunth) Hemsl.",-14.766553,-68.966544,"WGS84","cdround,gass84,osiic,colmano,inmafu","SOUTH_AMERICA","Bolivia (Plurinational State of)","BO","La Paz","Franz Tamayo",,"Madidi, Apolobamba, Pelechuco-río abajo, Santa Ana","PRESERVED_SPECIMEN","PRESENT","ACCEPTED","Tropicos","e053ff53-c156-4e2e-b9b5-4462e9625424","90fd6680-349f-11d8-aa2d-b8a03c50a862","HSB","Tropicos","Vania Torrez","A. Fuentes (LPB)","2009-05-18",2009,5,18,,2762,,,"http://creativecommons.org/licenses/by/4.0/legalcode","Missouri Botanical Garden"
"4061766516","Cavendishia pubescens (Kunth) Hemsl.","Cavendishia pubescens (Kunth) Hemsl.",-14.766553,-68.966544,"WGS84","cdround,gass84,osiic,colmano,inmafu","SOUTH_AMERICA","Bolivia (Plurinational State of)","BO","La Paz","Franz Tamayo",,"Madidi, Apolobamba, Pelechuco-río abajo, Santa Ana","PRESERVED_SPECIMEN","PRESENT","ACCEPTED","Tropicos","e053ff53-c156-4e2e-b9b5-4462e9625424","90fd6680-349f-11d8-aa2d-b8a03c50a862","USZ","Tropicos","Vania Torrez","A. Fuentes (LPB)","2009-05-18",2009,5,18,,2762,,,"http://creativecommons.org/licenses/by/4.0/legalcode","Missouri Botanical Garden"
"1257685568","Cavendishia pubescens (Kunth) Hemsl.","Cavendishia pubescens (Kunth) Hemsl.",-14.77276,-68.974952,"WGS84","cdround,gass84,osiic,colmano,inmafu","SOUTH_AMERICA","Bolivia (Plurinational State of)","BO","La Paz","Franz Tamayo",,"Santa Ana, bajando desde Pelechuco por el camino antiguo Pelechuco-Apolo. Parcela temporal de muestreo (0,1 ha). Plantas alcoholizadas.","PRESERVED_SPECIMEN","PRESENT","ACCEPTED","Tropicos","e053ff53-c156-4e2e-b9b5-4462e9625424","90fd6680-349f-11d8-aa2d-b8a03c50a862","LPB","Tropicos","Gabriel Arellano|Pablo Solíz|Manuel J. Macía|M. Sullca|R. Huasurco","A. Fuentes (LPB)","2009-07-06",2009,7,6,,2281,,,"http://creativecommons.org/licenses/by/4.0/legalcode","Missouri Botanical Garden"
"1257685581","Cavendishia pubescens (Kunth) Hemsl.","Cavendishia pubescens (Kunth) Hemsl.",-14.77276,-68.974952,"WGS84","cdround,gass84,osiic,colmano,inmafu","SOUTH_AMERICA","Bolivia (Plurinational State of)","BO","La Paz","Franz Tamayo",,"Santa Ana, bajando desde Pelechuco por el camino antiguo Pelechuco-Apolo. Parcela temporal de muestreo (0,1 ha). Plantas alcoholizadas.","PRESERVED_SPECIMEN","PRESENT","ACCEPTED","Tropicos","e053ff53-c156-4e2e-b9b5-4462e9625424","90fd6680-349f-11d8-aa2d-b8a03c50a862","LPB","Tropicos","Gabriel Arellano|Pablo Solíz|Manuel J. Macía|M. Sullca|R. Huasurco","A. Fuentes (LPB)","2009-07-06",2009,7,6,,2281,,,"http://creativecommons.org/licenses/by/4.0/legalcode","Missouri Botanical Garden"
"4031816680","Cavendishia pubescens (Kunth) Hemsl.","Cavendishia pubescens (Kunth) Hemsl.",-14.77276,-68.974952,"WGS84","cdround,gass84,osiic,colmano,inmafu","SOUTH_AMERICA","Bolivia (Plurinational State of)","BO","La Paz","Franz Tamayo",,"Santa Ana, bajando desde Pelechuco por el camino antiguo Pelechuco-Apolo. Parcela temporal de muestreo (0,1 ha). Plantas alcoholizadas.","PRESERVED_SPECIMEN","PRESENT","ACCEPTED","Tropicos","7bd65a7a-f762-11e1-a439-00145eb45e9a","90fd6680-349f-11d8-aa2d-b8a03c50a862","MO","Tropicos","Gabriel Arellano|Pablo Solíz|Manuel J. Macía|M. Sullca|R. Huasurco","A. Fuentes (LPB)","2009-07-06",2009,7,6,,2281,,,"http://creativecommons.org/licenses/by/4.0/legalcode","Missouri Botanical Garden"
"4032070877","Cavendishia pubescens (Kunth) Hemsl.","Cavendishia pubescens (Kunth) Hemsl.",-14.77276,-68.974952,"WGS84","cdround,gass84,osiic,colmano,inmafu","SOUTH_AMERICA","Bolivia (Plurinational State of)","BO","La Paz","Franz Tamayo",,"Santa Ana, bajando desde Pelechuco por el camino antiguo Pelechuco-Apolo. Parcela temporal de muestreo (0,1 ha). Plantas alcoholizadas.","PRESERVED_SPECIMEN","PRESENT","ACCEPTED","Tropicos","7bd65a7a-f762-11e1-a439-00145eb45e9a","90fd6680-349f-11d8-aa2d-b8a03c50a862","MO","Tropicos","Gabriel Arellano|Pablo Solíz|Manuel J. Macía|M. Sullca|R. Huasurco","A. Fuentes (LPB)","2009-07-06",2009,7,6,,2281,,,"http://creativecommons.org/licenses/by/4.0/legalcode","Missouri Botanical Garden"
"4061071603","Cavendishia pubescens (Kunth) Hemsl.","Cavendishia pubescens (Kunth) Hemsl.",-14.77276,-68.974952,"WGS84","cdround,gass84,osiic,inmano","SOUTH_AMERICA","Bolivia (Plurinational State of)","BO","La Paz","Franz Tamayo",,"Santa Ana, bajando desde Pelechuco por el camino antiguo Pelechuco-Apolo. Parcela temporal de muestreo (0,1 ha). Plantas alcoholizadas.","PRESERVED_SPECIMEN","PRESENT","ACCEPTED","Tropicos","e053ff53-c156-4e2e-b9b5-4462e9625424","90fd6680-349f-11d8-aa2d-b8a03c50a862","MA","Tropicos","Gabriel Arellano|Pablo Solíz|Manuel J. Macía|M. Sullca|R. Huasurco","A. Fuentes (LPB)","2009-07-06",2009,7,6,,2281,,,"http://creativecommons.org/licenses/by/4.0/legalcode","Missouri Botanical Garden"
"4061598073","Cavendishia pubescens (Kunth) Hemsl.","Cavendishia pubescens (Kunth) Hemsl.",-14.77276,-68.974952,"WGS84","cdround,gass84,osiic,inmano","SOUTH_AMERICA","Bolivia (Plurinational State of)","BO","La Paz","Franz Tamayo",,"Santa Ana, bajando desde Pelechuco por el camino antiguo Pelechuco-Apolo. Parcela temporal de muestreo (0,1 ha). Plantas alcoholizadas.","PRESERVED_SPECIMEN","PRESENT","ACCEPTED","Tropicos","e053ff53-c156-4e2e-b9b5-4462e9625424","90fd6680-349f-11d8-aa2d-b8a03c50a862","MA","Tropicos","Gabriel Arellano|Pablo Solíz|Manuel J. Macía|M. Sullca|R. Huasurco","A. Fuentes (LPB)","2009-07-06",2009,7,6,,2281,,,"http://creativecommons.org/licenses/by/4.0/legalcode","Missouri Botanical Garden"
"4061667644","Cavendishia pubescens (Kunth) Hemsl.","Cavendishia pubescens (Kunth) Hemsl.",-14.77276,-68.974952,"WGS84","cdround,gass84,osiic,colmano,inmafu","SOUTH_AMERICA","Bolivia (Plurinational State of)","BO","La Paz","Franz Tamayo",,"Santa Ana, bajando desde Pelechuco por el camino antiguo Pelechuco-Apolo. Parcela temporal de muestreo (0,1 ha). Plantas alcoholizadas.","PRESERVED_SPECIMEN","PRESENT","ACCEPTED","Tropicos","e053ff53-c156-4e2e-b9b5-4462e9625424","90fd6680-349f-11d8-aa2d-b8a03c50a862","NY","Tropicos","Gabriel Arellano|Pablo Solíz|Manuel J. Macía|M. Sullca|R. Huasurco","A. Fuentes (LPB)","2009-07-06",2009,7,6,,2281,,,"http://creativecommons.org/licenses/by/4.0/legalcode","Missouri Botanical Garden"
"1257685573","Cavendishia pubescens (Kunth) Hemsl.","Cavendishia pubescens (Kunth) Hemsl.",-14.771628,-68.98235,"WGS84","cdround,gass84,osiic,inmano","SOUTH_AMERICA","Bolivia (Plurinational State of)","BO","La Paz","Franz Tamayo",,"Santa Ana, bajando desde Pelechuco por el camino antiguo Pelechuco-Apolo. Parcela temporal de muestreo (0,1 ha). Plantas alcoholizadas.","PRESERVED_SPECIMEN","PRESENT","ACCEPTED","Tropicos","e053ff53-c156-4e2e-b9b5-4462e9625424","90fd6680-349f-11d8-aa2d-b8a03c50a862","MA","Tropicos","Gabriel Arellano|Pablo Solíz|Pinto, Honorato|Mamani, Santiago|Mamani, Aníbal","A. Fuentes (LPB)","2009-08-29",2009,8,29,,2223,,,"http://creativecommons.org/licenses/by/4.0/legalcode","Missouri Botanical Garden"
"4032070876","Cavendishia pubescens (Kunth) Hemsl.","Cavendishia pubescens (Kunth) Hemsl.",-14.771628,-68.98235,"WGS84","cdround,gass84,osiic,colmano,inmafu","SOUTH_AMERICA","Bolivia (Plurinational State of)","BO","La Paz","Franz Tamayo",,"Santa Ana, bajando desde Pelechuco por el camino antiguo Pelechuco-Apolo. Parcela temporal de muestreo (0,1 ha). Plantas alcoholizadas.","PRESERVED_SPECIMEN","PRESENT","ACCEPTED","Tropicos","7bd65a7a-f762-11e1-a439-00145eb45e9a","90fd6680-349f-11d8-aa2d-b8a03c50a862","MO","Tropicos","Gabriel Arellano|Pablo Solíz|Pinto, Honorato|Mamani, Santiago|Mamani, Aníbal","A. Fuentes (LPB)","2009-08-29",2009,8,29,,2223,,,"http://creativecommons.org/licenses/by/4.0/legalcode","Missouri Botanical Garden"
"4061608951","Cavendishia pubescens (Kunth) Hemsl.","Cavendishia pubescens (Kunth) Hemsl.",-14.771628,-68.98235,"WGS84","cdround,gass84,osiic,colmano,inmafu","SOUTH_AMERICA","Bolivia (Plurinational State of)","BO","La Paz","Franz Tamayo",,"Santa Ana, bajando desde Pelechuco por el camino antiguo Pelechuco-Apolo. Parcela temporal de muestreo (0,1 ha). Plantas alcoholizadas.","PRESERVED_SPECIMEN","PRESENT","ACCEPTED","Tropicos","e053ff53-c156-4e2e-b9b5-4462e9625424","90fd6680-349f-11d8-aa2d-b8a03c50a862","MAL","Tropicos","Gabriel Arellano|Pablo Solíz|Pinto, Honorato|Mamani, Santiago|Mamani, Aníbal","A. Fuentes (LPB)","2009-08-29",2009,8,29,,2223,,,"http://creativecommons.org/licenses/by/4.0/legalcode","Missouri Botanical Garden"
"930995900","Cavendishia pubescens (Kunth) Hemsl.","Cavendishia pubescens (Kunth) Hemsl.",6.262694,-75.504111,"WGS84","cdround,rdatm,inmafu","SOUTH_AMERICA","Colombia","CO","Antioquia","Medellín",,"Corregimiento Santa Elena. vereda Mazo. parque ecoturístico Arví. núcleo de la biodiversidad","PRESERVED_SPECIMEN","PRESENT","ACCEPTED",,"23243164-c132-444d-a3a4-34662abb8305","cccff716-2694-4209-9f9e-2f7a484465a0","Universidad de Antioquia (UdeA)","HUA","Londoño L.|Díaz O.|Ruíz C.","Londoño L.","2009",2009,,,,2700,0,,"http://creativecommons.org/publicdomain/zero/1.0/legalcode",
"1930468834","Cavendishia pubescens (Kunth) Hemsl.","Cavendishia pubescens (Kunth) Hemsl.",-5.08,-78.4,"WGS84","gass84,mdativ","SOUTH_AMERICA","Peru","PE",,,,"Amazonas. Prov. Bagua. Trocha La Peca- El Arenal. Vegetación secundaria, muy perturbada.","PRESERVED_SPECIMEN","PRESENT","ACCEPTED","Vascular plants","d415c253-4d61-4459-9d25-4015b9084fb0","ae447c50-b8a8-11d8-92a4-b8a03c50a862","NY","NY","P. Pedraza-Peñalosa","P. Pedraza-Peñalosa","2008-01-07",2008,1,7,,1216,,,"http://creativecommons.org/publicdomain/zero/1.0/legalcode","The New York Botanical Garden"
"1934716996","Cavendishia pubescens (Kunth) Hemsl.","Cavendishia pubescens (Kunth) Hemsl.",-5.090194,-78.406333,"WGS84","gass84","SOUTH_AMERICA","Peru","PE","Amazonas","Bagua",,"Trocha la Peca - El Arenal","PRESERVED_SPECIMEN","PRESENT","ACCEPTED","Datos Depurados/sistematizados por Expedición por la historia - ColombiaBio","18da9e5d-8966-4893-bf70-b3911152d991","eac88d99-9f6c-4031-8fc4-8088f0e0dfe7","Universidad Nacional de Colombia (UNAL)","COL","P. Pedraza","Paola Pedraza","2008-01-07",2008,1,7,,1216,0,,"http://creativecommons.org/licenses/by/4.0/legalcode","Universidad Nacional de Colombia"
"2268873535","Cavendishia pubescens (Kunth) Hemsl.","Cavendishia pubescens (Kunth) Hemsl.",-5.090194,-78.406333,"WGS84","cdround,gass84,osiic,colmano,inmafu","SOUTH_AMERICA","Peru","PE","Amazonas","Bagua",,"Trocha La Peca-El arenal.","PRESERVED_SPECIMEN","PRESENT","ACCEPTED","Tropicos","7bd65a7a-f762-11e1-a439-00145eb45e9a","90fd6680-349f-11d8-aa2d-b8a03c50a862","MO","Tropicos","Luisa Paola Pedraza|Julio C. Betancur B.|María F. González|G. Giraldo|Fredy Gómez|Álvaro Duque|Javier Serna","Paola Pedraza (NY)","2008-01-07",2008,1,7,,1216,,,"http://creativecommons.org/licenses/by/4.0/legalcode","Missouri Botanical Garden"
"4061260506","Cavendishia pubescens (Kunth) Hemsl.","Cavendishia pubescens (Kunth) Hemsl.",-5.090194,-78.406333,"WGS84","cdround,gass84,osiic,colmano,inmafu","SOUTH_AMERICA","Peru","PE","Amazonas","Bagua",,"Trocha La Peca-El arenal.","PRESERVED_SPECIMEN","PRESENT","ACCEPTED","Tropicos","e053ff53-c156-4e2e-b9b5-4462e9625424","90fd6680-349f-11d8-aa2d-b8a03c50a862","NY","Tropicos","Luisa Paola Pedraza|Julio C. Betancur B.|María F. González|G. Giraldo|Fredy Gómez|Álvaro Duque|Javier Serna","Paola Pedraza (NY)","2008-01-07",2008,1,7,,1216,,,"http://creativecommons.org/licenses/by/4.0/legalcode","Missouri Botanical Garden"
"1934716947","Cavendishia pubescens (Kunth) Hemsl.","Cavendishia pubescens (Kunth) Hemsl.",6.1,-73.116667,"WGS84","gass84","SOUTH_AMERICA","Colombia","CO","Santander","Encino",,"Vereda Río Negro, vía Cachalú.","PRESERVED_SPECIMEN","PRESENT","ACCEPTED","Datos Depurados/sistematizados por Expedición por la historia - ColombiaBio","18da9e5d-8966-4893-bf70-b3911152d991","eac88d99-9f6c-4031-8fc4-8088f0e0dfe7","Universidad Nacional de Colombia (UNAL)","COL","S. Angel","S. Angel","2008-03-15",2008,3,15,,1720,0,,"http://creativecommons.org/licenses/by/4.0/legalcode","Universidad Nacional de Colombia"
"2978426346","Cavendishia pubescens (Kunth) Hemsl.","Cavendishia pubescens (Kunth) Hemsl.",7.894444,-72.977222,"WGS84","cdround,inmafu","SOUTH_AMERICA","Colombia","CO","Norte de Santander","Villa Caro",,"Vereda Andes, cerca del centro educativo, márgenes de la carretera","PRESERVED_SPECIMEN","PRESENT","ACCEPTED",,"ae7cf7d9-85dc-4578-9f5f-40d760ab013b","96b23685-f195-4131-af29-ea9e160225dd","Universidad de Pamplona (UPamplona)","HECASA","Luis Roberto Sánchez|Pedro Cesáreo Rodríguez|Antonio Ramírez Rodríguez|Solmara Torres García",,"2008-04-18",2008,4,18,"Franjas de selva andina; en laderas de fuerte pendientes, rodeadas por potreros",2300,0,,"http://creativecommons.org/licenses/by/4.0/legalcode",
"2978426352","Cavendishia pubescens (Kunth) Hemsl.","Cavendishia pubescens (Kunth) Hemsl.",7.963056,-73.009444,"WGS84","cdround,inmafu","SOUTH_AMERICA","Colombia","CO","Norte de Santander","Villa Caro",,"Vereda El Roble","PRESERVED_SPECIMEN","PRESENT","ACCEPTED",,"ae7cf7d9-85dc-4578-9f5f-40d760ab013b","96b23685-f195-4131-af29-ea9e160225dd","Universidad de Pamplona (UPamplona)","HECASA","Luis Roberto Sánchez|Pedro Cesáreo Rodríguez|Antonio Ramírez Rodríguez|Solmara Torres García",,"2008-04-19",2008,4,19,"Laderas erosionadas con potreros",2900,0,,"http://creativecommons.org/licenses/by/4.0/legalcode",
"1257526787","Cavendishia pubescens (Kunth) Hemsl.","Cavendishia pubescens (Kunth) Hemsl.",-14.7725,-68.985833,"WGS84","cdround,gass84,osiic,colmano,inmafu","SOUTH_AMERICA","Bolivia (Plurinational State of)","BO","La Paz","Franz Tamayo",,"Madidi, Pelechuco-Apolo, Coranara Parque Nacional Madidi, sector Coranara","PRESERVED_SPECIMEN","PRESENT","ACCEPTED","Tropicos","e053ff53-c156-4e2e-b9b5-4462e9625424","90fd6680-349f-11d8-aa2d-b8a03c50a862","LPB","Tropicos","Alfredo F. Fuentes|H. Huaylla","A. Fuentes (LPB)","2008-06-16",2008,6,16,,2300,,,"http://creativecommons.org/licenses/by/4.0/legalcode","Missouri Botanical Garden"
"4032146863","Cavendishia pubescens (Kunth) Hemsl.","Cavendishia pubescens (Kunth) Hemsl.",-14.7725,-68.985833,"WGS84","cdround,gass84,osiic,colmano,inmafu","SOUTH_AMERICA","Bolivia (Plurinational State of)","BO","La Paz","Franz Tamayo",,"Madidi, Pelechuco-Apolo, Coranara Parque Nacional Madidi, sector Coranara","PRESERVED_SPECIMEN","PRESENT","ACCEPTED","Tropicos","7bd65a7a-f762-11e1-a439-00145eb45e9a","90fd6680-349f-11d8-aa2d-b8a03c50a862","MO","Tropicos","Alfredo F. Fuentes|H. Huaylla","A. Fuentes (LPB)","2008-06-16",2008,6,16,,2300,,,"http://creativecommons.org/licenses/by/4.0/legalcode","Missouri Botanical Garden"
"4060983731","Cavendishia pubescens (Kunth) Hemsl.","Cavendishia pubescens (Kunth) Hemsl.",-14.7725,-68.985833,"WGS84","cdround,gass84,osiic,colmano,inmafu","SOUTH_AMERICA","Bolivia (Plurinational State of)","BO","La Paz","Franz Tamayo",,"Madidi, Pelechuco-Apolo, Coranara Parque Nacional Madidi, sector Coranara","PRESERVED_SPECIMEN","PRESENT","ACCEPTED","Tropicos","e053ff53-c156-4e2e-b9b5-4462e9625424","90fd6680-349f-11d8-aa2d-b8a03c50a862","BOLV","Tropicos","Alfredo F. Fuentes|H. Huaylla","A. Fuentes (LPB)","2008-06-16",2008,6,16,,2300,,,"http://creativecommons.org/licenses/by/4.0/legalcode","Missouri Botanical Garden"
"4060984916","Cavendishia pubescens (Kunth) Hemsl.","Cavendishia pubescens (Kunth) Hemsl.",-14.7725,-68.985833,"WGS84","cdround,gass84,osiic,inmano","SOUTH_AMERICA","Bolivia (Plurinational State of)","BO","La Paz","Franz Tamayo",,"Madidi, Pelechuco-Apolo, Coranara Parque Nacional Madidi, sector Coranara","PRESERVED_SPECIMEN","PRESENT","ACCEPTED","Tropicos","e053ff53-c156-4e2e-b9b5-4462e9625424","90fd6680-349f-11d8-aa2d-b8a03c50a862","MA","Tropicos","Alfredo F. Fuentes|H. Huaylla","A. Fuentes (LPB)","2008-06-16",2008,6,16,,2300,,,"http://creativecommons.org/licenses/by/4.0/legalcode","Missouri Botanical Garden"
"4061545737","Cavendishia pubescens (Kunth) Hemsl.","Cavendishia pubescens (Kunth) Hemsl.",-14.7725,-68.985833,"WGS84","cdround,gass84,osiic,colmano,inmafu","SOUTH_AMERICA","Bolivia (Plurinational State of)","BO","La Paz","Franz Tamayo",,"Madidi, Pelechuco-Apolo, Coranara Parque Nacional Madidi, sector Coranara","PRESERVED_SPECIMEN","PRESENT","ACCEPTED","Tropicos","e053ff53-c156-4e2e-b9b5-4462e9625424","90fd6680-349f-11d8-aa2d-b8a03c50a862","NY","Tropicos","Alfredo F. Fuentes|H. Huaylla","A. Fuentes (LPB)","2008-06-16",2008,6,16,,2300,,,"http://creativecommons.org/licenses/by/4.0/legalcode","Missouri Botanical Garden"
"4062063332","Cavendishia pubescens (Kunth) Hemsl.","Cavendishia pubescens (Kunth) Hemsl.",-14.7725,-68.985833,"WGS84","cdround,gass84,osiic,colmano,inmafu","SOUTH_AMERICA","Bolivia (Plurinational State of)","BO","La Paz","Franz Tamayo",,"Madidi, Pelechuco-Apolo, Coranara Parque Nacional Madidi, sector Coranara","PRESERVED_SPECIMEN","PRESENT","ACCEPTED","Tropicos","e053ff53-c156-4e2e-b9b5-4462e9625424","90fd6680-349f-11d8-aa2d-b8a03c50a862","USZ","Tropicos","Alfredo F. Fuentes|H. Huaylla","A. Fuentes (LPB)","2008-06-16",2008,6,16,,2300,,,"http://creativecommons.org/licenses/by/4.0/legalcode","Missouri Botanical Garden"
"5154182712","Cavendishia pubescens (Kunth) Hemsl.","Cavendishia pubescens (Kunth) Hemsl.",5.148609,-60.781401,"WGS84","cdc,cdround","SOUTH_AMERICA","Venezuela (Bolivarian Republic of)","VE","Bolívar",,,,"HUMAN_OBSERVATION","PRESENT","ACCEPTED","iNaturalist research-grade observations","50c9509d-22c7-4a22-a47d-8c48425ef4a7","28eb1a3f-1c15-4a95-931a-4af90ecb574d","iNaturalist","Observations","packardr90","packardr90","2008-07-02T13:37",2008,7,2,,,,,"http://creativecommons.org/licenses/by/4.0/legalcode","packardr90"
"2978426345","Cavendishia pubescens (Kunth) Hemsl.","Cavendishia pubescens (Kunth) Hemsl.",7.717944,-73.04025,"WGS84","cdround,inmafu","SOUTH_AMERICA","Colombia","CO","Norte de Santander","Cáchira",,"Vereda Galvanes","PRESERVED_SPECIMEN","PRESENT","ACCEPTED",,"ae7cf7d9-85dc-4578-9f5f-40d760ab013b","96b23685-f195-4131-af29-ea9e160225dd","Universidad de Pamplona (UPamplona)","HECASA","Luis Roberto Sánchez|Milena Gélviz|Solmara Torres|Antonio Ramírez","L. R. Sánchez","2007-03-23",2007,3,23,,3470,0,,"http://creativecommons.org/licenses/by/4.0/legalcode",
"2978426347","Cavendishia pubescens (Kunth) Hemsl.","Cavendishia pubescens (Kunth) Hemsl.",7.717944,-73.04025,"WGS84","cdround,inmafu","SOUTH_AMERICA","Colombia","CO","Norte de Santander","Cáchira",,"Vereda Galvanes","PRESERVED_SPECIMEN","PRESENT","ACCEPTED",,"ae7cf7d9-85dc-4578-9f5f-40d760ab013b","96b23685-f195-4131-af29-ea9e160225dd","Universidad de Pamplona (UPamplona)","HECASA","Luis Roberto Sánchez|Milena Gélviz|Solmara Torres|Antonio Ramírez","L. R. Sánchez","2007-03-23",2007,3,23,,3470,0,,"http://creativecommons.org/licenses/by/4.0/legalcode",
"2978426348","Cavendishia pubescens (Kunth) Hemsl.","Cavendishia pubescens (Kunth) Hemsl.",7.717944,-73.04025,"WGS84","cdround,inmafu","SOUTH_AMERICA","Colombia","CO","Norte de Santander","Cáchira",,"Vereda Galvanes","PRESERVED_SPECIMEN","PRESENT","ACCEPTED",,"ae7cf7d9-85dc-4578-9f5f-40d760ab013b","96b23685-f195-4131-af29-ea9e160225dd","Universidad de Pamplona (UPamplona)","HECASA","Luis Roberto Sánchez|Milena Gélviz|Solmara Torres|Antonio Ramírez","L. R. Sánchez","2007-03-23",2007,3,23,,3470,0,,"http://creativecommons.org/licenses/by/4.0/legalcode",
"1929722945","Cavendishia pubescens (Kunth) Hemsl.","Cavendishia pubescens (Kunth) Hemsl.",-16.415,-67.5653,"WGS84","gass84,mdativ","SOUTH_AMERICA","Bolivia (Plurinational State of)","BO","La Paz","Sud Yungas Prov.",,"6 km arriba de Chulumani, de El Paraiso subiendo a la Cima-Loma","PRESERVED_SPECIMEN","PRESENT","ACCEPTED","Vascular plants","d415c253-4d61-4459-9d25-4015b9084fb0","ae447c50-b8a8-11d8-92a4-b8a03c50a862","NY","NY","S. G. Beck",,"2007-04-07",2007,4,7,,2500,,,"http://creativecommons.org/publicdomain/zero/1.0/legalcode","The New York Botanical Garden"
"4061051285","Cavendishia pubescens (Kunth) Hemsl.","Cavendishia pubescens (Kunth) Hemsl.",6.29944,-75.49444,"WGS84","gass84,osiic,inmano","SOUTH_AMERICA","Colombia","CO","Antioquia",,,"Along road inside Parque Regional Ecoturístico Arví, Corregimiento Santa Elena, Mpio. Santa Elena, Vereda Piedra Blanca, 13.5 km W to junction with Medellín-Río Negro Highway.","PRESERVED_SPECIMEN","PRESENT","ACCEPTED","Tropicos","e053ff53-c156-4e2e-b9b5-4462e9625424","90fd6680-349f-11d8-aa2d-b8a03c50a862",,"Tropicos","Thomas B. Croat|Felipe Cardona","Thomas B. Croat (MO)","2007-04-28",2007,4,28,,2305,,,"http://creativecommons.org/licenses/by/4.0/legalcode","Missouri Botanical Garden"
"1260908881","Cavendishia pubescens (Kunth) Hemsl.","Cavendishia pubescens (Kunth) Hemsl.",-5.166111,-78.725278,"WGS84","cdround,gass84,osiic,colmano,inmafu","SOUTH_AMERICA","Peru","PE","Cajamarca","San Ignacio",,"Distrito Huarango. Poblado Huarandoza, caserio el Eden, anexo a las Malvinas. Bosque secundario, suelo arenoso.","PRESERVED_SPECIMEN","PRESENT","ACCEPTED","Tropicos","e053ff53-c156-4e2e-b9b5-4462e9625424","90fd6680-349f-11d8-aa2d-b8a03c50a862","MOL","Tropicos","Juan Perea","P. Pedraza (NY)","2007-05-21",2007,5,21,,1583,,,"http://creativecommons.org/licenses/by/4.0/legalcode","Missouri Botanical Garden"
"1260908972","Cavendishia pubescens (Kunth) Hemsl.","Cavendishia pubescens (Kunth) Hemsl.",-5.171667,-78.748333,"WGS84","cdround,gass84,osiic,colmano,inmafu","SOUTH_AMERICA","Peru","PE","Cajamarca","San Ignacio",,"Distrito Huarango. Poblado Huarandoza, caserio el Eden, camino a las Malvinas. Bosque secundario, suelo arenoso.","PRESERVED_SPECIMEN","PRESENT","ACCEPTED","Tropicos","e053ff53-c156-4e2e-b9b5-4462e9625424","90fd6680-349f-11d8-aa2d-b8a03c50a862","MOL","Tropicos","Juan Perea","P. Pedraza (NY)","2007-05-19",2007,5,19,,1609,,,"http://creativecommons.org/licenses/by/4.0/legalcode","Missouri Botanical Garden"
"1930415138","Cavendishia pubescens (Kunth) Hemsl.","Cavendishia pubescens (Kunth) Hemsl.",-5.1661,-78.7253,"WGS84","gass84,mdativ","SOUTH_AMERICA","Peru","PE","Cajamarca","San Ignacio Prov.",,"Distrito Huarango. Poblado Huarandoza, caserio el Eden, anexo a las Malvinas","PRESERVED_SPECIMEN","PRESENT","ACCEPTED","Vascular plants","d415c253-4d61-4459-9d25-4015b9084fb0","ae447c50-b8a8-11d8-92a4-b8a03c50a862","NY","NY","J. Perea",,"2007-05-21",2007,5,21,,1583,,,"http://creativecommons.org/publicdomain/zero/1.0/legalcode","The New York Botanical Garden"
"4031635020","Cavendishia pubescens (Kunth) Hemsl.","Cavendishia pubescens (Kunth) Hemsl.",-5.171667,-78.748333,"WGS84","cdround,gass84,osiic,colmano,inmafu","SOUTH_AMERICA","Peru","PE","Cajamarca","San Ignacio",,"Distrito Huarango. Poblado Huarandoza, caserio el Eden, camino a las Malvinas. Bosque secundario, suelo arenoso.","PRESERVED_SPECIMEN","PRESENT","ACCEPTED","Tropicos","7bd65a7a-f762-11e1-a439-00145eb45e9a","90fd6680-349f-11d8-aa2d-b8a03c50a862","MO","Tropicos","Juan Perea","P. Pedraza (NY)","2007-05-19",2007,5,19,,1609,,,"http://creativecommons.org/licenses/by/4.0/legalcode","Missouri Botanical Garden"
"4031826989","Cavendishia pubescens (Kunth) Hemsl.","Cavendishia pubescens (Kunth) Hemsl.",-5.166111,-78.725278,"WGS84","cdround,gass84,osiic,colmano,inmafu","SOUTH_AMERICA","Peru","PE","Cajamarca","San Ignacio",,"Distrito Huarango. Poblado Huarandoza, caserio el Eden, anexo a las Malvinas. Bosque secundario, suelo arenoso.","PRESERVED_SPECIMEN","PRESENT","ACCEPTED","Tropicos","7bd65a7a-f762-11e1-a439-00145eb45e9a","90fd6680-349f-11d8-aa2d-b8a03c50a862","MO","Tropicos","Juan Perea","P. Pedraza (NY)","2007-05-21",2007,5,21,,1583,,,"http://creativecommons.org/licenses/by/4.0/legalcode","Missouri Botanical Garden"
"4060922204","Cavendishia pubescens (Kunth) Hemsl.","Cavendishia pubescens (Kunth) Hemsl.",-5.166111,-78.725278,"WGS84","cdround,gass84,osiic,ambinst","SOUTH_AMERICA","Peru","PE","Cajamarca","San Ignacio",,"Distrito Huarango. Poblado Huarandoza, caserio el Eden, anexo a las Malvinas. Bosque secundario, suelo arenoso.","PRESERVED_SPECIMEN","PRESENT","ACCEPTED","Tropicos","e053ff53-c156-4e2e-b9b5-4462e9625424","90fd6680-349f-11d8-aa2d-b8a03c50a862","HUT","Tropicos","Juan Perea","P. Pedraza (NY)","2007-05-21",2007,5,21,,1583,,,"http://creativecommons.org/licenses/by/4.0/legalcode","Missouri Botanical Garden"
"4060924998","Cavendishia pubescens (Kunth) Hemsl.","Cavendishia pubescens (Kunth) Hemsl.",-5.166111,-78.725278,"WGS84","cdround,gass84,osiic,ambinst","SOUTH_AMERICA","Peru","PE","Cajamarca","San Ignacio",,"Distrito Huarango. Poblado Huarandoza, caserio el Eden, anexo a las Malvinas. Bosque secundario, suelo arenoso.","PRESERVED_SPECIMEN","PRESENT","ACCEPTED","Tropicos","e053ff53-c156-4e2e-b9b5-4462e9625424","90fd6680-349f-11d8-aa2d-b8a03c50a862","USM","Tropicos","Juan Perea","P. Pedraza (NY)","2007-05-21",2007,5,21,,1583,,,"http://creativecommons.org/licenses/by/4.0/legalcode","Missouri Botanical Garden"
"4060945251","Cavendishia pubescens (Kunth) Hemsl.","Cavendishia pubescens (Kunth) Hemsl.",-5.171667,-78.748333,"WGS84","cdround,gass84,osiic,colmano,inmafu","SOUTH_AMERICA","Peru","PE","Cajamarca","San Ignacio",,"Distrito Huarango. Poblado Huarandoza, caserio el Eden, camino a las Malvinas. Bosque secundario, suelo arenoso.","PRESERVED_SPECIMEN","PRESENT","ACCEPTED","Tropicos","e053ff53-c156-4e2e-b9b5-4462e9625424","90fd6680-349f-11d8-aa2d-b8a03c50a862","AMAZ","Tropicos","Juan Perea","P. Pedraza (NY)","2007-05-19",2007,5,19,,1609,,,"http://creativecommons.org/licenses/by/4.0/legalcode","Missouri Botanical Garden"
"4061662795","Cavendishia pubescens (Kunth) Hemsl.","Cavendishia pubescens (Kunth) Hemsl.",-5.166111,-78.725278,"WGS84","cdround,gass84,osiic,colmano,inmafu","SOUTH_AMERICA","Peru","PE","Cajamarca","San Ignacio",,"Distrito Huarango. Poblado Huarandoza, caserio el Eden, anexo a las Malvinas. Bosque secundario, suelo arenoso.","PRESERVED_SPECIMEN","PRESENT","ACCEPTED","Tropicos","e053ff53-c156-4e2e-b9b5-4462e9625424","90fd6680-349f-11d8-aa2d-b8a03c50a862","AMAZ","Tropicos","Juan Perea","P. Pedraza (NY)","2007-05-21",2007,5,21,,1583,,,"http://creativecommons.org/licenses/by/4.0/legalcode","Missouri Botanical Garden"
"4061662809","Cavendishia pubescens (Kunth) Hemsl.","Cavendishia pubescens (Kunth) Hemsl.",-5.171667,-78.748333,"WGS84","cdround,gass84,osiic,ambinst","SOUTH_AMERICA","Peru","PE","Cajamarca","San Ignacio",,"Distrito Huarango. Poblado Huarandoza, caserio el Eden, camino a las Malvinas. Bosque secundario, suelo arenoso.","PRESERVED_SPECIMEN","PRESENT","ACCEPTED","Tropicos","e053ff53-c156-4e2e-b9b5-4462e9625424","90fd6680-349f-11d8-aa2d-b8a03c50a862","USM","Tropicos","Juan Perea","P. Pedraza (NY)","2007-05-19",2007,5,19,,1609,,,"http://creativecommons.org/licenses/by/4.0/legalcode","Missouri Botanical Garden"
"4062011495","Cavendishia pubescens (Kunth) Hemsl.","Cavendishia pubescens (Kunth) Hemsl.",-5.171667,-78.748333,"WGS84","cdround,gass84,osiic,ambinst","SOUTH_AMERICA","Peru","PE","Cajamarca","San Ignacio",,"Distrito Huarango. Poblado Huarandoza, caserio el Eden, camino a las Malvinas. Bosque secundario, suelo arenoso.","PRESERVED_SPECIMEN","PRESENT","ACCEPTED","Tropicos","e053ff53-c156-4e2e-b9b5-4462e9625424","90fd6680-349f-11d8-aa2d-b8a03c50a862","HUT","Tropicos","Juan Perea","P. Pedraza (NY)","2007-05-19",2007,5,19,,1609,,,"http://creativecommons.org/licenses/by/4.0/legalcode","Missouri Botanical Garden"
"930994495","Cavendishia pubescens (Kunth) Hemsl.","Cavendishia pubescens (Kunth) Hemsl.",5.923889,-75.5175,"WGS84","cdround,inmafu","SOUTH_AMERICA","Colombia","CO","Antioquia","Montebello",,"Vereda El Olival parte alta. alto de la Virgen","PRESERVED_SPECIMEN","PRESENT","ACCEPTED",,"23243164-c132-444d-a3a4-34662abb8305","cccff716-2694-4209-9f9e-2f7a484465a0","Universidad de Antioquia (UdeA)","HUA","David H.|Rivas A.|Uribe V.|Londoño L.|Díaz O.","David H.","2007-06-02",2007,6,2,,2625,75,,"http://creativecommons.org/publicdomain/zero/1.0/legalcode",
"1260908307","Cavendishia pubescens (Kunth) Hemsl.","Cavendishia pubescens (Kunth) Hemsl.",-5.10333,-78.8425,"WGS84","gass84,osiic,ambinst","SOUTH_AMERICA","Peru","PE","Cajamarca","San Ignacio",,"Distrito San José de Lourdes. Poblado Los Llanos. Bosque achaparrado, al borde de carretera.","PRESERVED_SPECIMEN","PRESENT","ACCEPTED","Tropicos","e053ff53-c156-4e2e-b9b5-4462e9625424","90fd6680-349f-11d8-aa2d-b8a03c50a862","USM","Tropicos","Juan Perea","P. Pedraza (NY)","2007-06-24",2007,6,24,,1922,,,"http://creativecommons.org/licenses/by/4.0/legalcode","Missouri Botanical Garden"
"1930535749","Cavendishia pubescens (Kunth) Hemsl.","Cavendishia pubescens (Kunth) Hemsl.",-5.1033,-78.8442,"WGS84","gass84,mdativ","SOUTH_AMERICA","Peru","PE","Cajamarca","San Ignacio Prov.",,"Distrito San José de Lourdes. Poblado Los Llanos","PRESERVED_SPECIMEN","PRESENT","ACCEPTED","Vascular plants","d415c253-4d61-4459-9d25-4015b9084fb0","ae447c50-b8a8-11d8-92a4-b8a03c50a862","NY","NY","J. Perea",,"2007-06-24",2007,6,24,,1922,,,"http://creativecommons.org/publicdomain/zero/1.0/legalcode","The New York Botanical Garden"
"4032031171","Cavendishia pubescens (Kunth) Hemsl.","Cavendishia pubescens (Kunth) Hemsl.",-5.10333,-78.8425,"WGS84","gass84,osiic,colmano,inmafu","SOUTH_AMERICA","Peru","PE","Cajamarca","San Ignacio",,"Distrito San José de Lourdes. Poblado Los Llanos. Bosque achaparrado, al borde de carretera.","PRESERVED_SPECIMEN","PRESENT","ACCEPTED","Tropicos","7bd65a7a-f762-11e1-a439-00145eb45e9a","90fd6680-349f-11d8-aa2d-b8a03c50a862","MO","Tropicos","Juan Perea","P. Pedraza (NY)","2007-06-24",2007,6,24,,1922,,,"http://creativecommons.org/licenses/by/4.0/legalcode","Missouri Botanical Garden"
"4061465346","Cavendishia pubescens (Kunth) Hemsl.","Cavendishia pubescens (Kunth) Hemsl.",-5.10333,-78.8425,"WGS84","gass84,osiic,ambinst","SOUTH_AMERICA","Peru","PE","Cajamarca","San Ignacio",,"Distrito San José de Lourdes. Poblado Los Llanos. Bosque achaparrado, al borde de carretera.","PRESERVED_SPECIMEN","PRESENT","ACCEPTED","Tropicos","e053ff53-c156-4e2e-b9b5-4462e9625424","90fd6680-349f-11d8-aa2d-b8a03c50a862","HUT","Tropicos","Juan Perea","P. Pedraza (NY)","2007-06-24",2007,6,24,,1922,,,"http://creativecommons.org/licenses/by/4.0/legalcode","Missouri Botanical Garden"
"1260908357","Cavendishia pubescens (Kunth) Hemsl.","Cavendishia pubescens (Kunth) Hemsl.",-5.16611,-78.72527,"WGS84","gass84,osiic,colmano,inmafu","SOUTH_AMERICA","Peru","PE","Cajamarca","San Ignacio",,"Distrito Huarango. Poblado Huarandoza, caserio el Eden. Bosque secundario húmedo lluvioso, en borde de camino.","PRESERVED_SPECIMEN","PRESENT","ACCEPTED","Tropicos","e053ff53-c156-4e2e-b9b5-4462e9625424","90fd6680-349f-11d8-aa2d-b8a03c50a862","MOL","Tropicos","Juan Perea","P. Pedraza (NY)","2007-07-28",2007,7,28,,1583,,,"http://creativecommons.org/licenses/by/4.0/legalcode","Missouri Botanical Garden"
"1930775509","Cavendishia pubescens (Kunth) Hemsl.","Cavendishia pubescens (Kunth) Hemsl.",-5.1661,-78.7253,"WGS84","gass84,mdativ","SOUTH_AMERICA","Peru","PE","Cajamarca","San Ignacio Prov.",,"Distrito Huarango. Poblado Huarandoza, caserio el Eden","PRESERVED_SPECIMEN","PRESENT","ACCEPTED","Vascular plants","d415c253-4d61-4459-9d25-4015b9084fb0","ae447c50-b8a8-11d8-92a4-b8a03c50a862","NY","NY","J. Perea",,"2007-07-28",2007,7,28,,1583,,,"http://creativecommons.org/publicdomain/zero/1.0/legalcode","The New York Botanical Garden"
"4031636011","Cavendishia pubescens (Kunth) Hemsl.","Cavendishia pubescens (Kunth) Hemsl.",-5.16611,-78.72527,"WGS84","gass84,osiic,colmano,inmafu","SOUTH_AMERICA","Peru","PE","Cajamarca","San Ignacio",,"Distrito Huarango. Poblado Huarandoza, caserio el Eden. Bosque secundario húmedo lluvioso, en borde de camino.","PRESERVED_SPECIMEN","PRESENT","ACCEPTED","Tropicos","7bd65a7a-f762-11e1-a439-00145eb45e9a","90fd6680-349f-11d8-aa2d-b8a03c50a862","MO","Tropicos","Juan Perea","P. Pedraza (NY)","2007-07-28",2007,7,28,,1583,,,"http://creativecommons.org/licenses/by/4.0/legalcode","Missouri Botanical Garden"
"4060940957","Cavendishia pubescens (Kunth) Hemsl.","Cavendishia pubescens (Kunth) Hemsl.",-5.16611,-78.72527,"WGS84","gass84,osiic,ambinst","SOUTH_AMERICA","Peru","PE","Cajamarca","San Ignacio",,"Distrito Huarango. Poblado Huarandoza, caserio el Eden. Bosque secundario húmedo lluvioso, en borde de camino.","PRESERVED_SPECIMEN","PRESENT","ACCEPTED","Tropicos","e053ff53-c156-4e2e-b9b5-4462e9625424","90fd6680-349f-11d8-aa2d-b8a03c50a862","HUT","Tropicos","Juan Perea","P. Pedraza (NY)","2007-07-28",2007,7,28,,1583,,,"http://creativecommons.org/licenses/by/4.0/legalcode","Missouri Botanical Garden"
"4061483997","Cavendishia pubescens (Kunth) Hemsl.","Cavendishia pubescens (Kunth) Hemsl.",-5.16611,-78.72527,"WGS84","gass84,osiic,ambinst","SOUTH_AMERICA","Peru","PE","Cajamarca","San Ignacio",,"Distrito Huarango. Poblado Huarandoza, caserio el Eden. Bosque secundario húmedo lluvioso, en borde de camino.","PRESERVED_SPECIMEN","PRESENT","ACCEPTED","Tropicos","e053ff53-c156-4e2e-b9b5-4462e9625424","90fd6680-349f-11d8-aa2d-b8a03c50a862","USM","Tropicos","Juan Perea","P. Pedraza (NY)","2007-07-28",2007,7,28,,1583,,,"http://creativecommons.org/licenses/by/4.0/legalcode","Missouri Botanical Garden"
"4061651254","Cavendishia pubescens (Kunth) Hemsl.","Cavendishia pubescens (Kunth) Hemsl.",-5.16611,-78.72527,"WGS84","gass84,osiic,colmano,inmafu","SOUTH_AMERICA","Peru","PE","Cajamarca","San Ignacio",,"Distrito Huarango. Poblado Huarandoza, caserio el Eden. Bosque secundario húmedo lluvioso, en borde de camino.","PRESERVED_SPECIMEN","PRESENT","ACCEPTED","Tropicos","e053ff53-c156-4e2e-b9b5-4462e9625424","90fd6680-349f-11d8-aa2d-b8a03c50a862","AMAZ","Tropicos","Juan Perea","P. Pedraza (NY)","2007-07-28",2007,7,28,,1583,,,"http://creativecommons.org/licenses/by/4.0/legalcode","Missouri Botanical Garden"
"1260903850","Cavendishia pubescens (Kunth) Hemsl.","Cavendishia pubescens (Kunth) Hemsl.",-12.47861,-72.48333,"WGS84","gass84,osiic,ambinst","SOUTH_AMERICA","Peru","PE","Cusco","La Convención",,"Distrito Quellouno, Abra de Yavero. Bosque montano primario.","PRESERVED_SPECIMEN","PRESENT","ACCEPTED","Tropicos","e053ff53-c156-4e2e-b9b5-4462e9625424","90fd6680-349f-11d8-aa2d-b8a03c50a862","USM","Tropicos","Gloria Calatayud","Paola Pedraza (NY)","2007-09-23",2007,9,23,,2301,,,"http://creativecommons.org/licenses/by/4.0/legalcode","Missouri Botanical Garden"
"1928522786","Cavendishia pubescens (Kunth) Hemsl.","Cavendishia pubescens (Kunth) Hemsl.",-4.2522,-78.6647,"WGS84","gass84,mdativ","SOUTH_AMERICA","Ecuador","EC","Zamora Chinchipe","Nangaritza (Canton)",,"Cordillera del Cóndor, ""Area de Conservación Los Tepuyes"". Sloping plateau W of upper Río Nangaritza near the Cabañas Yankuam lodge. In and near ""Nangaritza Lower Sandstone Plateau"".","PRESERVED_SPECIMEN","PRESENT","ACCEPTED","Vascular plants","d415c253-4d61-4459-9d25-4015b9084fb0","ae447c50-b8a8-11d8-92a4-b8a03c50a862","NY","NY","D. A. Neill",,"2007-09-16",2007,9,16,,1120,,,"http://creativecommons.org/publicdomain/zero/1.0/legalcode","The New York Botanical Garden"
"1930049663","Cavendishia pubescens (Kunth) Hemsl.","Cavendishia pubescens (Kunth) Hemsl.",-12.4786,-72.4833,"WGS84","gass84,mdativ","SOUTH_AMERICA","Peru","PE","Cusco","La Convención Prov.",,"Dist. Quellouno, Abra de Yavero.","PRESERVED_SPECIMEN","PRESENT","ACCEPTED","Vascular plants","d415c253-4d61-4459-9d25-4015b9084fb0","ae447c50-b8a8-11d8-92a4-b8a03c50a862","NY","NY","G. Calatayud",,"2007-09-23",2007,9,23,,2301,,,"http://creativecommons.org/publicdomain/zero/1.0/legalcode","The New York Botanical Garden"
"3969653390","Cavendishia pubescens (Kunth) Hemsl.","Cavendishia pubescens (Kunth) Hemsl.",-12.478611,-72.483333,"WGS84","cdc,gass84,inmafu","SOUTH_AMERICA","Peru","PE","Cuzco",,,"La Convención. Distrito Quellouno, Abra de Yavero.","PRESERVED_SPECIMEN","PRESENT","ACCEPTED",,"defb9a47-c1a7-4fb2-9a0b-2da7c5260cad","c4cbb860-e9c7-11da-8113-b8a03c50a862","BRIT","BRIT","Gloria Calatayud","Paola Pedraza","2007-09-23",2007,9,23,"Bosque montano primario.",2301,,"hemiepífito 8 m, flores rosadas","http://creativecommons.org/publicdomain/zero/1.0/legalcode","Botanical Research Institute of Texas"
"4031826821","Cavendishia pubescens (Kunth) Hemsl.","Cavendishia pubescens (Kunth) Hemsl.",-12.47861,-72.48333,"WGS84","gass84,osiic,colmano,inmafu","SOUTH_AMERICA","Peru","PE","Cusco","La Convención",,"Distrito Quellouno, Abra de Yavero. Bosque montano primario.","PRESERVED_SPECIMEN","PRESENT","ACCEPTED","Tropicos","7bd65a7a-f762-11e1-a439-00145eb45e9a","90fd6680-349f-11d8-aa2d-b8a03c50a862","MO","Tropicos","Gloria Calatayud","Paola Pedraza (NY)","2007-09-23",2007,9,23,,2301,,,"http://creativecommons.org/licenses/by/4.0/legalcode","Missouri Botanical Garden"
"4060931026","Cavendishia pubescens (Kunth) Hemsl.","Cavendishia pubescens (Kunth) Hemsl.",-12.47861,-72.48333,"WGS84","gass84,osiic,colmano,inmafu","SOUTH_AMERICA","Peru","PE","Cusco","La Convención",,"Distrito Quellouno, Abra de Yavero. Bosque montano primario.","PRESERVED_SPECIMEN","PRESENT","ACCEPTED","Tropicos","e053ff53-c156-4e2e-b9b5-4462e9625424","90fd6680-349f-11d8-aa2d-b8a03c50a862","CUZ","Tropicos","Gloria Calatayud","Paola Pedraza (NY)","2007-09-23",2007,9,23,,2301,,,"http://creativecommons.org/licenses/by/4.0/legalcode","Missouri Botanical Garden"
"4060953590","Cavendishia pubescens (Kunth) Hemsl.","Cavendishia pubescens (Kunth) Hemsl.",-12.47861,-72.48333,"WGS84","gass84,osiic,ambinst","SOUTH_AMERICA","Peru","PE","Cusco","La Convención",,"Distrito Quellouno, Abra de Yavero. Bosque montano primario.","PRESERVED_SPECIMEN","PRESENT","ACCEPTED","Tropicos","e053ff53-c156-4e2e-b9b5-4462e9625424","90fd6680-349f-11d8-aa2d-b8a03c50a862","HUT","Tropicos","Gloria Calatayud","Paola Pedraza (NY)","2007-09-23",2007,9,23,,2301,,,"http://creativecommons.org/licenses/by/4.0/legalcode","Missouri Botanical Garden"
"1928127332","Cavendishia pubescens (Kunth) Hemsl.","Cavendishia pubescens (Kunth) Hemsl.",6.4144,-76.0408,"WGS84","gass84,mdativ","SOUTH_AMERICA","Colombia","CO","Antioquia","Urrao Mun.",,"Vereda El Chuscal.  Vía Urrao - Caicedo.  Alto Caicedo.","PRESERVED_SPECIMEN","PRESENT","ACCEPTED","Vascular plants","d415c253-4d61-4459-9d25-4015b9084fb0","ae447c50-b8a8-11d8-92a4-b8a03c50a862","NY","NY","P. Pedraza-Peñalosa","P. Pedraza-Peñalosa","2007-12-11",2007,12,11,,2163.5,663.5,,"http://creativecommons.org/publicdomain/zero/1.0/legalcode","The New York Botanical Garden"
"1260330185","Cavendishia pubescens (Kunth) Hemsl.","Cavendishia pubescens (Kunth) Hemsl.",-14.783611,-69.018889,"WGS84","cdround,gass84,osiic,colmano,inmafu","SOUTH_AMERICA","Bolivia (Plurinational State of)","BO","La Paz","Franz Tamayo",,"ANMI Apolobamba, sector Laitiki hacia Piara, entre Pelechuco y Apolo. Bosque saxicola con Columellia, rodeado por el bosque de yungas montano pluvial, con Weinmannia sp. Plantas sin alcoholizar. Inventario Fitosociologico Madidi 70.","PRESERVED_SPECIMEN","PRESENT","ACCEPTED","Tropicos","e053ff53-c156-4e2e-b9b5-4462e9625424","90fd6680-349f-11d8-aa2d-b8a03c50a862","LPB","Tropicos","Alfredo F. Fuentes|Moisés Mendoza|Remy Roque","J. Luteyn (NY)","2006-04-20",2006,4,20,,2650,,,"http://creativecommons.org/licenses/by/4.0/legalcode","Missouri Botanical Garden"
"1260743044","Cavendishia pubescens (Kunth) Hemsl.","Cavendishia pubescens (Kunth) Hemsl.",-5.15777,-78.76083,"WGS84","gass84,osiic,colmano,inmafu","SOUTH_AMERICA","Peru","PE","Cajamarca","San Ignacio",,"Dist. Huarango. Alrededores del Caserio Palma.","PRESERVED_SPECIMEN","PRESENT","ACCEPTED","Tropicos","e053ff53-c156-4e2e-b9b5-4462e9625424","90fd6680-349f-11d8-aa2d-b8a03c50a862","MOL","Tropicos","Edgardo M. Ortiz V.","Paola Pedraza (NY)","2006-04-26",2006,4,26,,1810,,,"http://creativecommons.org/licenses/by/4.0/legalcode","Missouri Botanical Garden"
"1262188295","Cavendishia pubescens (Kunth) Hemsl.","Cavendishia pubescens (Kunth) Hemsl.",-9.1839,-74.14,"WGS84","gass84,ambcol,inmafu","SOUTH_AMERICA","Peru","PE",,,,"Perú","PRESERVED_SPECIMEN","PRESENT","ACCEPTED","seeds-22-sep-2023","90c853e6-56bd-480b-8e8f-6285c3f8d42b","7b8aff00-a9f8-11d8-944b-b8a03c50a862","F","Botany","E. M. Ortiz V.",,"2006-04-26",2006,4,26,,,,,"http://creativecommons.org/publicdomain/zero/1.0/legalcode","The Field Museum of Natural History"
"1928356613","Cavendishia pubescens (Kunth) Hemsl.","Cavendishia pubescens (Kunth) Hemsl.",-14.7836,-69.0189,"WGS84","gass84,mdativ","SOUTH_AMERICA","Bolivia (Plurinational State of)","BO","La Paz","Franz Tamayo Prov.",,"ANMI Apolobamba, sector Laitiki hacia Piara, entre Pelechuco y Apolo.","PRESERVED_SPECIMEN","PRESENT","ACCEPTED","Vascular plants","d415c253-4d61-4459-9d25-4015b9084fb0","ae447c50-b8a8-11d8-92a4-b8a03c50a862","NY","NY","A. Fuentes",,"2006-04-20",2006,4,20,,2650,,,"http://creativecommons.org/publicdomain/zero/1.0/legalcode","The New York Botanical Garden"
"1929696625","Cavendishia pubescens (Kunth) Hemsl.","Cavendishia pubescens (Kunth) Hemsl.",-5.1578,-78.7608,"WGS84","gass84,mdativ","SOUTH_AMERICA","Peru","PE","Cajamarca","San Ignacio Prov.",,"Dist. Huarango. Alrededores del Caserio Palma.","PRESERVED_SPECIMEN","PRESENT","ACCEPTED","Vascular plants","d415c253-4d61-4459-9d25-4015b9084fb0","ae447c50-b8a8-11d8-92a4-b8a03c50a862","NY","NY","E. M. Ortiz Valencia",,"2006-04-26",2006,4,26,,1810,,,"http://creativecommons.org/publicdomain/zero/1.0/legalcode","The New York Botanical Garden"
"3969648374","Cavendishia pubescens (Kunth) Hemsl.","Cavendishia pubescens (Kunth) Hemsl.",-5.157778,-78.760833,"WGS84","cdc,gass84,inmafu","SOUTH_AMERICA","Peru","PE","Cajamarca",,,"San Ignacio. Dist. Huarango. Alrededores del Caserio Palma.","PRESERVED_SPECIMEN","PRESENT","ACCEPTED",,"defb9a47-c1a7-4fb2-9a0b-2da7c5260cad","c4cbb860-e9c7-11da-8113-b8a03c50a862","BRIT","BRIT","Edgardo M. Ortiz V.","Paola Pedraza","2006-04-26",2006,4,26,"Bosque montano nublado. Bordes de caminos.",1810,,"arbusto hasta 2.5 m. inflorescencias rosadas. corola 2/3 rojo vino, 1/3 blanco-amarillenta. frutos inmaduros rosados.","http://creativecommons.org/publicdomain/zero/1.0/legalcode","Botanical Research Institute of Texas"
"4031584703","Cavendishia pubescens (Kunth) Hemsl.","Cavendishia pubescens (Kunth) Hemsl.",-14.783611,-69.018889,"WGS84","cdround,gass84,osiic,colmano,inmafu","SOUTH_AMERICA","Bolivia (Plurinational State of)","BO","La Paz","Franz Tamayo",,"ANMI Apolobamba, sector Laitiki hacia Piara, entre Pelechuco y Apolo. Bosque saxicola con Columellia, rodeado por el bosque de yungas montano pluvial, con Weinmannia sp. Plantas sin alcoholizar. Inventario Fitosociologico Madidi 70.","PRESERVED_SPECIMEN","PRESENT","ACCEPTED","Tropicos","7bd65a7a-f762-11e1-a439-00145eb45e9a","90fd6680-349f-11d8-aa2d-b8a03c50a862","MO","Tropicos","Alfredo F. Fuentes|Moisés Mendoza|Remy Roque","J. Luteyn (NY)","2006-04-20",2006,4,20,,2650,,,"http://creativecommons.org/licenses/by/4.0/legalcode","Missouri Botanical Garden"
"4031621866","Cavendishia pubescens (Kunth) Hemsl.","Cavendishia pubescens (Kunth) Hemsl.",-5.15777,-78.76083,"WGS84","gass84,osiic,colmano,inmafu","SOUTH_AMERICA","Peru","PE","Cajamarca","San Ignacio",,"Dist. Huarango. Alrededores del Caserio Palma.","PRESERVED_SPECIMEN","PRESENT","ACCEPTED","Tropicos","7bd65a7a-f762-11e1-a439-00145eb45e9a","90fd6680-349f-11d8-aa2d-b8a03c50a862","MO","Tropicos","Edgardo M. Ortiz V.","Paola Pedraza (NY)","2006-04-26",2006,4,26,,1810,,,"http://creativecommons.org/licenses/by/4.0/legalcode","Missouri Botanical Garden"
"4060892896","Cavendishia pubescens (Kunth) Hemsl.","Cavendishia pubescens (Kunth) Hemsl.",-5.15777,-78.76083,"WGS84","gass84,osiic,ambinst","SOUTH_AMERICA","Peru","PE","Cajamarca","San Ignacio",,"Dist. Huarango. Alrededores del Caserio Palma.","PRESERVED_SPECIMEN","PRESENT","ACCEPTED","Tropicos","e053ff53-c156-4e2e-b9b5-4462e9625424","90fd6680-349f-11d8-aa2d-b8a03c50a862","HUT","Tropicos","Edgardo M. Ortiz V.","Paola Pedraza (NY)","2006-04-26",2006,4,26,,1810,,,"http://creativecommons.org/licenses/by/4.0/legalcode","Missouri Botanical Garden"
"4061437980","Cavendishia pubescens (Kunth) Hemsl.","Cavendishia pubescens (Kunth) Hemsl.",-5.15777,-78.76083,"WGS84","gass84,osiic,ambinst","SOUTH_AMERICA","Peru","PE","Cajamarca","San Ignacio",,"Dist. Huarango. Alrededores del Caserio Palma.","PRESERVED_SPECIMEN","PRESENT","ACCEPTED","Tropicos","e053ff53-c156-4e2e-b9b5-4462e9625424","90fd6680-349f-11d8-aa2d-b8a03c50a862","USM","Tropicos","Edgardo M. Ortiz V.","Paola Pedraza (NY)","2006-04-26",2006,4,26,,1810,,,"http://creativecommons.org/licenses/by/4.0/legalcode","Missouri Botanical Garden"
"4061541605","Cavendishia pubescens (Kunth) Hemsl.","Cavendishia pubescens (Kunth) Hemsl.",-14.783611,-69.018889,"WGS84","cdround,gass84,osiic,colmano,inmafu","SOUTH_AMERICA","Bolivia (Plurinational State of)","BO","La Paz","Franz Tamayo",,"ANMI Apolobamba, sector Laitiki hacia Piara, entre Pelechuco y Apolo. Bosque saxicola con Columellia, rodeado por el bosque de yungas montano pluvial, con Weinmannia sp. Plantas sin alcoholizar. Inventario Fitosociologico Madidi 70.","PRESERVED_SPECIMEN","PRESENT","ACCEPTED","Tropicos","e053ff53-c156-4e2e-b9b5-4462e9625424","90fd6680-349f-11d8-aa2d-b8a03c50a862","USZ","Tropicos","Alfredo F. Fuentes|Moisés Mendoza|Remy Roque","J. Luteyn (NY)","2006-04-20",2006,4,20,,2650,,,"http://creativecommons.org/licenses/by/4.0/legalcode","Missouri Botanical Garden"
"4061570918","Cavendishia pubescens (Kunth) Hemsl.","Cavendishia pubescens (Kunth) Hemsl.",-14.783611,-69.018889,"WGS84","cdround,gass84,osiic,colmano,inmafu","SOUTH_AMERICA","Bolivia (Plurinational State of)","BO","La Paz","Franz Tamayo",,"ANMI Apolobamba, sector Laitiki hacia Piara, entre Pelechuco y Apolo. Bosque saxicola con Columellia, rodeado por el bosque de yungas montano pluvial, con Weinmannia sp. Plantas sin alcoholizar. Inventario Fitosociologico Madidi 70.","PRESERVED_SPECIMEN","PRESENT","ACCEPTED","Tropicos","e053ff53-c156-4e2e-b9b5-4462e9625424","90fd6680-349f-11d8-aa2d-b8a03c50a862","CTES","Tropicos","Alfredo F. Fuentes|Moisés Mendoza|Remy Roque","J. Luteyn (NY)","2006-04-20",2006,4,20,,2650,,,"http://creativecommons.org/licenses/by/4.0/legalcode","Missouri Botanical Garden"
"4061602137","Cavendishia pubescens (Kunth) Hemsl.","Cavendishia pubescens (Kunth) Hemsl.",-5.15777,-78.76083,"WGS84","gass84,osiic,colmano,inmafu","SOUTH_AMERICA","Peru","PE","Cajamarca","San Ignacio",,"Dist. Huarango. Alrededores del Caserio Palma.","PRESERVED_SPECIMEN","PRESENT","ACCEPTED","Tropicos","e053ff53-c156-4e2e-b9b5-4462e9625424","90fd6680-349f-11d8-aa2d-b8a03c50a862","AMAZ","Tropicos","Edgardo M. Ortiz V.","Paola Pedraza (NY)","2006-04-26",2006,4,26,,1810,,,"http://creativecommons.org/licenses/by/4.0/legalcode","Missouri Botanical Garden"
"4062189778","Cavendishia pubescens (Kunth) Hemsl.","Cavendishia pubescens (Kunth) Hemsl.",-14.783611,-69.018889,"WGS84","cdround,gass84,osiic,colmano,inmafu","SOUTH_AMERICA","Bolivia (Plurinational State of)","BO","La Paz","Franz Tamayo",,"ANMI Apolobamba, sector Laitiki hacia Piara, entre Pelechuco y Apolo. Bosque saxicola con Columellia, rodeado por el bosque de yungas montano pluvial, con Weinmannia sp. Plantas sin alcoholizar. Inventario Fitosociologico Madidi 70.","PRESERVED_SPECIMEN","PRESENT","ACCEPTED","Tropicos","e053ff53-c156-4e2e-b9b5-4462e9625424","90fd6680-349f-11d8-aa2d-b8a03c50a862","NY","Tropicos","Alfredo F. Fuentes|Moisés Mendoza|Remy Roque","J. Luteyn (NY)","2006-04-20",2006,4,20,,2650,,,"http://creativecommons.org/licenses/by/4.0/legalcode","Missouri Botanical Garden"
"4062200532","Cavendishia pubescens (Kunth) Hemsl.","Cavendishia pubescens (Kunth) Hemsl.",-14.783611,-69.018889,"WGS84","cdround,gass84,osiic,colmano,inmafu","SOUTH_AMERICA","Bolivia (Plurinational State of)","BO","La Paz","Franz Tamayo",,"ANMI Apolobamba, sector Laitiki hacia Piara, entre Pelechuco y Apolo. Bosque saxicola con Columellia, rodeado por el bosque de yungas montano pluvial, con Weinmannia sp. Plantas sin alcoholizar. Inventario Fitosociologico Madidi 70.","PRESERVED_SPECIMEN","PRESENT","ACCEPTED","Tropicos","e053ff53-c156-4e2e-b9b5-4462e9625424","90fd6680-349f-11d8-aa2d-b8a03c50a862","BOLV","Tropicos","Alfredo F. Fuentes|Moisés Mendoza|Remy Roque","J. Luteyn (NY)","2006-04-20",2006,4,20,,2650,,,"http://creativecommons.org/licenses/by/4.0/legalcode","Missouri Botanical Garden"
"930992278","Cavendishia pubescens (Kunth) Hemsl.","Cavendishia pubescens (Kunth) Hemsl.",6.283056,-75.543333,"WGS84","cdround,inmafu","SOUTH_AMERICA","Colombia","CO","Antioquia","Medellín",,"Barrio El Raizal. carrera 32. cerca de la quebrada El Molino","PRESERVED_SPECIMEN","PRESENT","ACCEPTED",,"23243164-c132-444d-a3a4-34662abb8305","cccff716-2694-4209-9f9e-2f7a484465a0","Universidad de Antioquia (UdeA)","HUA","Rodríguez W.|Arango A.","Rodríguez W.","2006-05-25",2006,5,25,,1600,0,,"http://creativecommons.org/publicdomain/zero/1.0/legalcode",
"1260745579","Cavendishia pubescens (Kunth) Hemsl.","Cavendishia pubescens (Kunth) Hemsl.",-5.110556,-78.785278,"WGS84","cdround,gass84,osiic,ambinst","SOUTH_AMERICA","Peru","PE","Cajamarca","San Ignacio",,"Dist. Huarango. Caserio el Porvenir. Bosque montano húmedo intervenido.","PRESERVED_SPECIMEN","PRESENT","ACCEPTED","Tropicos","e053ff53-c156-4e2e-b9b5-4462e9625424","90fd6680-349f-11d8-aa2d-b8a03c50a862","K","Tropicos","Juan Perea","P. Pedraza (NY)","2006-05-29",2006,5,29,,1200,,,"http://creativecommons.org/licenses/by/4.0/legalcode","Missouri Botanical Garden"
"1930257669","Cavendishia pubescens (Kunth) Hemsl.","Cavendishia pubescens (Kunth) Hemsl.",-5.1106,-78.7853,"WGS84","gass84,mdativ","SOUTH_AMERICA","Peru","PE","Cajamarca","San Ignacio Prov.",,"Dist. Huarango. Caserio el Porvenir.","PRESERVED_SPECIMEN","PRESENT","ACCEPTED","Vascular plants","d415c253-4d61-4459-9d25-4015b9084fb0","ae447c50-b8a8-11d8-92a4-b8a03c50a862","NY","NY","J. Perea",,"2006-05-29",2006,5,29,,1200,,,"http://creativecommons.org/publicdomain/zero/1.0/legalcode","The New York Botanical Garden"
"4031620894","Cavendishia pubescens (Kunth) Hemsl.","Cavendishia pubescens (Kunth) Hemsl.",-5.110556,-78.785278,"WGS84","cdround,gass84,osiic,colmano,inmafu","SOUTH_AMERICA","Peru","PE","Cajamarca","San Ignacio",,"Dist. Huarango. Caserio el Porvenir. Bosque montano húmedo intervenido.","PRESERVED_SPECIMEN","PRESENT","ACCEPTED","Tropicos","7bd65a7a-f762-11e1-a439-00145eb45e9a","90fd6680-349f-11d8-aa2d-b8a03c50a862","MO","Tropicos","Juan Perea","P. Pedraza (NY)","2006-05-29",2006,5,29,,1200,,,"http://creativecommons.org/licenses/by/4.0/legalcode","Missouri Botanical Garden"
"4060923414","Cavendishia pubescens (Kunth) Hemsl.","Cavendishia pubescens (Kunth) Hemsl.",-5.110556,-78.785278,"WGS84","cdround,gass84,osiic,ambinst","SOUTH_AMERICA","Peru","PE","Cajamarca","San Ignacio",,"Dist. Huarango. Caserio el Porvenir. Bosque montano húmedo intervenido.","PRESERVED_SPECIMEN","PRESENT","ACCEPTED","Tropicos","e053ff53-c156-4e2e-b9b5-4462e9625424","90fd6680-349f-11d8-aa2d-b8a03c50a862","HUT","Tropicos","Juan Perea","P. Pedraza (NY)","2006-05-29",2006,5,29,,1200,,,"http://creativecommons.org/licenses/by/4.0/legalcode","Missouri Botanical Garden"
"4061438171","Cavendishia pubescens (Kunth) Hemsl.","Cavendishia pubescens (Kunth) Hemsl.",-5.110556,-78.785278,"WGS84","cdround,gass84,osiic,ambinst","SOUTH_AMERICA","Peru","PE","Cajamarca","San Ignacio",,"Dist. Huarango. Caserio el Porvenir. Bosque montano húmedo intervenido.","PRESERVED_SPECIMEN","PRESENT","ACCEPTED","Tropicos","e053ff53-c156-4e2e-b9b5-4462e9625424","90fd6680-349f-11d8-aa2d-b8a03c50a862","USM","Tropicos","Juan Perea","P. Pedraza (NY)","2006-05-29",2006,5,29,,1200,,,"http://creativecommons.org/licenses/by/4.0/legalcode","Missouri Botanical Garden"
"4061617348","Cavendishia pubescens (Kunth) Hemsl.","Cavendishia pubescens (Kunth) Hemsl.",-5.110556,-78.785278,"WGS84","cdround,gass84,osiic,colmano,inmafu","SOUTH_AMERICA","Peru","PE","Cajamarca","San Ignacio",,"Dist. Huarango. Caserio el Porvenir. Bosque montano húmedo intervenido.","PRESERVED_SPECIMEN","PRESENT","ACCEPTED","Tropicos","e053ff53-c156-4e2e-b9b5-4462e9625424","90fd6680-349f-11d8-aa2d-b8a03c50a862","MOL","Tropicos","Juan Perea","P. Pedraza (NY)","2006-05-29",2006,5,29,,1200,,,"http://creativecommons.org/licenses/by/4.0/legalcode","Missouri Botanical Garden"
"1260745683","Cavendishia pubescens (Kunth) Hemsl.","Cavendishia pubescens (Kunth) Hemsl.",-5.984444,-78.600833,"WGS84","cdround,gass84,osiic,colmano,inmafu","SOUTH_AMERICA","Peru","PE","Cajamarca","San Ignacio",,"Dist. San José de Lourdes. Caserio Rumichina. Bosque semiachaparrado, límite con parcela comunal.","PRESERVED_SPECIMEN","PRESENT","ACCEPTED","Tropicos","e053ff53-c156-4e2e-b9b5-4462e9625424","90fd6680-349f-11d8-aa2d-b8a03c50a862","MOL","Tropicos","Juan Perea","P. Pedraza (NY)","2006-06-26",2006,6,26,,1758,,,"http://creativecommons.org/licenses/by/4.0/legalcode","Missouri Botanical Garden"
"1929740325","Cavendishia pubescens (Kunth) Hemsl.","Cavendishia pubescens (Kunth) Hemsl.",-5.9844,-78.6008,"WGS84","gass84,mdativ","SOUTH_AMERICA","Peru","PE","Cajamarca","San Ignacio Prov.",,"Dist. San José de Lourdes. Caserio Rumichina.","PRESERVED_SPECIMEN","PRESENT","ACCEPTED","Vascular plants","d415c253-4d61-4459-9d25-4015b9084fb0","ae447c50-b8a8-11d8-92a4-b8a03c50a862","NY","NY","J. Perea",,"2006-06-26",2006,6,26,,1758,,,"http://creativecommons.org/publicdomain/zero/1.0/legalcode","The New York Botanical Garden"
"4031713934","Cavendishia pubescens (Kunth) Hemsl.","Cavendishia pubescens (Kunth) Hemsl.",-5.984444,-78.600833,"WGS84","cdround,gass84,osiic,colmano,inmafu","SOUTH_AMERICA","Peru","PE","Cajamarca","San Ignacio",,"Dist. San José de Lourdes. Caserio Rumichina. Bosque semiachaparrado, límite con parcela comunal.","PRESERVED_SPECIMEN","PRESENT","ACCEPTED","Tropicos","7bd65a7a-f762-11e1-a439-00145eb45e9a","90fd6680-349f-11d8-aa2d-b8a03c50a862","MO","Tropicos","Juan Perea","P. Pedraza (NY)","2006-06-26",2006,6,26,,1758,,,"http://creativecommons.org/licenses/by/4.0/legalcode","Missouri Botanical Garden"
"4060880016","Cavendishia pubescens (Kunth) Hemsl.","Cavendishia pubescens (Kunth) Hemsl.",-5.984444,-78.600833,"WGS84","cdround,gass84,osiic,colmano,inmafu","SOUTH_AMERICA","Peru","PE","Cajamarca","San Ignacio",,"Dist. San José de Lourdes. Caserio Rumichina. Bosque semiachaparrado, límite con parcela comunal.","PRESERVED_SPECIMEN","PRESENT","ACCEPTED","Tropicos","e053ff53-c156-4e2e-b9b5-4462e9625424","90fd6680-349f-11d8-aa2d-b8a03c50a862","GB","Tropicos","Juan Perea","P. Pedraza (NY)","2006-06-26",2006,6,26,,1758,,,"http://creativecommons.org/licenses/by/4.0/legalcode","Missouri Botanical Garden"
"4060898176","Cavendishia pubescens (Kunth) Hemsl.","Cavendishia pubescens (Kunth) Hemsl.",-5.984444,-78.600833,"WGS84","cdround,gass84,osiic,colmano,inmafu","SOUTH_AMERICA","Peru","PE","Cajamarca","San Ignacio",,"Dist. San José de Lourdes. Caserio Rumichina. Bosque semiachaparrado, límite con parcela comunal.","PRESERVED_SPECIMEN","PRESENT","ACCEPTED","Tropicos","e053ff53-c156-4e2e-b9b5-4462e9625424","90fd6680-349f-11d8-aa2d-b8a03c50a862","AMAZ","Tropicos","Juan Perea","P. Pedraza (NY)","2006-06-26",2006,6,26,,1758,,,"http://creativecommons.org/licenses/by/4.0/legalcode","Missouri Botanical Garden"
"4060900507","Cavendishia pubescens (Kunth) Hemsl.","Cavendishia pubescens (Kunth) Hemsl.",-5.984444,-78.600833,"WGS84","cdround,gass84,osiic,ambinst","SOUTH_AMERICA","Peru","PE","Cajamarca","San Ignacio",,"Dist. San José de Lourdes. Caserio Rumichina. Bosque semiachaparrado, límite con parcela comunal.","PRESERVED_SPECIMEN","PRESENT","ACCEPTED","Tropicos","e053ff53-c156-4e2e-b9b5-4462e9625424","90fd6680-349f-11d8-aa2d-b8a03c50a862","HUT","Tropicos","Juan Perea","P. Pedraza (NY)","2006-06-26",2006,6,26,,1758,,,"http://creativecommons.org/licenses/by/4.0/legalcode","Missouri Botanical Garden"
"4061493549","Cavendishia pubescens (Kunth) Hemsl.","Cavendishia pubescens (Kunth) Hemsl.",-5.984444,-78.600833,"WGS84","cdround,gass84,osiic,colmano,inmafu","SOUTH_AMERICA","Peru","PE","Cajamarca","San Ignacio",,"Dist. San José de Lourdes. Caserio Rumichina. Bosque semiachaparrado, límite con parcela comunal.","PRESERVED_SPECIMEN","PRESENT","ACCEPTED","Tropicos","e053ff53-c156-4e2e-b9b5-4462e9625424","90fd6680-349f-11d8-aa2d-b8a03c50a862","NY","Tropicos","Juan Perea","P. Pedraza (NY)","2006-06-26",2006,6,26,,1758,,,"http://creativecommons.org/licenses/by/4.0/legalcode","Missouri Botanical Garden"
"4061613764","Cavendishia pubescens (Kunth) Hemsl.","Cavendishia pubescens (Kunth) Hemsl.",-5.984444,-78.600833,"WGS84","cdround,gass84,osiic,ambinst","SOUTH_AMERICA","Peru","PE","Cajamarca","San Ignacio",,"Dist. San José de Lourdes. Caserio Rumichina. Bosque semiachaparrado, límite con parcela comunal.","PRESERVED_SPECIMEN","PRESENT","ACCEPTED","Tropicos","e053ff53-c156-4e2e-b9b5-4462e9625424","90fd6680-349f-11d8-aa2d-b8a03c50a862","USM","Tropicos","Juan Perea","P. Pedraza (NY)","2006-06-26",2006,6,26,,1758,,,"http://creativecommons.org/licenses/by/4.0/legalcode","Missouri Botanical Garden"
"3003779441","Cavendishia pubescens (Kunth) Hemsl.","Cavendishia pubescens (Kunth) Hemsl.",7.391583,-72.965583,"WGS84","cdc,cdround,inmafu","SOUTH_AMERICA","Colombia","CO","Santander","Suratá",,"Vereda Palchal. Finca Pangote","PRESERVED_SPECIMEN","PRESENT","ACCEPTED",,"55d3f041-5cd7-45cf-99e0-80cddfd035d7","7a079928-aee9-418a-b083-6152d01c78d6","Corporación Autónoma Regional Para la Defensa de la Meseta de Bucaramanga (CDMB)","CDMB-HEV","F. Barajas",,"2006-07-01",2006,7,1,,2065,,,"http://creativecommons.org/licenses/by/4.0/legalcode",
"3003779447","Cavendishia pubescens (Kunth) Hemsl.","Cavendishia pubescens (Kunth) Hemsl.",7.391583,-72.965583,"WGS84","cdc,cdround,inmafu","SOUTH_AMERICA","Colombia","CO","Santander","Suratá",,"Vereda Palchal. Finca Pangote","PRESERVED_SPECIMEN","PRESENT","ACCEPTED",,"55d3f041-5cd7-45cf-99e0-80cddfd035d7","7a079928-aee9-418a-b083-6152d01c78d6","Corporación Autónoma Regional Para la Defensa de la Meseta de Bucaramanga (CDMB)","CDMB-HEV","F. Barajas",,"2006-07-01",2006,7,1,,2065,,,"http://creativecommons.org/licenses/by/4.0/legalcode",
"3003780699","Cavendishia pubescens (Kunth) Hemsl.","Cavendishia pubescens (Kunth) Hemsl.",7.4125,-73.061583,"WGS84","cdc,cdround,inmafu","SOUTH_AMERICA","Colombia","CO","Santander","Matanza",,"Vereda Sinaí. Finca Los Olivos","PRESERVED_SPECIMEN","PRESENT","ACCEPTED",,"55d3f041-5cd7-45cf-99e0-80cddfd035d7","7a079928-aee9-418a-b083-6152d01c78d6","Corporación Autónoma Regional Para la Defensa de la Meseta de Bucaramanga (CDMB)","CDMB-HEV","F. Barajas",,"2006-10-31",2006,10,31,,1789,,,"http://creativecommons.org/licenses/by/4.0/legalcode",
"1707585741","Cavendishia pubescens (Kunth) Hemsl.","Cavendishia pubescens (Kunth) Hemsl.",5.703333,-73.461944,"WGS84","cdround,gass84,inmafu","SOUTH_AMERICA","Colombia","CO","Boyacá","Villa de Leyva",,"SFF Iguaque","PRESERVED_SPECIMEN","PRESENT","ACCEPTED","Grupo de Exploración y Monitoreo Ambiental (GEMA)","1fe5d5cd-0336-4664-b768-d38acf349c0a","2a7e3080-28a9-11dd-97cd-b8a03c50a862","Instituto de Investigación de Recursos Biológicos Alexander von Humboldt (IAvH)","FMB","Adriana Prieto|Aura Robles|Mónica Díaz,Pita|N. Acosta|A. Camargo|M. Lagos|F. Camargo|O. Betancur","Humberto Mendoza","2006-11-05",2006,11,5,,2910,,"Actualización del inventario entre 2019 y septiembre de 2021.","http://creativecommons.org/licenses/by-nc/4.0/legalcode",
"930992875","Cavendishia pubescens (Kunth) Hemsl.","Cavendishia pubescens (Kunth) Hemsl.",6.03175,-75.600011,"WGS84","cdround,inmafu","SOUTH_AMERICA","Colombia","CO","Antioquia","Caldas",,"Vereda La Clara. Refugio de Vida Silvestre y Parque recreativo Alto San Miguel. margenes del río Aburrá","PRESERVED_SPECIMEN","PRESENT","ACCEPTED",,"23243164-c132-444d-a3a4-34662abb8305","cccff716-2694-4209-9f9e-2f7a484465a0","Universidad de Antioquia (UdeA)","HUA","Tuberquia D.|Herrera D.","Tuberquia D.","2006-12-14",2006,12,14,,1950,150,,"http://creativecommons.org/publicdomain/zero/1.0/legalcode",
"1930993319","Cavendishia pubescens (Kunth) Hemsl.","Cavendishia pubescens (Kunth) Hemsl.",-16.4031,-67.5672,"WGS84","gass84,mdativ","SOUTH_AMERICA","Bolivia (Plurinational State of)","BO","La Paz","Sud Yungas Prov.",,"Chulumani, Subiendo 6 km, arriba pasando la granja Mejillones; siguiendo el sendero hacia la loma.","PRESERVED_SPECIMEN","PRESENT","ACCEPTED","Vascular plants","d415c253-4d61-4459-9d25-4015b9084fb0","ae447c50-b8a8-11d8-92a4-b8a03c50a862","NY","NY","S. G. Beck",,"2006-12-29",2006,12,29,,2400,,,"http://creativecommons.org/publicdomain/zero/1.0/legalcode","The New York Botanical Garden"
"930991151","Cavendishia pubescens (Kunth) Hemsl.","Cavendishia pubescens (Kunth) Hemsl.",6.295,-75.50033,"WGS84","inmafu","SOUTH_AMERICA","Colombia","CO","Antioquia","Guarne",,"Parque Natural Ecológico Piedras Blancas. entrada al parque","PRESERVED_SPECIMEN","PRESENT","ACCEPTED",,"23243164-c132-444d-a3a4-34662abb8305","cccff716-2694-4209-9f9e-2f7a484465a0","Universidad de Antioquia (UdeA)","HUA","Vargas H.","Vargas H.","2005-02-16",2005,2,16,,2300,0,,"http://creativecommons.org/publicdomain/zero/1.0/legalcode",
"1707592274","Cavendishia pubescens (Kunth) Hemsl.","Cavendishia pubescens (Kunth) Hemsl.",5.743333,-73.446389,"WGS84","cdround,gass84,inmafu","SOUTH_AMERICA","Colombia","CO","Boyacá","Arcabuco",,"Vereda Centro Rural","PRESERVED_SPECIMEN","PRESENT","ACCEPTED","Evolución y configuración del paisaje ganadero con el fin de formular alternativas de uso sostenible asociadas a cercas vivas y remanentes de vegetación natural en cuatro zonas de los Andes Colombianos","1fe5d5cd-0336-4664-b768-d38acf349c0a","2a7e3080-28a9-11dd-97cd-b8a03c50a862","Instituto de Investigación de Recursos Biológicos Alexander von Humboldt (IAvH)","FMB","Stella Suárez","Nelson Salinas","2005-02-16",2005,2,16,,2700,,"Actualización del inventario entre 2019 y septiembre de 2021.","http://creativecommons.org/licenses/by-nc/4.0/legalcode",
"3397175452","Cavendishia pubescens (Kunth) Hemsl.","Cavendishia pubescens (Kunth) Hemsl.",5.743306,-73.446333,"WGS84","cdround,inmafu","SOUTH_AMERICA","Colombia","CO","Boyacá","Arcabuco","vereda centro rural",,"PRESERVED_SPECIMEN","PRESENT","ACCEPTED","Evolucion y configuracion del paisaje ganadero con el fin de formular alternativas de uso sostenible asociadas a cercas vivas y remanentes de vegetacion natural en cuatro zonas de los andes Colombianos","ec76ce73-e02b-45e6-af0b-b2128f77ac22","256035fe-75ff-4a7c-94bc-86af590c9050","Universidad de la Amazonia (UniAmazonia)","HUAZ","S. Suarez","N.Salinas","2005-02-16",2005,2,16,,2700,,"Arbusto de 1.5 m de alto, frutos verdes","http://creativecommons.org/licenses/by-nc/4.0/legalcode","HUAZ"
"1260008869","Cavendishia pubescens (Kunth) Hemsl.","Cavendishia pubescens (Kunth) Hemsl.",-15.20777,-68.81972,"WGS84","gass84,osiic,colmano,inmafu","SOUTH_AMERICA","Bolivia (Plurinational State of)","BO","La Paz","Bautista Saavedra",,"ANMI Apolobamba, Carpa, subiendo al N del puente. Bosque montano estacional con Nectandra, Miconia y Hieronyma. Inventario fitosociologico Madidi 3.","PRESERVED_SPECIMEN","PRESENT","ACCEPTED","Tropicos","e053ff53-c156-4e2e-b9b5-4462e9625424","90fd6680-349f-11d8-aa2d-b8a03c50a862","LPB","Tropicos","Alfredo F. Fuentes|al.","A. Fuentes (LPB)","2005-04-18",2005,4,18,,2127,,,"http://creativecommons.org/licenses/by/4.0/legalcode","Missouri Botanical Garden"
"1928970502","Cavendishia pubescens (Kunth) Hemsl.","Cavendishia pubescens (Kunth) Hemsl.",-16.248778,-67.782083,"WGS84","cdround,gass84,mdativ","SOUTH_AMERICA","Bolivia (Plurinational State of)","BO","La Paz","Nor Yungas Prov.",,"La Paz-Coroico road, ca. 14.5 km below (E) Chuspipata.","PRESERVED_SPECIMEN","PRESENT","ACCEPTED","Vascular plants","d415c253-4d61-4459-9d25-4015b9084fb0","ae447c50-b8a8-11d8-92a4-b8a03c50a862","NY","NY","J. L. Luteyn",,"2005-04-15",2005,4,15,"Dry, disturbed, steep roadside slopes.",2040,0,,"http://creativecommons.org/publicdomain/zero/1.0/legalcode","The New York Botanical Garden"
"1931065732","Cavendishia pubescens (Kunth) Hemsl.","Cavendishia pubescens (Kunth) Hemsl.",-15.2078,-68.8197,"WGS84","gass84,mdativ","SOUTH_AMERICA","Bolivia (Plurinational State of)","BO","La Paz","Bautista Saavedra Prov.",,"ANMI Apolobamba, Carpa, subiendo al N del puente.","PRESERVED_SPECIMEN","PRESENT","ACCEPTED","Vascular plants","d415c253-4d61-4459-9d25-4015b9084fb0","ae447c50-b8a8-11d8-92a4-b8a03c50a862","NY","NY","A. Fuentes",,"2005-04-18",2005,4,18,,2127,,,"http://creativecommons.org/publicdomain/zero/1.0/legalcode","The New York Botanical Garden"
"4031658041","Cavendishia pubescens (Kunth) Hemsl.","Cavendishia pubescens (Kunth) Hemsl.",-15.20777,-68.81972,"WGS84","gass84,osiic,colmano,inmafu","SOUTH_AMERICA","Bolivia (Plurinational State of)","BO","La Paz","Bautista Saavedra",,"ANMI Apolobamba, Carpa, subiendo al N del puente. Bosque montano estacional con Nectandra, Miconia y Hieronyma. Inventario fitosociologico Madidi 3.","PRESERVED_SPECIMEN","PRESENT","ACCEPTED","Tropicos","7bd65a7a-f762-11e1-a439-00145eb45e9a","90fd6680-349f-11d8-aa2d-b8a03c50a862","MO","Tropicos","Alfredo F. Fuentes|al.","A. Fuentes (LPB)","2005-04-18",2005,4,18,,2127,,,"http://creativecommons.org/licenses/by/4.0/legalcode","Missouri Botanical Garden"
"4061472856","Cavendishia pubescens (Kunth) Hemsl.","Cavendishia pubescens (Kunth) Hemsl.",-15.20777,-68.81972,"WGS84","gass84,osiic,colmano,inmafu","SOUTH_AMERICA","Bolivia (Plurinational State of)","BO","La Paz","Bautista Saavedra",,"ANMI Apolobamba, Carpa, subiendo al N del puente. Bosque montano estacional con Nectandra, Miconia y Hieronyma. Inventario fitosociologico Madidi 3.","PRESERVED_SPECIMEN","PRESENT","ACCEPTED","Tropicos","e053ff53-c156-4e2e-b9b5-4462e9625424","90fd6680-349f-11d8-aa2d-b8a03c50a862","NY","Tropicos","Alfredo F. Fuentes|al.","A. Fuentes (LPB)","2005-04-18",2005,4,18,,2127,,,"http://creativecommons.org/licenses/by/4.0/legalcode","Missouri Botanical Garden"
"4061529472","Cavendishia pubescens (Kunth) Hemsl.","Cavendishia pubescens (Kunth) Hemsl.",-15.20777,-68.81972,"WGS84","gass84,osiic,colmano,inmafu","SOUTH_AMERICA","Bolivia (Plurinational State of)","BO","La Paz","Bautista Saavedra",,"ANMI Apolobamba, Carpa, subiendo al N del puente. Bosque montano estacional con Nectandra, Miconia y Hieronyma. Inventario fitosociologico Madidi 3.","PRESERVED_SPECIMEN","PRESENT","ACCEPTED","Tropicos","e053ff53-c156-4e2e-b9b5-4462e9625424","90fd6680-349f-11d8-aa2d-b8a03c50a862","USZ","Tropicos","Alfredo F. Fuentes|al.","A. Fuentes (LPB)","2005-04-18",2005,4,18,,2127,,,"http://creativecommons.org/licenses/by/4.0/legalcode","Missouri Botanical Garden"
"1257588558","Cavendishia pubescens (Kunth) Hemsl.","Cavendishia pubescens (Kunth) Hemsl.",-16.226667,-67.725,"WGS84","cdround,gass84,osiic,colmano,inmafu","SOUTH_AMERICA","Bolivia (Plurinational State of)","BO","La Paz","Nor Yungas",,"Coroico, Subiendo el cerro de Uchumachi.","PRESERVED_SPECIMEN","PRESENT","ACCEPTED","Tropicos","e053ff53-c156-4e2e-b9b5-4462e9625424","90fd6680-349f-11d8-aa2d-b8a03c50a862","LPB","Tropicos","Stephan G. Beck","J. Luteyn (NY)","2005-05-08",2005,5,8,,2450,,,"http://creativecommons.org/licenses/by/4.0/legalcode","Missouri Botanical Garden"
"1928059136","Cavendishia pubescens (Kunth) Hemsl.","Cavendishia pubescens (Kunth) Hemsl.",-16.2267,-67.725,"WGS84","gass84,mdativ","SOUTH_AMERICA","Bolivia (Plurinational State of)","BO","La Paz","Nor Yungas Prov.",,"Coroico, Subiendo el cerro de Uchumachi.","PRESERVED_SPECIMEN","PRESENT","ACCEPTED","Vascular plants","d415c253-4d61-4459-9d25-4015b9084fb0","ae447c50-b8a8-11d8-92a4-b8a03c50a862","NY","NY","S. G. Beck",,"2005-05-08",2005,5,8,,2450,,,"http://creativecommons.org/publicdomain/zero/1.0/legalcode","The New York Botanical Garden"
"4031692701","Cavendishia pubescens (Kunth) Hemsl.","Cavendishia pubescens (Kunth) Hemsl.",-16.226667,-67.725,"WGS84","cdround,gass84,osiic,colmano,inmafu","SOUTH_AMERICA","Bolivia (Plurinational State of)","BO","La Paz","Nor Yungas",,"Coroico, Subiendo el cerro de Uchumachi.","PRESERVED_SPECIMEN","PRESENT","ACCEPTED","Tropicos","7bd65a7a-f762-11e1-a439-00145eb45e9a","90fd6680-349f-11d8-aa2d-b8a03c50a862","MO","Tropicos","Stephan G. Beck","J. Luteyn (NY)","2005-05-08",2005,5,8,,2450,,,"http://creativecommons.org/licenses/by/4.0/legalcode","Missouri Botanical Garden"
"1929870278","Cavendishia pubescens (Kunth) Hemsl.","Cavendishia pubescens (Kunth) Hemsl.",-14.6128,-68.7769,"WGS84","gass84,mdativ","SOUTH_AMERICA","Bolivia (Plurinational State of)","BO","La Paz","Franz Tamayo Prov.",,"Parque Nacional Madidi, inciensal subiendo de Sumpulo.","PRESERVED_SPECIMEN","PRESENT","ACCEPTED","Vascular plants","d415c253-4d61-4459-9d25-4015b9084fb0","ae447c50-b8a8-11d8-92a4-b8a03c50a862","NY","NY","A. Fuentes",,"2005-07-08",2005,7,8,,2000,,,"http://creativecommons.org/publicdomain/zero/1.0/legalcode","The New York Botanical Garden"
"930992484","Cavendishia pubescens (Kunth) Hemsl.","Cavendishia pubescens (Kunth) Hemsl.",6.14374,-75.67599,"WGS84","inmafu","SOUTH_AMERICA","Colombia","CO","Antioquia","La Estrella",,"Veredas Tierra Amarilla y El Guayabo. camino que comunica La Estrella con Angelópolis","PRESERVED_SPECIMEN","PRESENT","ACCEPTED",,"23243164-c132-444d-a3a4-34662abb8305","cccff716-2694-4209-9f9e-2f7a484465a0","Universidad de Antioquia (UdeA)","HUA","Rincón H.|Guerra G.|González J.","Callejas R.","2005-11-18",2005,11,18,,2250,0,,"http://creativecommons.org/publicdomain/zero/1.0/legalcode",
"1707583386","Cavendishia pubescens (Kunth) Hemsl.","Cavendishia pubescens (Kunth) Hemsl.",5.715,-73.476111,"WGS84","cdround,gass84,inmafu","SOUTH_AMERICA","Colombia","CO","Boyacá","Villa de Leyva",,"Vereda Capilla","PRESERVED_SPECIMEN","PRESENT","ACCEPTED","Diagnóstico de Uso de Biodiversidad Altiplano Cundíboyacense","1fe5d5cd-0336-4664-b768-d38acf349c0a","2a7e3080-28a9-11dd-97cd-b8a03c50a862","Instituto de Investigación de Recursos Biológicos Alexander von Humboldt (IAvH)","FMB","Laura Castellanos","Humberto Mendoza","2005-12-01",2005,12,1,,,,"Actualización del inventario entre 2019 y septiembre de 2021.","http://creativecommons.org/licenses/by-nc/4.0/legalcode",
"2813166723","Cavendishia pubescens (Kunth) Hemsl.","Cavendishia pubescens (Kunth) Hemsl.",5.030459,-74.326919,"WGS84","colmafu,inmafu","SOUTH_AMERICA","Colombia","CO","Cundinamarca","La Vega",,"Vereda Cacahual, Parque Ecológico Laguna del Tabacal, humedal Cacahual, fragmento de bosque costado NW del humedal","PRESERVED_SPECIMEN","PRESENT","ACCEPTED",,"224bb9c2-4426-4d4d-ac9c-38758b5d938f","0e2f2e28-7790-4c82-b8fb-6ef7b4c764e2","Pontificia Universidad Javeriana (PUJ)","HPUJ",,"Fernández-Alonso J L","2005-12-23",2005,12,23,"Humedal de tipo palustre",,,,"http://creativecommons.org/licenses/by-nc/4.0/legalcode",
"1934716917","Cavendishia pubescens (Kunth) Hemsl.","Cavendishia pubescens (Kunth) Hemsl.",5.151064,-75.411,"WGS84","gass84","SOUTH_AMERICA","Colombia","CO","Caldas","Manizales",,"cuenca media río Guacaica","PRESERVED_SPECIMEN","PRESENT","ACCEPTED","Datos Depurados/sistematizados por Expedición por la historia - ColombiaBio","18da9e5d-8966-4893-bf70-b3911152d991","eac88d99-9f6c-4031-8fc4-8088f0e0dfe7","Universidad Nacional de Colombia (UNAL)","COL","William G. Vargas",,"2004-01-01",2004,1,1,,3750,0,,"http://creativecommons.org/licenses/by/4.0/legalcode","Universidad Nacional de Colombia"
"1707572020","Cavendishia pubescens (Kunth) Hemsl.","Cavendishia pubescens (Kunth) Hemsl.",5.663056,-73.440556,"WGS84","cdround,gass84,inmafu","SOUTH_AMERICA","Colombia","CO","Boyacá","Arcabuco",,"Sector Rupavita, Kilometro 3, saliendo de Arcabuco por la carretera que conduce a Tunja. Desvío por camino a la derecha","PRESERVED_SPECIMEN","PRESENT","ACCEPTED","Caracterización SFF Iguaque","1fe5d5cd-0336-4664-b768-d38acf349c0a","2a7e3080-28a9-11dd-97cd-b8a03c50a862","Instituto de Investigación de Recursos Biológicos Alexander von Humboldt (IAvH)","FMB","A. Casas|O. Vargas|B. Saíz|J. Barrera","Humberto Mendoza","2004-02-28",2004,2,28,,2860,,"Actualización del inventario entre 2019 y septiembre de 2021.","http://creativecommons.org/licenses/by-nc/4.0/legalcode",
"1707490575","Cavendishia pubescens (Kunth) Hemsl.","Cavendishia pubescens (Kunth) Hemsl.",7.174778,-73.0355,"WGS84","cdround,gass84,inmafu","SOUTH_AMERICA","Colombia","CO","Santander","Tona",,"Camino entre los sitios Golondrinas y El Brasil, a 18 km del sitio El Diesiocho","PRESERVED_SPECIMEN","PRESENT","ACCEPTED","Caracterización taxonómica de grupos focales de flora y fauna en la Cordillera Oriental de Colombia","1fe5d5cd-0336-4664-b768-d38acf349c0a","2a7e3080-28a9-11dd-97cd-b8a03c50a862","Instituto de Investigación de Recursos Biológicos Alexander von Humboldt (IAvH)","FMB","Nelson Salinas|Julio Betancur|R. Díaz","Nelson Salinas","2004-06-25",2004,6,25,,1495,105,"Actualización del inventario entre 2019 y septiembre de 2021.","http://creativecommons.org/licenses/by-nc/4.0/legalcode",
"1707594003","Cavendishia pubescens (Kunth) Hemsl.","Cavendishia pubescens (Kunth) Hemsl.",5.143611,-75.152222,"WGS84","cdround,gass84,inmafu","SOUTH_AMERICA","Colombia","CO","Caldas",,,"Carretera entre Mariquita y Manizales, rumbo al PNN de los Nevados, despúes de Padua","PRESERVED_SPECIMEN","PRESENT","ACCEPTED",,"1fe5d5cd-0336-4664-b768-d38acf349c0a","2a7e3080-28a9-11dd-97cd-b8a03c50a862","Instituto de Investigación de Recursos Biológicos Alexander von Humboldt (IAvH)","FMB","Paola Pedraza|C. Pedraza","Nelson Salinas","2004-07-02",2004,7,2,,2300,,"Actualización del inventario entre 2019 y septiembre de 2021. The New York Botanical Garden","http://creativecommons.org/licenses/by-nc/4.0/legalcode",
"1929187854","Cavendishia pubescens (Kunth) Hemsl.","Cavendishia pubescens (Kunth) Hemsl.",5.14369,-75.15228,"WGS84","gass84,mdativ","SOUTH_AMERICA","Colombia","CO","Caldas",,,"Carretera entre Mariquita y Manizales, rumba al PNN de Los Nevados, después de Padua.","PRESERVED_SPECIMEN","PRESENT","ACCEPTED","Vascular plants","d415c253-4d61-4459-9d25-4015b9084fb0","ae447c50-b8a8-11d8-92a4-b8a03c50a862","NY","NY","P. Pedraza-Peñalosa",,"2004-07-02",2004,7,2,,2300,,,"http://creativecommons.org/publicdomain/zero/1.0/legalcode","The New York Botanical Garden"
"1929266516","Cavendishia pubescens (Kunth) Hemsl.","Cavendishia pubescens (Kunth) Hemsl.",5.14369,-75.15228,"WGS84","gass84,mdativ","SOUTH_AMERICA","Colombia","CO","Caldas",,,"Carretera entre Mariquita y Manizales, rumbo al PNN de Los Nevados, después de Padua.","PRESERVED_SPECIMEN","PRESENT","ACCEPTED","Vascular plants","d415c253-4d61-4459-9d25-4015b9084fb0","ae447c50-b8a8-11d8-92a4-b8a03c50a862","NY","NY","P. Pedraza-Peñalosa",,"2004-07-02",2004,7,2,,2300,,,"http://creativecommons.org/publicdomain/zero/1.0/legalcode","The New York Botanical Garden"
"1929299955","Cavendishia pubescens (Kunth) Hemsl.","Cavendishia pubescens (Kunth) Hemsl.",5.12447,-75.0419,"WGS84","gass84,mdativ","SOUTH_AMERICA","Colombia","CO","Risaralda","Santuario Mun.",,"Vereda San Rafael, en el centro de visitantes del Parque Natural Municipal Planes de San Rafael.","PRESERVED_SPECIMEN","PRESENT","ACCEPTED","Vascular plants","d415c253-4d61-4459-9d25-4015b9084fb0","ae447c50-b8a8-11d8-92a4-b8a03c50a862","NY","NY","P. Pedraza-Peñalosa",,"2004-07-15",2004,7,15,,2100,,,"http://creativecommons.org/publicdomain/zero/1.0/legalcode","The New York Botanical Garden"
"1707574432","Cavendishia pubescens (Kunth) Hemsl.","Cavendishia pubescens (Kunth) Hemsl.",5.323889,-75.503528,"WGS84","cdround,gass84,inmafu","SOUTH_AMERICA","Colombia","CO","Caldas","Aranzazu",,"Vereda Manzanillo, escuela de Manzanillo","PRESERVED_SPECIMEN","PRESENT","ACCEPTED","Las Cercas Vivas: Herramienta clave para la Conservación de la Biodiversidad en un Paisaje Rural de la Cordillera Central de los Andes Colombianos","1fe5d5cd-0336-4664-b768-d38acf349c0a","2a7e3080-28a9-11dd-97cd-b8a03c50a862","Instituto de Investigación de Recursos Biológicos Alexander von Humboldt (IAvH)","FMB","Paola Pulido-Santacruz","Stella Suárez","2004-08-11",2004,8,11,,,,"Actualización del inventario entre 2019 y septiembre de 2021.","http://creativecommons.org/licenses/by-nc/4.0/legalcode",
"2813164322","Cavendishia pubescens (Kunth) Hemsl.","Cavendishia pubescens (Kunth) Hemsl.",5.322866,-75.503025,"WGS84","colmafu,inmafu","SOUTH_AMERICA","Colombia","CO","Caldas","Aranzazu",,"Vereda Manzanillo,","PRESERVED_SPECIMEN","PRESENT","ACCEPTED",,"224bb9c2-4426-4d4d-ac9c-38758b5d938f","0e2f2e28-7790-4c82-b8fb-6ef7b4c764e2","Pontificia Universidad Javeriana (PUJ)","HPUJ","Santacruz P","Pineda D P","2004-08-11",2004,8,11,"Cerca viva Euphorbia laurifolia",,,,"http://creativecommons.org/licenses/by-nc/4.0/legalcode",
"3894055332","Cavendishia pubescens (Kunth) Hemsl.","Cavendishia pubescens (Kunth) Hemsl.",4.05258,-74.57875,"WGS84","","SOUTH_AMERICA","Colombia","CO","Tolima","Cunday",,"Vereda La Catorce, humedal Las Catorce","HUMAN_OBSERVATION","PRESENT","ACCEPTED","Proyecto Humedales Fase IV","c1955e85-92a5-4804-8a19-e00b42819094","0bad0631-0693-41fa-afd5-54df0120c509","Corporación Autónoma Regional del Tolima (CORTOLIMA)",,"D. Pava|J. Peña","D. Pava|J. Peña","2004-08-11",2004,8,11,"Humedal",1703,0,,"http://creativecommons.org/licenses/by/4.0/legalcode",
"1707583953","Cavendishia pubescens (Kunth) Hemsl.","Cavendishia pubescens (Kunth) Hemsl.",5.2775,-75.517778,"WGS84","cdround,gass84,inmafu","SOUTH_AMERICA","Colombia","CO","Caldas","Aranzazu",,"Vereda La Meseta","PRESERVED_SPECIMEN","PRESENT","ACCEPTED","Estudio de la oferta y demanda de bejucos utilizados en la región de Aranzazu-Filadelfia, Caldas","1fe5d5cd-0336-4664-b768-d38acf349c0a","2a7e3080-28a9-11dd-97cd-b8a03c50a862","Instituto de Investigación de Recursos Biológicos Alexander von Humboldt (IAvH)","FMB","D. Díaz","D. Díaz","2004-12-02",2004,12,2,,1930,,"Actualización del inventario entre 2019 y septiembre de 2021.","http://creativecommons.org/licenses/by-nc/4.0/legalcode",
"1062316672","Cavendishia pubescens (Kunth) Hemsl.","Cavendishia pubescens (Kunth) Hemsl.",6.00143,-73.12633,"WGS84","colmafu,inmafu","SOUTH_AMERICA","Colombia","CO","Santander","Encino",,"Santuario de Flora y Fauna Guanentá Alto Río Fonce, Reserva Biológica Cachalú, vereda Rionegro, Río Rionegro","PRESERVED_SPECIMEN","PRESENT","ACCEPTED",,"cc5e1e3d-0850-4cde-a282-656657752e13","6c147991-c3bf-453d-a778-3bea9a534804","Universidad Industrial de Santander (UIS)","UIS-H","Salinas Nelson R.",,"2003-01-31",2003,1,31,,1850,0,"Arbusto escandente, eje de la inflorescencia y pedicelos crema, brácteas florales rosadas, brácteas rosadas, cáliz rosado, corola blanca, ligeramente rosada en la base.","http://creativecommons.org/publicdomain/zero/1.0/legalcode",
"1258175596","Cavendishia pubescens (Kunth) Hemsl.","Cavendishia pubescens (Kunth) Hemsl.",8.8,-82.716667,"WGS84","cdround,gass84,osiic,colmano,inmafu","NORTH_AMERICA","Panama","PA","Chiriquí",,,"Volcán to Río Sereno road, 13 km W of Volcán. Roadside slopes, heavily distrurbed forest","PRESERVED_SPECIMEN","PRESENT","ACCEPTED","Tropicos","7bd65a7a-f762-11e1-a439-00145eb45e9a","90fd6680-349f-11d8-aa2d-b8a03c50a862","MO","Tropicos","James L. Luteyn|Luisa Paola Pedraza",,"2003-01-20",2003,1,20,,1220,,,"http://creativecommons.org/licenses/by/4.0/legalcode","Missouri Botanical Garden"
"1928609637","Cavendishia pubescens (Kunth) Hemsl.","Cavendishia pubescens (Kunth) Hemsl.",8.8,-82.67,"WGS84","gass84,mdativ","NORTH_AMERICA","Panama","PA","Chiriquí",,,"Volcán to Río Sereno road, 13 km W of Volcán, Roadside slopes, disturbed forest.","PRESERVED_SPECIMEN","PRESENT","ACCEPTED","Vascular plants","d415c253-4d61-4459-9d25-4015b9084fb0","ae447c50-b8a8-11d8-92a4-b8a03c50a862","NY","NY","J. L. Luteyn",,"2003-01-20",2003,1,20,,1220,,,"http://creativecommons.org/publicdomain/zero/1.0/legalcode","The New York Botanical Garden"
"2235834904","Cavendishia pubescens (Kunth) Hemsl.","Cavendishia pubescens (Kunth) Hemsl.",8.8,-82.67,"WGS84","gass84,osiic","NORTH_AMERICA","Panama","PA","Chiriqui",,,"Volcán to Río Sereno road, 13 km. W of Volcán.","PRESERVED_SPECIMEN","PRESENT","ACCEPTED","NMNH Extant Biology","821cc27a-e3bb-4bc5-ac34-89ada245069d","bc092ff0-02e4-11dc-991f-b8a03c50a862","US","US","J. L. Luteyn & L. Paola Pedraza",,"2003-01-20",2003,1,20,,1220,,,"http://creativecommons.org/publicdomain/zero/1.0/legalcode",
"2575864024","Cavendishia pubescens (Kunth) Hemsl.","Cavendishia pubescens (Kunth) Hemsl.",8.8,-82.666667,"WGS84","cdround,gass84","NORTH_AMERICA","Panama","PA","Provincia de Chiriqui",,,"Volcán to Río Sereno road, 13 km. W of Volcán.","PRESERVED_SPECIMEN","PRESENT","ACCEPTED",,"f934f8e2-32ca-46a7-b2f8-b032a4740454","66522820-055c-11d8-b84e-b8a03c50a862","CAS","BOT-BC","Luteyn, James L.; Pedraza, Luisa Paola",,"2003-01-20",2003,1,20,"Roadside slopes, heavily disturbed forest.",1220,,"Terrestrial, arching shrub to 2 m tall.  Floral bracts green but heavily suffused with rose-red.  Calyx green.  Corolla white or white with faint pink hue.  Locally common.","http://creativecommons.org/publicdomain/zero/1.0/legalcode",
"2807396211","Cavendishia pubescens (Kunth) Hemsl.","Cavendishia pubescens (Kunth) Hemsl.",8.8,-82.666667,"WGS84","cdround,gass84,colmafu,inmafu","NORTH_AMERICA","Panama","PA","Chiriqui",,,"Volcán to Río Sereno road, 13 km. W of Volcán.","PRESERVED_SPECIMEN","PRESENT","ACCEPTED",,"cd096ec0-a8a0-4c65-92cc-48b00fb934ce","3c6ad080-bdbe-11da-ac59-b8a03c50a862","TEX","TEX","James L. Luteyn|Luisa P. Pedraza",,"2003-01-20",2003,1,20,"Roadside slopes, heavily disturbed forest.",,,,"http://creativecommons.org/publicdomain/zero/1.0/legalcode",
"4061813100","Cavendishia pubescens (Kunth) Hemsl.","Cavendishia pubescens (Kunth) Hemsl.",8.8,-82.716667,"WGS84","cdround,gass84,osiic,colmano,inmafu","NORTH_AMERICA","Panama","PA","Chiriquí",,,"Volcán to Río Sereno road, 13 km W of Volcán. Roadside slopes, heavily distrurbed forest","PRESERVED_SPECIMEN","PRESENT","ACCEPTED","Tropicos","e053ff53-c156-4e2e-b9b5-4462e9625424","90fd6680-349f-11d8-aa2d-b8a03c50a862","NY","Tropicos","James L. Luteyn|Luisa Paola Pedraza",,"2003-01-20",2003,1,20,,1220,,,"http://creativecommons.org/licenses/by/4.0/legalcode","Missouri Botanical Garden"
"1259157474","Cavendishia pubescens (Kunth) Hemsl.","Cavendishia pubescens (Kunth) Hemsl.",-14.591055,-68.376056,"WGS84","cdround,gass84,osiic,colmano,inmafu","SOUTH_AMERICA","Bolivia (Plurinational State of)","BO","La Paz","Franz Tamayo",,"Área Natural de Manejo Integrado Madidi, Senda Apolo-San José de Uchupiamonas, a 45 minutos hacia el Noroeste de Naranjal, en depresión topográfica. Parcela Temporal de Muestreo (0,1 ha)No 98.","PRESERVED_SPECIMEN","PRESENT","ACCEPTED","Tropicos","e053ff53-c156-4e2e-b9b5-4462e9625424","90fd6680-349f-11d8-aa2d-b8a03c50a862","LPB","Tropicos","F. Canqui|E. Alvarez|José Tito","J. Luteyn (NY)","2003-04-18",2003,4,18,,1766,,,"http://creativecommons.org/licenses/by/4.0/legalcode","Missouri Botanical Garden"
"4031708128","Cavendishia pubescens (Kunth) Hemsl.","Cavendishia pubescens (Kunth) Hemsl.",-14.591055,-68.376056,"WGS84","cdround,gass84,osiic,colmano,inmafu","SOUTH_AMERICA","Bolivia (Plurinational State of)","BO","La Paz","Franz Tamayo",,"Área Natural de Manejo Integrado Madidi, Senda Apolo-San José de Uchupiamonas, a 45 minutos hacia el Noroeste de Naranjal, en depresión topográfica. Parcela Temporal de Muestreo (0,1 ha)No 98.","PRESERVED_SPECIMEN","PRESENT","ACCEPTED","Tropicos","7bd65a7a-f762-11e1-a439-00145eb45e9a","90fd6680-349f-11d8-aa2d-b8a03c50a862","MO","Tropicos","F. Canqui|E. Alvarez|José Tito","J. Luteyn (NY)","2003-04-18",2003,4,18,,1766,,,"http://creativecommons.org/licenses/by/4.0/legalcode","Missouri Botanical Garden"
"1707563284","Cavendishia pubescens (Kunth) Hemsl.","Cavendishia pubescens (Kunth) Hemsl.",5.482556,-75.780556,"WGS84","cdround,gass84,inmafu","SOUTH_AMERICA","Colombia","CO","Caldas","Aranzazu",,"Vereda Chambery, finca Villa Ofelia","PRESERVED_SPECIMEN","PRESENT","ACCEPTED","Evaluación de oportunidades de conservación de Paisajes Rurales","1fe5d5cd-0336-4664-b768-d38acf349c0a","2a7e3080-28a9-11dd-97cd-b8a03c50a862","Instituto de Investigación de Recursos Biológicos Alexander von Humboldt (IAvH)","FMB","J. Mendoza|F. Leonardo","William Vargas","2003-07-31",2003,7,31,,1960,,"Actualización del inventario entre 2019 y septiembre de 2021.","http://creativecommons.org/licenses/by-nc/4.0/legalcode",
"1707563318","Cavendishia pubescens (Kunth) Hemsl.","Cavendishia pubescens (Kunth) Hemsl.",5.482556,-75.780556,"WGS84","cdround,gass84,inmafu","SOUTH_AMERICA","Colombia","CO","Caldas","Aranzazu",,"Vereda Chambery, finca las Garzas","PRESERVED_SPECIMEN","PRESENT","ACCEPTED","Evaluación de oportunidades de conservación de Paisajes Rurales","1fe5d5cd-0336-4664-b768-d38acf349c0a","2a7e3080-28a9-11dd-97cd-b8a03c50a862","Instituto de Investigación de Recursos Biológicos Alexander von Humboldt (IAvH)","FMB","J. Mendoza|F. Leonardo","William Vargas","2003-07-31",2003,7,31,,1960,,"Actualización del inventario entre 2019 y septiembre de 2021.","http://creativecommons.org/licenses/by-nc/4.0/legalcode",
"1707563560","Cavendishia pubescens (Kunth) Hemsl.","Cavendishia pubescens (Kunth) Hemsl.",5.482556,-75.780556,"WGS84","cdround,gass84,inmafu","SOUTH_AMERICA","Colombia","CO","Caldas","Aranzazu",,"Vereda Chambery, finca las Garzas","PRESERVED_SPECIMEN","PRESENT","ACCEPTED","Evaluación de oportunidades de conservación de Paisajes Rurales","1fe5d5cd-0336-4664-b768-d38acf349c0a","2a7e3080-28a9-11dd-97cd-b8a03c50a862","Instituto de Investigación de Recursos Biológicos Alexander von Humboldt (IAvH)","FMB","J. Mendoza|F. Leonardo","William Vargas","2003-07-31",2003,7,31,,1960,,"Actualización del inventario entre 2019 y septiembre de 2021.","http://creativecommons.org/licenses/by-nc/4.0/legalcode",
"1707595444","Cavendishia pubescens (Kunth) Hemsl.","Cavendishia pubescens (Kunth) Hemsl.",5.482556,-75.780556,"WGS84","cdround,gass84,inmafu","SOUTH_AMERICA","Colombia","CO","Caldas","Aranzazu",,"Vereda Chambery, finca Villa Ofelia","PRESERVED_SPECIMEN","PRESENT","ACCEPTED","Evaluación de oportunidades de conservación en Paisajes Rurales","1fe5d5cd-0336-4664-b768-d38acf349c0a","2a7e3080-28a9-11dd-97cd-b8a03c50a862","Instituto de Investigación de Recursos Biológicos Alexander von Humboldt (IAvH)","FMB","Javier Mendoza|Fabio Quevedo","William Vargas","2003-07-31",2003,7,31,"Fragmento de bosque maduro",1960,,"Actualización del inventario entre 2019 y septiembre de 2021.","http://creativecommons.org/licenses/by-nc/4.0/legalcode",
"1707561513","Cavendishia pubescens (Kunth) Hemsl.","Cavendishia pubescens (Kunth) Hemsl.",5.729722,-73.462778,"WGS84","cdround,gass84,inmafu","SOUTH_AMERICA","Colombia","CO","Boyacá","Villa de Leyva",,"Vereda Capilla 2. km 19 de la carretera que conduce de Villa de Leyva a Arcabuco, 1 km al E, aguas arriba a partir de la Intersección de la Quebrada La Colorada con esta vía hacia la Quebrada El Hortigal","PRESERVED_SPECIMEN","PRESENT","ACCEPTED","Caracterización SFF Iguaque y área de influencia II","1fe5d5cd-0336-4664-b768-d38acf349c0a","2a7e3080-28a9-11dd-97cd-b8a03c50a862","Instituto de Investigación de Recursos Biológicos Alexander von Humboldt (IAvH)","FMB","Adriana Prieto|A. Casas|Aura Robles|Sandra Medina|Alba Robles","Humberto Mendoza","2003-09-10",2003,9,10,,2675,25,"Actualización del inventario entre 2019 y septiembre de 2021.","http://creativecommons.org/licenses/by-nc/4.0/legalcode",
"930990875","Cavendishia pubescens (Kunth) Hemsl.","Cavendishia pubescens (Kunth) Hemsl.",5.695,-75.716944,"WGS84","cdround,inmafu","SOUTH_AMERICA","Colombia","CO","Antioquia","Támesis",,"Vereda El Hacha. finca La Miranda","PRESERVED_SPECIMEN","PRESENT","ACCEPTED",,"23243164-c132-444d-a3a4-34662abb8305","cccff716-2694-4209-9f9e-2f7a484465a0","Universidad de Antioquia (UdeA)","HUA","Vélez J.|Villa F.|Correa J.","Vélez J.","2003-10-09",2003,10,9,,1475,0,,"http://creativecommons.org/publicdomain/zero/1.0/legalcode",
"1707562829","Cavendishia pubescens (Kunth) Hemsl.","Cavendishia pubescens (Kunth) Hemsl.",5.694972,-75.716944,"WGS84","cdround,gass84,inmafu","SOUTH_AMERICA","Colombia","CO","Antioquia","Támesis",,"Vereda El Hacha, finca La Miranda","PRESERVED_SPECIMEN","PRESENT","ACCEPTED","Conservación y uso sostenible de la biodiversidad en los Andes Colombianos. Ejecutó: CENICAFE. Financió: Instituto Alexander von Humboldt","1fe5d5cd-0336-4664-b768-d38acf349c0a","2a7e3080-28a9-11dd-97cd-b8a03c50a862","Instituto de Investigación de Recursos Biológicos Alexander von Humboldt (IAvH)","FMB","J. Vélez|F. Villa|J. Correa","Juan Vélez","2003-10-09",2003,10,9,,1475,,"Actualización del inventario entre 2019 y septiembre de 2021.","http://creativecommons.org/licenses/by-nc/4.0/legalcode",
"3003777118","Cavendishia pubescens (Kunth) Hemsl.","Cavendishia pubescens (Kunth) Hemsl.",7.049125,-72.9345,"WGS84","cdc,inmafu","SOUTH_AMERICA","Colombia","CO","Santander","Tona",,"Vereda Guarumales","PRESERVED_SPECIMEN","PRESENT","ACCEPTED",,"55d3f041-5cd7-45cf-99e0-80cddfd035d7","7a079928-aee9-418a-b083-6152d01c78d6","Corporación Autónoma Regional Para la Defensa de la Meseta de Bucaramanga (CDMB)","CDMB-HEV","B. Quirós",,"2003-11-11",2003,11,11,,2000,,,"http://creativecommons.org/licenses/by/4.0/legalcode",
"930988732","Cavendishia pubescens (Kunth) Hemsl.","Cavendishia pubescens (Kunth) Hemsl.",6.18423,-75.29764,"WGS84","inmafu","SOUTH_AMERICA","Colombia","CO","Antioquia","Marinilla",,"Vereda Alto del Mercado. cerca de 6 km por carretera hacia Guatapé","PRESERVED_SPECIMEN","PRESENT","ACCEPTED",,"23243164-c132-444d-a3a4-34662abb8305","cccff716-2694-4209-9f9e-2f7a484465a0","Universidad de Antioquia (UdeA)","HUA","Correa L.|David H.",,"2002-04-11",2002,4,11,,2260,0,,"http://creativecommons.org/publicdomain/zero/1.0/legalcode",
"1707574478","Cavendishia pubescens (Kunth) Hemsl.","Cavendishia pubescens (Kunth) Hemsl.",5.691944,-73.455556,"WGS84","cdround,gass84,inmafu","SOUTH_AMERICA","Colombia","CO","Boyacá","Villa de Leyva",,"Camino que conduce del centro del centro de visitantes Furachiogua hacia la Laguna, 2700 m hacia la laguna","PRESERVED_SPECIMEN","PRESENT","ACCEPTED","Grupo de Exploración y Monitoreo Ambiental (GEMA)","1fe5d5cd-0336-4664-b768-d38acf349c0a","2a7e3080-28a9-11dd-97cd-b8a03c50a862","Instituto de Investigación de Recursos Biológicos Alexander von Humboldt (IAvH)","FMB","A. Hernandez|Sandra Medina","Humberto Mendoza","2002-07-30",2002,7,30,,2903,,"Actualización del inventario entre 2019 y septiembre de 2021.","http://creativecommons.org/licenses/by-nc/4.0/legalcode",
"930991001","Cavendishia pubescens (Kunth) Hemsl.","Cavendishia pubescens (Kunth) Hemsl.",6.213333,-75.492278,"WGS84","cdround,inmafu","SOUTH_AMERICA","Colombia","CO","Antioquia","Medellín",,"Corregimiento Santa Elena. Reserva Natural Montevivo","PRESERVED_SPECIMEN","PRESENT","ACCEPTED",,"23243164-c132-444d-a3a4-34662abb8305","cccff716-2694-4209-9f9e-2f7a484465a0","Universidad de Antioquia (UdeA)","HUA","David H.|Idárraga J.","David H.","2002-09-20",2002,9,20,,2500,0,,"http://creativecommons.org/publicdomain/zero/1.0/legalcode",
"3003777104","Cavendishia pubescens (Kunth) Hemsl.","Cavendishia pubescens (Kunth) Hemsl.",7.150294,-73.013256,"WGS84","cdc,cdround,inmafu","SOUTH_AMERICA","Colombia","CO","Santander","Tona",,"Vereda Guarumales","PRESERVED_SPECIMEN","PRESENT","ACCEPTED",,"55d3f041-5cd7-45cf-99e0-80cddfd035d7","7a079928-aee9-418a-b083-6152d01c78d6","Corporación Autónoma Regional Para la Defensa de la Meseta de Bucaramanga (CDMB)","CDMB-HEV","A. Peña",,"2002-09-13",2002,9,13,,1985,,,"http://creativecommons.org/licenses/by/4.0/legalcode",
"2985983823","Cavendishia pubescens (Kunth) Hemsl.","Cavendishia pubescens (Kunth) Hemsl.",8.220747,-73.238378,"WGS84","cdround,iddativ,colmafu,inmafu","SOUTH_AMERICA","Colombia","CO","Norte de Santander","La Playa","La Playa","La Playa de Belén, Área Natural Única Los Estoraques.","PRESERVED_SPECIMEN","PRESENT","ACCEPTED",,"cc5e1e3d-0850-4cde-a282-656657752e13","6c147991-c3bf-453d-a778-3bea9a534804","Universidad Industrial de Santander (UIS)","UIS-H","Zully Pérez: Efraín Vergel|José J. Cadena|Leddy Pérez|Richar Ortiz","Ramírez-Román y O.","2001-01-24",2001,1,24,"PNN",,,"Arbusto decurrente de 4 m. tallo triangular; con variegado vinotinto; hojas subcoriáceas discoloras; peciolo verde.","http://creativecommons.org/publicdomain/zero/1.0/legalcode",
"3003777314","Cavendishia pubescens (Kunth) Hemsl.","Cavendishia pubescens (Kunth) Hemsl.",7.150294,-73.013256,"WGS84","cdc,cdround,inmafu","SOUTH_AMERICA","Colombia","CO","Santander","Tona",,"Vereda Guarumales","PRESERVED_SPECIMEN","PRESENT","ACCEPTED",,"55d3f041-5cd7-45cf-99e0-80cddfd035d7","7a079928-aee9-418a-b083-6152d01c78d6","Corporación Autónoma Regional Para la Defensa de la Meseta de Bucaramanga (CDMB)","CDMB-HEV","N. Ortíz",,"2001-11-06",2001,11,6,,1985,,,"http://creativecommons.org/licenses/by/4.0/legalcode",
"3003777318","Cavendishia pubescens (Kunth) Hemsl.","Cavendishia pubescens (Kunth) Hemsl.",7.150294,-73.013256,"WGS84","cdc,cdround,inmafu","SOUTH_AMERICA","Colombia","CO","Santander","Tona",,"Vereda Guarumales","PRESERVED_SPECIMEN","PRESENT","ACCEPTED",,"55d3f041-5cd7-45cf-99e0-80cddfd035d7","7a079928-aee9-418a-b083-6152d01c78d6","Corporación Autónoma Regional Para la Defensa de la Meseta de Bucaramanga (CDMB)","CDMB-HEV","S. Galván",,"2001-11-08",2001,11,8,,1985,,,"http://creativecommons.org/licenses/by/4.0/legalcode",
"3003777352","Cavendishia pubescens (Kunth) Hemsl.","Cavendishia pubescens (Kunth) Hemsl.",7.150294,-73.013256,"WGS84","cdc,cdround,inmafu","SOUTH_AMERICA","Colombia","CO","Santander","Tona",,"Vereda Guarumales","PRESERVED_SPECIMEN","PRESENT","ACCEPTED",,"55d3f041-5cd7-45cf-99e0-80cddfd035d7","7a079928-aee9-418a-b083-6152d01c78d6","Corporación Autónoma Regional Para la Defensa de la Meseta de Bucaramanga (CDMB)","CDMB-HEV","S. Galván",,"2001-11-06",2001,11,6,,1985,,,"http://creativecommons.org/licenses/by/4.0/legalcode",
"3003777355","Cavendishia pubescens (Kunth) Hemsl.","Cavendishia pubescens (Kunth) Hemsl.",7.150294,-73.013256,"WGS84","cdc,cdround,inmafu","SOUTH_AMERICA","Colombia","CO","Santander","Tona",,"Vereda Guarumales","PRESERVED_SPECIMEN","PRESENT","ACCEPTED",,"55d3f041-5cd7-45cf-99e0-80cddfd035d7","7a079928-aee9-418a-b083-6152d01c78d6","Corporación Autónoma Regional Para la Defensa de la Meseta de Bucaramanga (CDMB)","CDMB-HEV","N. Ortíz",,"2001-11-06",2001,11,6,,1985,,,"http://creativecommons.org/licenses/by/4.0/legalcode",
"930985271","Cavendishia pubescens (Kunth) Hemsl.","Cavendishia pubescens (Kunth) Hemsl.",6.733333,-75.911389,"WGS84","cdround,inmafu","SOUTH_AMERICA","Colombia","CO","Antioquia","Buriticá",,"Corregimiento El Guarco","PRESERVED_SPECIMEN","PRESENT","ACCEPTED",,"23243164-c132-444d-a3a4-34662abb8305","cccff716-2694-4209-9f9e-2f7a484465a0","Universidad de Antioquia (UdeA)","HUA","Molina L.|Agudelo A.","Roldán F.","2000-01-08",2000,1,8,,2700,0,,"http://creativecommons.org/publicdomain/zero/1.0/legalcode",
"930984849","Cavendishia pubescens (Kunth) Hemsl.","Cavendishia pubescens (Kunth) Hemsl.",6.316667,-75.683333,"WGS84","cdround,inmafu","SOUTH_AMERICA","Colombia","CO","Antioquia","Medellín",,"Corregimiento Palmitas. carretera Medellín - Santafé de Antioquia. sitio Boquerón","PRESERVED_SPECIMEN","PRESENT","ACCEPTED",,"23243164-c132-444d-a3a4-34662abb8305","cccff716-2694-4209-9f9e-2f7a484465a0","Universidad de Antioquia (UdeA)","HUA","Roldán F.|Curso Taxonomía de Plantas Vasculares.","Roldán F.","2000-04-12",2000,4,12,,2400,0,,"http://creativecommons.org/publicdomain/zero/1.0/legalcode",
"1228308011","Cavendishia pubescens (Kunth) Hemsl.","Cavendishia pubescens (Kunth) Hemsl.",-5.67,-77.63,"WGS84","gass84,ambcol,inmafu","SOUTH_AMERICA","Peru","PE","San Martin","Rioja",,"Distrito Pardo Miguel, 1 km al E de Centro Poblado Aguas Verdes, ruta a Perla de","PRESERVED_SPECIMEN","PRESENT","ACCEPTED","seeds-22-sep-2023","90c853e6-56bd-480b-8e8f-6285c3f8d42b","7b8aff00-a9f8-11d8-944b-b8a03c50a862","F","Botany","I. Sánchez Vega et al.","E. M. Ortiz V.","1999-06-28",1999,6,28,"Bosque perennifolio.",,,,"http://creativecommons.org/publicdomain/zero/1.0/legalcode","The Field Museum of Natural History"
"1318602086","Cavendishia pubescens (Kunth) Hemsl.","Cavendishia pubescens (Kunth) Hemsl.",9.2,-70.18,"WGS84","gass84,osiic","SOUTH_AMERICA","Venezuela (Bolivarian Republic of)","VE","Trujillo","Boconó",,"Parque Nacional Guaramacal, El campamento-pele ojo, bajando hacia Quebrada Honda","PRESERVED_SPECIMEN","PRESENT","ACCEPTED","NMNH Extant Biology","821cc27a-e3bb-4bc5-ac34-89ada245069d","bc092ff0-02e4-11dc-991f-b8a03c50a862","US","US","B. G. Stergios","Dorr, L. J., (BOT), Smithsonian Institution - National Museum of Natural History (UNITED STATES)","1998-07-09/1998-07-16",1998,7,,"Taludes y vegetación boscosa a orilla de camino",2010,110,"Common name: Manzanita; NY, PORT, US","http://creativecommons.org/publicdomain/zero/1.0/legalcode",
"1260254848","Cavendishia pubescens (Kunth) Hemsl.","Cavendishia pubescens (Kunth) Hemsl.",9.21666,-70.2,"WGS84","gass84,colmano,inmafu","SOUTH_AMERICA","Venezuela (Bolivarian Republic of)","VE","Trujillo",,,"Dtto. Boconó. Parque Nacional Guaramacal, road from Boconó to Guaramacal, SE of Boconó, N slope of mountain. Montane forest.","PRESERVED_SPECIMEN","PRESENT","ACCEPTED","Tropicos","7bd65a7a-f762-11e1-a439-00145eb45e9a","90fd6680-349f-11d8-aa2d-b8a03c50a862","MO","Tropicos","Laurence J. Dorr|Elio Briceño|Ramón Caracas",,"1998-10-29",1998,10,29,,,,,"http://creativecommons.org/licenses/by/4.0/legalcode","Missouri Botanical Garden"
"1321004772","Cavendishia pubescens (Kunth) Hemsl.","Cavendishia pubescens (Kunth) Hemsl.",9.2167,-70.2,"WGS84","gass84,osiic","SOUTH_AMERICA","Venezuela (Bolivarian Republic of)","VE","Trujillo","Boconó",,"Parque Nacional Guaramacal, road from Boconó to Guaramacal, SE of Boconó, N slope of mountain.","PRESERVED_SPECIMEN","PRESENT","ACCEPTED","NMNH Extant Biology","821cc27a-e3bb-4bc5-ac34-89ada245069d","bc092ff0-02e4-11dc-991f-b8a03c50a862","US","US","L. J. Dorr, E. Briceño & R. Caracas",,"1998-10-29",1998,10,29,"Montane forest.",,,"MO, NY, PORT, US","http://creativecommons.org/publicdomain/zero/1.0/legalcode",
"1929024316","Cavendishia pubescens (Kunth) Hemsl.","Cavendishia pubescens (Kunth) Hemsl.",9.22,-70.2,"WGS84","gass84,mdativ","SOUTH_AMERICA","Venezuela (Bolivarian Republic of)","VE","Trujillo",,,"Dtto. Boconó. Parque Nacional Guaramacal, road from Boconó to Guaramacal, SE of Boconó, N slope of mountain.","PRESERVED_SPECIMEN","PRESENT","ACCEPTED","Vascular plants","d415c253-4d61-4459-9d25-4015b9084fb0","ae447c50-b8a8-11d8-92a4-b8a03c50a862","NY","NY","L. J. Dorr",,"1998-10-29",1998,10,29,,,,,"http://creativecommons.org/publicdomain/zero/1.0/legalcode","The New York Botanical Garden"
"4603426320","Cavendishia pubescens (Kunth) Hemsl.","Cavendishia pubescens (Kunth) Hemsl.",9.216667,-70.2,"WGS84","cdround,inmafu","SOUTH_AMERICA","Venezuela (Bolivarian Republic of)","VE","Trujillo","Boconó",,"Parque Nacional Guaramacal, road from Boconó to Guaramacal, SE of Boconó, N slope of mountain. Montane forest.","PRESERVED_SPECIMEN","PRESENT","ACCEPTED",,"f33dbf7e-7b24-4bff-aca2-5c1b500f8120","fef6dde8-bc0f-43bc-8b96-fb44264fbdf8","INBIO","PORT","Laurence J. Dorr|E. Briceño|Ramon Caracas",,"1998-10-29",1998,10,29,"Bosque Montano",,,,"http://creativecommons.org/licenses/by/4.0/legalcode",
"930981532","Cavendishia pubescens (Kunth) Hemsl.","Cavendishia pubescens (Kunth) Hemsl.",6.048515,-75.214358,"WGS84","cdround,inmafu","SOUTH_AMERICA","Colombia","CO","Antioquia","Cocorná",,"Vereda La Milagrosa","PRESERVED_SPECIMEN","PRESENT","ACCEPTED",,"23243164-c132-444d-a3a4-34662abb8305","cccff716-2694-4209-9f9e-2f7a484465a0","Universidad de Antioquia (UdeA)","HUA","Fonnegra R.|Cardona F.|Alzate F.|Posada J.","Roldán F.","1997-01-08",1997,1,8,,1575,75,,"http://creativecommons.org/publicdomain/zero/1.0/legalcode",
"930983937","Cavendishia pubescens (Kunth) Hemsl.","Cavendishia pubescens (Kunth) Hemsl.",6.15269,-75.14922,"WGS84","inmafu","SOUTH_AMERICA","Colombia","CO","Antioquia","Granada",,"Vereda La Primavera","PRESERVED_SPECIMEN","PRESENT","ACCEPTED",,"23243164-c132-444d-a3a4-34662abb8305","cccff716-2694-4209-9f9e-2f7a484465a0","Universidad de Antioquia (UdeA)","HUA","Giraldo R.","Ramírez J.","1997-02-23",1997,2,23,,1950,50,,"http://creativecommons.org/publicdomain/zero/1.0/legalcode",
"930984095","Cavendishia pubescens (Kunth) Hemsl.","Cavendishia pubescens (Kunth) Hemsl.",6.15269,-75.14922,"WGS84","inmafu","SOUTH_AMERICA","Colombia","CO","Antioquia","Granada",,"Vereda La Primavera","PRESERVED_SPECIMEN","PRESENT","ACCEPTED",,"23243164-c132-444d-a3a4-34662abb8305","cccff716-2694-4209-9f9e-2f7a484465a0","Universidad de Antioquia (UdeA)","HUA","Giraldo R.","Ramírez J.","1997-02-23",1997,2,23,,1950,50,,"http://creativecommons.org/publicdomain/zero/1.0/legalcode",
"930984219","Cavendishia pubescens (Kunth) Hemsl.","Cavendishia pubescens (Kunth) Hemsl.",6.15269,-75.14922,"WGS84","inmafu","SOUTH_AMERICA","Colombia","CO","Antioquia","Granada",,"Vereda La Primavera","PRESERVED_SPECIMEN","PRESENT","ACCEPTED",,"23243164-c132-444d-a3a4-34662abb8305","cccff716-2694-4209-9f9e-2f7a484465a0","Universidad de Antioquia (UdeA)","HUA","Giraldo R.","Ramírez J.","1997-02-23",1997,2,23,,1950,50,,"http://creativecommons.org/publicdomain/zero/1.0/legalcode",
"930982468","Cavendishia pubescens (Kunth) Hemsl.","Cavendishia pubescens (Kunth) Hemsl.",6.228889,-75.659167,"WGS84","cdround,inmafu","SOUTH_AMERICA","Colombia","CO","Antioquia","Medellín",,"Vereda Altavista parte alta. alto de Barcino","PRESERVED_SPECIMEN","PRESENT","ACCEPTED",,"23243164-c132-444d-a3a4-34662abb8305","cccff716-2694-4209-9f9e-2f7a484465a0","Universidad de Antioquia (UdeA)","HUA","Rodríguez W.|Giraldo F.|Marín M.",,"1997-04-03",1997,4,3,,2335,15,,"http://creativecommons.org/publicdomain/zero/1.0/legalcode",
"930982482","Cavendishia pubescens (Kunth) Hemsl.","Cavendishia pubescens (Kunth) Hemsl.",6.2325,-75.6625,"WGS84","inmafu","SOUTH_AMERICA","Colombia","CO","Antioquia","Medellín",,"Corregimiento Altavista. vereda Aguas Frías parte alta","PRESERVED_SPECIMEN","PRESENT","ACCEPTED",,"23243164-c132-444d-a3a4-34662abb8305","cccff716-2694-4209-9f9e-2f7a484465a0","Universidad de Antioquia (UdeA)","HUA","Rodríguez W.|Giraldo F.|Marín M.","Roldán F.","1997-05-15",1997,5,15,,2275,25,,"http://creativecommons.org/publicdomain/zero/1.0/legalcode",
"930983142","Cavendishia pubescens (Kunth) Hemsl.","Cavendishia pubescens (Kunth) Hemsl.",6.259419,-75.50733,"WGS84","inmafu","SOUTH_AMERICA","Colombia","CO","Antioquia","Medellín",,"Corregimiento Santa Elena. vereda Mazo","PRESERVED_SPECIMEN","PRESENT","ACCEPTED",,"23243164-c132-444d-a3a4-34662abb8305","cccff716-2694-4209-9f9e-2f7a484465a0","Universidad de Antioquia (UdeA)","HUA","Quintero E.",,"1997-05-03",1997,5,3,,1900,0,,"http://creativecommons.org/publicdomain/zero/1.0/legalcode",
"930981807","Cavendishia pubescens (Kunth) Hemsl.","Cavendishia pubescens (Kunth) Hemsl.",6.083333,-75.633333,"WGS84","cdround,inmafu","SOUTH_AMERICA","Colombia","CO","Antioquia","Caldas",,"Reserva Ecológica Alto de San Miguel. parte alta del río Medellín","PRESERVED_SPECIMEN","PRESENT","ACCEPTED",,"23243164-c132-444d-a3a4-34662abb8305","cccff716-2694-4209-9f9e-2f7a484465a0","Universidad de Antioquia (UdeA)","HUA","Felipe Alfonso Cardona Naranjo|Posada J.","Roldán F.","1997-06-03",1997,6,3,,2050,150,,"http://creativecommons.org/publicdomain/zero/1.0/legalcode",
"930981942","Cavendishia pubescens (Kunth) Hemsl.","Cavendishia pubescens (Kunth) Hemsl.",6.333333,-75.583333,"WGS84","cdround,inmafu","SOUTH_AMERICA","Colombia","CO","Antioquia","Bello",,"Montaña Quitasol. parte alta del barrio San Martín","PRESERVED_SPECIMEN","PRESENT","ACCEPTED",,"23243164-c132-444d-a3a4-34662abb8305","cccff716-2694-4209-9f9e-2f7a484465a0","Universidad de Antioquia (UdeA)","HUA","Forero O.","Roldán F.","1997-06-25",1997,6,25,,1700,50,,"http://creativecommons.org/publicdomain/zero/1.0/legalcode",
"1257554319","Cavendishia pubescens (Kunth) Hemsl.","Cavendishia pubescens (Kunth) Hemsl.",6.083333,-75.633333,"WGS84","cdround,gass84,osiic,colmano,inmafu","SOUTH_AMERICA","Colombia","CO","Antioquia","Caldas",,"Reserva ""Alto de San Miguel"". Cuenca alta del río Medellín.","PRESERVED_SPECIMEN","PRESENT","ACCEPTED","Tropicos","7bd65a7a-f762-11e1-a439-00145eb45e9a","90fd6680-349f-11d8-aa2d-b8a03c50a862","MO","Tropicos","Felipe Cardona","N. Salinas (NY)","1997-06-03",1997,6,3,,2050,150,,"http://creativecommons.org/licenses/by/4.0/legalcode","Missouri Botanical Garden"
"930982210","Cavendishia pubescens (Kunth) Hemsl.","Cavendishia pubescens (Kunth) Hemsl.",6.34143,-75.67429,"WGS84","inmafu","SOUTH_AMERICA","Colombia","CO","Antioquia","Medellín",,"Vía a Santafé de Antioquia. entre Boquerón y Palmitas","PRESERVED_SPECIMEN","PRESENT","ACCEPTED",,"23243164-c132-444d-a3a4-34662abb8305","cccff716-2694-4209-9f9e-2f7a484465a0","Universidad de Antioquia (UdeA)","HUA","Fonnegra R.|Curso Taxonomía de Plantas Vasculares.","Roldán F.","1997-10-11",1997,10,11,,1700,600,,"http://creativecommons.org/publicdomain/zero/1.0/legalcode",
"1228169020","Cavendishia pubescens (Kunth) Hemsl.","Cavendishia pubescens (Kunth) Hemsl.",-9.1839,-74.14,"WGS84","gass84,ambcol,inmafu","SOUTH_AMERICA","Peru","PE",,,,"Perú","PRESERVED_SPECIMEN","PRESENT","ACCEPTED","seeds-22-sep-2023","90c853e6-56bd-480b-8e8f-6285c3f8d42b","7b8aff00-a9f8-11d8-944b-b8a03c50a862","F","Botany","R. Rojas et al.",,"1997-10-23",1997,10,23,,,,,"http://creativecommons.org/publicdomain/zero/1.0/legalcode","The Field Museum of Natural History"
"1258449007","Cavendishia pubescens (Kunth) Hemsl.","Cavendishia pubescens (Kunth) Hemsl.",-5.25694,-78.36138,"WGS84","gass84,osiic,colmano,inmafu","SOUTH_AMERICA","Peru","PE","Amazonas","Bagua",,"Dtto. Imaza, Tayu Mujaji. Comunidad de Wawas. Bosque primario.","PRESERVED_SPECIMEN","PRESENT","ACCEPTED","Tropicos","7bd65a7a-f762-11e1-a439-00145eb45e9a","90fd6680-349f-11d8-aa2d-b8a03c50a862","MO","Tropicos","Rocío Rojas|al.","C. Diaz (MO)","1997-10-23",1997,10,23,,800,,,"http://creativecommons.org/licenses/by/4.0/legalcode","Missouri Botanical Garden"
"930982280","Cavendishia pubescens (Kunth) Hemsl.","Cavendishia pubescens (Kunth) Hemsl.",5.733333,-76,"WGS84","cdround,inmafu","SOUTH_AMERICA","Colombia","CO","Antioquia","Betania",,"Farallones del Citará. paraje Las Canoas","PRESERVED_SPECIMEN","PRESENT","ACCEPTED",,"23243164-c132-444d-a3a4-34662abb8305","cccff716-2694-4209-9f9e-2f7a484465a0","Universidad de Antioquia (UdeA)","HUA","Fonnegra R.|Vélez G.|Curso Taxonomía de Plantas Vasculares.","Roldán F.","1997-11-11",1997,11,11,,1915,185,,"http://creativecommons.org/publicdomain/zero/1.0/legalcode",
"930982285","Cavendishia pubescens (Kunth) Hemsl.","Cavendishia pubescens (Kunth) Hemsl.",5.733333,-76,"WGS84","cdround,inmafu","SOUTH_AMERICA","Colombia","CO","Antioquia","Betania",,"Farallones del Citará. paraje Las Canoas","PRESERVED_SPECIMEN","PRESENT","ACCEPTED",,"23243164-c132-444d-a3a4-34662abb8305","cccff716-2694-4209-9f9e-2f7a484465a0","Universidad de Antioquia (UdeA)","HUA","Fonnegra R.|Vélez G.|Curso Taxonomía de Plantas Vasculares.","Roldán F.","1997-11-11",1997,11,11,,1915,185,,"http://creativecommons.org/publicdomain/zero/1.0/legalcode",
"4603433607","Cavendishia pubescens (Kunth) Hemsl.","Cavendishia pubescens (Kunth) Hemsl.",9.066667,-70.65,"WGS84","cdround,inmafu","SOUTH_AMERICA","Venezuela (Bolivarian Republic of)","VE","Trujillo","Urdaneta",,"A 6 km de Jajó, vía Tuñame. Subpáramo.","PRESERVED_SPECIMEN","PRESENT","ACCEPTED",,"f33dbf7e-7b24-4bff-aca2-5c1b500f8120","fef6dde8-bc0f-43bc-8b96-fb44264fbdf8","INBIO","PORT","Angel Fernández del V.",,"1997-11",1997,11,,"Subpáramo",2650,,,"http://creativecommons.org/licenses/by/4.0/legalcode",
"930981217","Cavendishia pubescens (Kunth) Hemsl.","Cavendishia pubescens (Kunth) Hemsl.",6.083333,-75.633333,"WGS84","cdround,inmafu","SOUTH_AMERICA","Colombia","CO","Antioquia","Caldas",,"Reserva Ecológica Alto de San Miguel. parte alta del río Medellín","PRESERVED_SPECIMEN","PRESENT","ACCEPTED",,"23243164-c132-444d-a3a4-34662abb8305","cccff716-2694-4209-9f9e-2f7a484465a0","Universidad de Antioquia (UdeA)","HUA","Fonnegra R.|Roldán F.","Roldán F.","1996-05-21",1996,5,21,,1900,0,,"http://creativecommons.org/publicdomain/zero/1.0/legalcode",
"930984709","Cavendishia pubescens (Kunth) Hemsl.","Cavendishia pubescens (Kunth) Hemsl.",6.171944,-75.585833,"WGS84","cdround,inmafu","SOUTH_AMERICA","Colombia","CO","Antioquia","Envigado",,"Vereda El Escobero","PRESERVED_SPECIMEN","PRESENT","ACCEPTED",,"23243164-c132-444d-a3a4-34662abb8305","cccff716-2694-4209-9f9e-2f7a484465a0","Universidad de Antioquia (UdeA)","HUA","Correa M.|Felipe Alfonso Cardona Naranjo","Luteyn J.","1996-07-25",1996,7,25,,2150,50,,"http://creativecommons.org/publicdomain/zero/1.0/legalcode",
"930982696","Cavendishia pubescens (Kunth) Hemsl.","Cavendishia pubescens (Kunth) Hemsl.",6.22619,-75.648124,"WGS84","rdatm,inmafu","SOUTH_AMERICA","Colombia","CO","Antioquia","Medellín",,"Corregimiento Altavista. vereda Patiobola. cabecera de la quebrada El Barcino","PRESERVED_SPECIMEN","PRESENT","ACCEPTED",,"23243164-c132-444d-a3a4-34662abb8305","cccff716-2694-4209-9f9e-2f7a484465a0","Universidad de Antioquia (UdeA)","HUA","Giraldo F.|Murillo G.",,"1996",1996,,,,2230,0,,"http://creativecommons.org/publicdomain/zero/1.0/legalcode",
"931017453","Cavendishia pubescens (Kunth) Hemsl.","Cavendishia pubescens (Kunth) Hemsl.",7.08,-75.89944,"WGS84","inmafu","SOUTH_AMERICA","Colombia","CO","Antioquia","Peque",,"Alto de la Batalla. finca La Acequia","PRESERVED_SPECIMEN","PRESENT","ACCEPTED",,"23243164-c132-444d-a3a4-34662abb8305","cccff716-2694-4209-9f9e-2f7a484465a0","Universidad de Antioquia (UdeA)","HUA","Giraldo F.|Correa M.","Gómez A.","1995-01-30",1995,1,30,,2650,0,,"http://creativecommons.org/publicdomain/zero/1.0/legalcode",
"931017174","Cavendishia pubescens (Kunth) Hemsl.","Cavendishia pubescens (Kunth) Hemsl.",5.88194,-75.44876,"WGS84","cdround,inmafu","SOUTH_AMERICA","Colombia","CO","Antioquia","Abejorral",,"Confluencia de las quebradas Dantas y Santa Catalina","PRESERVED_SPECIMEN","PRESENT","ACCEPTED",,"23243164-c132-444d-a3a4-34662abb8305","cccff716-2694-4209-9f9e-2f7a484465a0","Universidad de Antioquia (UdeA)","HUA","Arias J.",,"1995-03-18",1995,3,18,,2200,0,,"http://creativecommons.org/publicdomain/zero/1.0/legalcode",
"931017208","Cavendishia pubescens (Kunth) Hemsl.","Cavendishia pubescens (Kunth) Hemsl.",5.915989,-75.4399,"WGS84","inmafu","SOUTH_AMERICA","Colombia","CO","Antioquia","La Ceja",,"Cuenca del río Buey","PRESERVED_SPECIMEN","PRESENT","ACCEPTED",,"23243164-c132-444d-a3a4-34662abb8305","cccff716-2694-4209-9f9e-2f7a484465a0","Universidad de Antioquia (UdeA)","HUA","Arias J.",,"1995-03-18",1995,3,18,,2020,0,,"http://creativecommons.org/publicdomain/zero/1.0/legalcode",
"931017223","Cavendishia pubescens (Kunth) Hemsl.","Cavendishia pubescens (Kunth) Hemsl.",5.915989,-75.4399,"WGS84","inmafu","SOUTH_AMERICA","Colombia","CO","Antioquia","La Ceja",,"Cuenca del río Buey","PRESERVED_SPECIMEN","PRESENT","ACCEPTED",,"23243164-c132-444d-a3a4-34662abb8305","cccff716-2694-4209-9f9e-2f7a484465a0","Universidad de Antioquia (UdeA)","HUA","Arias J.",,"1995-03-18",1995,3,18,,2050,0,,"http://creativecommons.org/publicdomain/zero/1.0/legalcode",
"931017249","Cavendishia pubescens (Kunth) Hemsl.","Cavendishia pubescens (Kunth) Hemsl.",5.915989,-75.4399,"WGS84","inmafu","SOUTH_AMERICA","Colombia","CO","Antioquia","La Ceja",,"Cuenca del río Buey","PRESERVED_SPECIMEN","PRESENT","ACCEPTED",,"23243164-c132-444d-a3a4-34662abb8305","cccff716-2694-4209-9f9e-2f7a484465a0","Universidad de Antioquia (UdeA)","HUA","Arias J.",,"1995-03-18",1995,3,18,,2050,0,,"http://creativecommons.org/publicdomain/zero/1.0/legalcode",
"1258324895","Cavendishia pubescens (Kunth) Hemsl.","Cavendishia pubescens (Kunth) Hemsl.",5.847778,-75.492778,"WGS84","cdround,gass84,osiic,colmano,inmafu","SOUTH_AMERICA","Colombia","CO","Antioquia","La Ceja",,"Cuenca del Río Buey, aguas arriba de la presa de sedimentación.","PRESERVED_SPECIMEN","PRESENT","ACCEPTED","Tropicos","7bd65a7a-f762-11e1-a439-00145eb45e9a","90fd6680-349f-11d8-aa2d-b8a03c50a862","MO","Tropicos","Juan Carlos Arias G.",,"1995-03-18",1995,3,18,,2050,,,"http://creativecommons.org/licenses/by/4.0/legalcode","Missouri Botanical Garden"
"1259031560","Cavendishia pubescens (Kunth) Hemsl.","Cavendishia pubescens (Kunth) Hemsl.",5.847778,-75.492778,"WGS84","cdround,gass84,colmano,inmafu","SOUTH_AMERICA","Colombia","CO","Antioquia","La Ceja",,"Cuenca del Río Buey, aguas arriba de la presa de sedimentación.","PRESERVED_SPECIMEN","PRESENT","ACCEPTED","Tropicos","7bd65a7a-f762-11e1-a439-00145eb45e9a","90fd6680-349f-11d8-aa2d-b8a03c50a862","MO","Tropicos","Juan Carlos Arias G.","J. Luteyn (NY)","1995-03-18",1995,3,18,,2050,,,"http://creativecommons.org/licenses/by/4.0/legalcode","Missouri Botanical Garden"
"4061396763","Cavendishia pubescens (Kunth) Hemsl.","Cavendishia pubescens (Kunth) Hemsl.",5.847778,-75.492778,"WGS84","cdround,gass84,colmano,inmafu","SOUTH_AMERICA","Colombia","CO","Antioquia","La Ceja",,"Cuenca del Río Buey, aguas arriba de la presa de sedimentación.","PRESERVED_SPECIMEN","PRESENT","ACCEPTED","Tropicos","e053ff53-c156-4e2e-b9b5-4462e9625424","90fd6680-349f-11d8-aa2d-b8a03c50a862","HUA","Tropicos","Juan Carlos Arias G.","J. Luteyn (NY)","1995-03-18",1995,3,18,,2050,,,"http://creativecommons.org/licenses/by/4.0/legalcode","Missouri Botanical Garden"
"4062213627","Cavendishia pubescens (Kunth) Hemsl.","Cavendishia pubescens (Kunth) Hemsl.",5.847778,-75.492778,"WGS84","cdround,gass84,osiic,colmano,inmafu","SOUTH_AMERICA","Colombia","CO","Antioquia","La Ceja",,"Cuenca del Río Buey, aguas arriba de la presa de sedimentación.","PRESERVED_SPECIMEN","PRESENT","ACCEPTED","Tropicos","e053ff53-c156-4e2e-b9b5-4462e9625424","90fd6680-349f-11d8-aa2d-b8a03c50a862","HUA","Tropicos","Juan Carlos Arias G.",,"1995-03-18",1995,3,18,,2050,,,"http://creativecommons.org/licenses/by/4.0/legalcode","Missouri Botanical Garden"
"931017968","Cavendishia pubescens (Kunth) Hemsl.","Cavendishia pubescens (Kunth) Hemsl.",5.933333,-75.416667,"WGS84","cdround,inmafu","SOUTH_AMERICA","Colombia","CO","Antioquia","La Unión",,"Cuenca del río Piedras. margen izquierda. quebrada El Mocho","PRESERVED_SPECIMEN","PRESENT","ACCEPTED",,"23243164-c132-444d-a3a4-34662abb8305","cccff716-2694-4209-9f9e-2f7a484465a0","Universidad de Antioquia (UdeA)","HUA","Arias J.|Carmona A.","Arias J.","1995-06-16",1995,6,16,,2300,0,,"http://creativecommons.org/publicdomain/zero/1.0/legalcode",
"1576183574","Cavendishia pubescens (Kunth) Hemsl.","Cavendishia pubescens (Kunth) Hemsl.",5.166167,-75.411306,"WGS84","cdround,inmafu","SOUTH_AMERICA","Colombia","CO","Caldas","Neira",,"Vereda Manga Bonita, finca San Juan","PRESERVED_SPECIMEN","PRESENT","ACCEPTED",,"2f7208c8-b31d-4287-84b4-fc10ab376302","f7f9717e-9e50-4a00-a30f-7b134390a566","Universidad de Caldas (UCaldas)","FAUC","F. Cardona","O Rangel","1995-06-22",1995,6,22,,2518,0,,"http://creativecommons.org/licenses/by/4.0/legalcode","Universidad de Caldas"
"930981219","Cavendishia pubescens (Kunth) Hemsl.","Cavendishia pubescens (Kunth) Hemsl.",6.28305,-75.50718,"WGS84","inmafu","SOUTH_AMERICA","Colombia","CO","Antioquia","Medellín",,"Corregimiento Santa Elena. vereda del Plan - Piedras Blancas. finca El Naranjal. km 18 SE de Medellín en la vía a Santa Elena","PRESERVED_SPECIMEN","PRESENT","ACCEPTED",,"23243164-c132-444d-a3a4-34662abb8305","cccff716-2694-4209-9f9e-2f7a484465a0","Universidad de Antioquia (UdeA)","HUA","Callejas R.|Echeverry A.","Callejas R.","1995-07-07",1995,7,7,,2300,0,,"http://creativecommons.org/publicdomain/zero/1.0/legalcode",
"931017960","Cavendishia pubescens (Kunth) Hemsl.","Cavendishia pubescens (Kunth) Hemsl.",6.298032,-75.503924,"WGS84","cdround,inmafu","SOUTH_AMERICA","Colombia","CO","Antioquia","Medellín",,"Municipios de Medellín y Guarne. Parque Ecológico Piedras Blancas","PRESERVED_SPECIMEN","PRESENT","ACCEPTED",,"23243164-c132-444d-a3a4-34662abb8305","cccff716-2694-4209-9f9e-2f7a484465a0","Universidad de Antioquia (UdeA)","HUA","Restrepo J.|Restrepo G.|Góngora M.|Mejía C.",,"1995-07-13",1995,7,13,,2350,50,,"http://creativecommons.org/publicdomain/zero/1.0/legalcode",
"1258820030","Cavendishia pubescens (Kunth) Hemsl.","Cavendishia pubescens (Kunth) Hemsl.",6.26666,-75.56666,"WGS84","gass84,colmano,inmafu","SOUTH_AMERICA","Colombia","CO","Antioquia","Medellín",,"Corregimiento de Santa Elena, Vereda del Plan - Piedras Blancas, Finca El Naranjal. 18 km SE de Medellin en la via a Santa Elena","PRESERVED_SPECIMEN","PRESENT","ACCEPTED","Tropicos","7bd65a7a-f762-11e1-a439-00145eb45e9a","90fd6680-349f-11d8-aa2d-b8a03c50a862","MO","Tropicos","Ricardo Callejas|A. Echeverri","R. Callejas (HUA)","1995-07-07",1995,7,7,,2300,,,"http://creativecommons.org/licenses/by/4.0/legalcode","Missouri Botanical Garden"
"4062069550","Cavendishia pubescens (Kunth) Hemsl.","Cavendishia pubescens (Kunth) Hemsl.",6.26666,-75.56666,"WGS84","gass84,colmano,inmafu","SOUTH_AMERICA","Colombia","CO","Antioquia","Medellín",,"Corregimiento de Santa Elena, Vereda del Plan - Piedras Blancas, Finca El Naranjal. 18 km SE de Medellin en la via a Santa Elena","PRESERVED_SPECIMEN","PRESENT","ACCEPTED","Tropicos","e053ff53-c156-4e2e-b9b5-4462e9625424","90fd6680-349f-11d8-aa2d-b8a03c50a862","HUA","Tropicos","Ricardo Callejas|A. Echeverri","R. Callejas (HUA)","1995-07-07",1995,7,7,,2300,,,"http://creativecommons.org/licenses/by/4.0/legalcode","Missouri Botanical Garden"
"2013822952","Cavendishia pubescens (Kunth) Hemsl.","Cavendishia pubescens (Kunth) Hemsl.",7.035194,-75.974167,"WGS84","gass84","SOUTH_AMERICA","Colombia","CO","Antioquia","Peque",,"Alto del Poal.","PRESERVED_SPECIMEN","PRESENT","ACCEPTED","Datos Depurados/sistematizados por Expedición por la historia - ColombiaBio","18da9e5d-8966-4893-bf70-b3911152d991","eac88d99-9f6c-4031-8fc4-8088f0e0dfe7","Universidad Nacional de Colombia (UNAL)","COL","D. Benítez|J. Ramírez|M. Villa|E. David|J. López","D. Benítez","1995-09-20",1995,9,20,,2640,140,,"http://creativecommons.org/licenses/by/4.0/legalcode","Universidad Nacional de Colombia"
"931016072","Cavendishia pubescens (Kunth) Hemsl.","Cavendishia pubescens (Kunth) Hemsl.",6.3,-74.483333,"WGS84","cdround,inmafu","SOUTH_AMERICA","Colombia","CO","Antioquia","Guarne",,"Parque Ecológico Piedras Blancas. represa Piedras Blancas","PRESERVED_SPECIMEN","PRESENT","ACCEPTED",,"23243164-c132-444d-a3a4-34662abb8305","cccff716-2694-4209-9f9e-2f7a484465a0","Universidad de Antioquia (UdeA)","HUA","Roldán F.|Curso de Palinología.","Gómez A.","1994-02-09",1994,2,9,,2350,0,,"http://creativecommons.org/publicdomain/zero/1.0/legalcode",
"931016524","Cavendishia pubescens (Kunth) Hemsl.","Cavendishia pubescens (Kunth) Hemsl.",6.205993,-75.52326,"WGS84","inmafu","SOUTH_AMERICA","Colombia","CO","Antioquia","Medellín",,"Corregimiento Santa Elena. vereda El Plan","PRESERVED_SPECIMEN","PRESENT","ACCEPTED",,"23243164-c132-444d-a3a4-34662abb8305","cccff716-2694-4209-9f9e-2f7a484465a0","Universidad de Antioquia (UdeA)","HUA","Gómez A.|Restrepo H.","Gómez A.","1994-03-12",1994,3,12,,2375,75,,"http://creativecommons.org/publicdomain/zero/1.0/legalcode",
"931016530","Cavendishia pubescens (Kunth) Hemsl.","Cavendishia pubescens (Kunth) Hemsl.",6.08,-75.24987,"WGS84","inmafu","SOUTH_AMERICA","Colombia","CO","Antioquia","Cocorná",,"El Viaho","PRESERVED_SPECIMEN","PRESENT","ACCEPTED",,"23243164-c132-444d-a3a4-34662abb8305","cccff716-2694-4209-9f9e-2f7a484465a0","Universidad de Antioquia (UdeA)","HUA","Gómez A.","Gómez A.","1994-03-26",1994,3,26,,1900,50,,"http://creativecommons.org/publicdomain/zero/1.0/legalcode",
"931016733","Cavendishia pubescens (Kunth) Hemsl.","Cavendishia pubescens (Kunth) Hemsl.",6.205993,-75.52326,"WGS84","inmafu","SOUTH_AMERICA","Colombia","CO","Antioquia","Medellín",,"Corregimiento Santa Elena. vereda El Plan","PRESERVED_SPECIMEN","PRESENT","ACCEPTED",,"23243164-c132-444d-a3a4-34662abb8305","cccff716-2694-4209-9f9e-2f7a484465a0","Universidad de Antioquia (UdeA)","HUA","Gómez A.|Restrepo H.","Roldán F.","1994-03-12",1994,3,12,,2375,75,,"http://creativecommons.org/publicdomain/zero/1.0/legalcode",
"1928386025","Cavendishia pubescens (Kunth) Hemsl.","Cavendishia pubescens (Kunth) Hemsl.",6.77,-75.28,"WGS84","gass84,mdativ","SOUTH_AMERICA","Colombia","CO","Antioquia","Medellín Mun.",,"Correg. Santa Helena, Vereda el Plan.","PRESERVED_SPECIMEN","PRESENT","ACCEPTED","Vascular plants","d415c253-4d61-4459-9d25-4015b9084fb0","ae447c50-b8a8-11d8-92a4-b8a03c50a862","NY","NY","A. Gómez",,"1994-03-12",1994,3,12,,2375,75,,"http://creativecommons.org/publicdomain/zero/1.0/legalcode","The New York Botanical Garden"
"931017184","Cavendishia pubescens (Kunth) Hemsl.","Cavendishia pubescens (Kunth) Hemsl.",6.293545,-75.504401,"WGS84","cdround,inmafu","SOUTH_AMERICA","Colombia","CO","Antioquia","Medellín",,"Municipios de Medellín y Guarne. Parque Ecológico Piedras Blancas","PRESERVED_SPECIMEN","PRESENT","ACCEPTED",,"23243164-c132-444d-a3a4-34662abb8305","cccff716-2694-4209-9f9e-2f7a484465a0","Universidad de Antioquia (UdeA)","HUA","Fonnegra R.|Roldán F.","Roldán F.","1994-08-13",1994,8,13,,2400,0,,"http://creativecommons.org/publicdomain/zero/1.0/legalcode",
"1315020401","Cavendishia pubescens (Kunth) Hemsl.","Cavendishia pubescens (Kunth) Hemsl.",5.96704,-73.1625,"WGS84","cdc,gass84,cdpi","SOUTH_AMERICA","Colombia","CO","Boyacá","Duitama",,"Via a Virolin.","HUMAN_OBSERVATION","PRESENT","ACCEPTED",,"79684ec1-01e8-46cc-83cb-cd5bdfb469fe","eac88d99-9f6c-4031-8fc4-8088f0e0dfe7","Universidad Nacional de Colombia (UNAL)","COL","Betancur B., J. C.","Salinas, N. R.","1994-11-20",1994,11,20,,2800,100,,"http://creativecommons.org/licenses/by-nc/4.0/legalcode",
"1260251751","Cavendishia pubescens (Kunth) Hemsl.","Cavendishia pubescens (Kunth) Hemsl.",9.23333,-70.16666,"WGS84","gass84,colmano,inmafu","SOUTH_AMERICA","Venezuela (Bolivarian Republic of)","VE","Trujillo",,,"On road to paramo above town of Bocomó, Guaramacal National Park. Boconó Quadrangle # 6143 (scale 1.100,000)","PRESERVED_SPECIMEN","PRESENT","ACCEPTED","Tropicos","7bd65a7a-f762-11e1-a439-00145eb45e9a","90fd6680-349f-11d8-aa2d-b8a03c50a862","MO","Tropicos","Loy R. Phillippe|Francisco J. Ortega|L. Crane|S. Huhndorf|J. Schocknecht","James L. Luteyn","1993-01-20",1993,1,20,,2350,,,"http://creativecommons.org/licenses/by/4.0/legalcode","Missouri Botanical Garden"
"4603435640","Cavendishia pubescens (Kunth) Hemsl.","Cavendishia pubescens (Kunth) Hemsl.",9.233333,-70.166667,"WGS84","cdround,inmafu","SOUTH_AMERICA","Venezuela (Bolivarian Republic of)","VE","Trujillo","Boconó",,"On road to paramo above town of Boconó, Guaramacal National Park. Boconó Quadrangle # 6143 (scale 1:100,000).","PRESERVED_SPECIMEN","PRESENT","ACCEPTED",,"f33dbf7e-7b24-4bff-aca2-5c1b500f8120","fef6dde8-bc0f-43bc-8b96-fb44264fbdf8","INBIO","PORT","Loy R. Phillippe|Francisco Ortega|Lee Crane|Sabina Huhndorf|Jean Schocknecht","M. Niño","1993-01-20",1993,1,20,"Páramo",2350,,,"http://creativecommons.org/licenses/by/4.0/legalcode",
"931015863","Cavendishia pubescens (Kunth) Hemsl.","Cavendishia pubescens (Kunth) Hemsl.",6.911693,-75.080095,"WGS84","cdround,inmafu","SOUTH_AMERICA","Colombia","CO","Antioquia","Amalfi",,"Orilla de quebrada Guayabito","PRESERVED_SPECIMEN","PRESENT","ACCEPTED",,"23243164-c132-444d-a3a4-34662abb8305","cccff716-2694-4209-9f9e-2f7a484465a0","Universidad de Antioquia (UdeA)","HUA","Tuberquia D.|Gómez G.","Gómez A.","1993-02-14",1993,2,14,,1600,0,,"http://creativecommons.org/publicdomain/zero/1.0/legalcode",
"1930814765","Cavendishia pubescens (Kunth) Hemsl.","Cavendishia pubescens (Kunth) Hemsl.",5.05,-59.88,"WGS84","gass84,mdativ","SOUTH_AMERICA","Guyana","GY","Potaro-Siparuni",,,"Pakaraima Mts.-Mt. Wokomung, Wusupubaru Creek, 2km from juncture with Suruwabaru Creek. Slope forest, W side.","PRESERVED_SPECIMEN","PRESENT","ACCEPTED","Vascular plants","d415c253-4d61-4459-9d25-4015b9084fb0","ae447c50-b8a8-11d8-92a4-b8a03c50a862","NY","NY","T. W. Henkel",,"1993-02-13",1993,2,13,,1050,75,,"http://creativecommons.org/publicdomain/zero/1.0/legalcode","The New York Botanical Garden"
"930980858","Cavendishia pubescens (Kunth) Hemsl.","Cavendishia pubescens (Kunth) Hemsl.",5.69897,-73.45172,"WGS84","inmafu","SOUTH_AMERICA","Colombia","CO","Boyacá","Villa de Leyva",,"Santuario de Fauna y Flora de Iguaque. camino entre la cabaña Carrizal y la laguna de Iguaque","PRESERVED_SPECIMEN","PRESENT","ACCEPTED",,"23243164-c132-444d-a3a4-34662abb8305","cccff716-2694-4209-9f9e-2f7a484465a0","Universidad de Antioquia (UdeA)","HUA","Betancur J.|Gualtero E.|López R.|Marín C.","Zernig K.","1993-03-27",1993,3,27,,,,,"http://creativecommons.org/publicdomain/zero/1.0/legalcode",
"1931035514","Cavendishia pubescens (Kunth) Hemsl.","Cavendishia pubescens (Kunth) Hemsl.",10.53,-66.82,"WGS84","gass84,mdativ","SOUTH_AMERICA","Venezuela (Bolivarian Republic of)","VE","Miranda",,,"Vertiente S: El Paraíso: en quebrada que sigue a la toma de agua de INPARQUES (Río Tocome).","PRESERVED_SPECIMEN","PRESENT","ACCEPTED","Vascular plants","d415c253-4d61-4459-9d25-4015b9084fb0","ae447c50-b8a8-11d8-92a4-b8a03c50a862","NY","NY","W. Meier",,"1993-04-04/1993-04-05",1993,4,,,1690,,,"http://creativecommons.org/publicdomain/zero/1.0/legalcode","The New York Botanical Garden"
"1261096700","Cavendishia pubescens (Kunth) Hemsl.","Cavendishia pubescens (Kunth) Hemsl.",-6,-79.25,"WGS84","gass84,osiic,colmano,inmafu","SOUTH_AMERICA","Peru","PE","Cajamarca","Jaén",,"Transect 3. District Pomahuaca, Caserio Amilán, La Rinconada. Steep slope characterized by many tree falls (fewer individuals, high turnover). Apparently little selective logging most likely primary terra firme forest. Collected with Dennis Milanowski, Abat Barbosa Medina & Pastor Barbosa Medina.","PRESERVED_SPECIMEN","PRESENT","ACCEPTED","Tropicos","7bd65a7a-f762-11e1-a439-00145eb45e9a","90fd6680-349f-11d8-aa2d-b8a03c50a862","MO","Tropicos","Irene Shonle|Dennis Milanowski|Abat Barbosa M.|Pastor Barbosa M.","I. Shonle","1993-06-25",1993,6,25,,2350,,,"http://creativecommons.org/licenses/by/4.0/legalcode","Missouri Botanical Garden"
"1261096032","Cavendishia pubescens (Kunth) Hemsl.","Cavendishia pubescens (Kunth) Hemsl.",-4.3,-78.66666,"WGS84","gass84,osiic,colmano,inmafu","SOUTH_AMERICA","Ecuador","EC","Zamora-Chinchipe","Nangaritza",,"Miazi, Rio Nangaritza; trail to summit behind camp.","PRESERVED_SPECIMEN","PRESENT","ACCEPTED","Tropicos","7bd65a7a-f762-11e1-a439-00145eb45e9a","90fd6680-349f-11d8-aa2d-b8a03c50a862","MO","Tropicos","Alwyn H. Gentry","J. Luteyn (NY)","1993-07-30",1993,7,30,,925,75,,"http://creativecommons.org/licenses/by/4.0/legalcode","Missouri Botanical Garden"
"1931362395","Cavendishia pubescens (Kunth) Hemsl.","Cavendishia pubescens (Kunth) Hemsl.",5.07,-59.88,"WGS84","gass84,mdativ","SOUTH_AMERICA","Guyana","GY","Potaro-Siparuni",,,"Pakaraima Mts.-Mt. Wokomung, Ridgeline 0.5 km NE of Wokomung escarpment adjacent Ka-Mie-Wah pinnacle.","PRESERVED_SPECIMEN","PRESENT","ACCEPTED","Vascular plants","d415c253-4d61-4459-9d25-4015b9084fb0","ae447c50-b8a8-11d8-92a4-b8a03c50a862","NY","NY","T. W. Henkel",,"1993-11-15",1993,11,15,,1450,50,,"http://creativecommons.org/publicdomain/zero/1.0/legalcode","The New York Botanical Garden"
"931015395","Cavendishia pubescens (Kunth) Hemsl.","Cavendishia pubescens (Kunth) Hemsl.",6.21446,-75.21176,"WGS84","inmafu","SOUTH_AMERICA","Colombia","CO","Antioquia","Peñol",,"Vereda El Morro. 1 km N de la vía El Peñol - La Represa","PRESERVED_SPECIMEN","PRESENT","ACCEPTED",,"23243164-c132-444d-a3a4-34662abb8305","cccff716-2694-4209-9f9e-2f7a484465a0","Universidad de Antioquia (UdeA)","HUA","Gómez A.","Gómez A.","1992-02-01",1992,2,1,,2000,50,,"http://creativecommons.org/publicdomain/zero/1.0/legalcode",
"1898922886","Cavendishia pubescens (Kunth) Hemsl.","Cavendishia pubescens (Kunth) Hemsl.",6.766667,-75.283333,"WGS84","gass84","SOUTH_AMERICA","Colombia","CO","Antioquia",,,"El Peñol, vereda El Morro. carretera veredal 1 km N de la troncal del Peñol.","PRESERVED_SPECIMEN","PRESENT","ACCEPTED","Datos Depurados/sistematizados por Expedición por la historia - ColombiaBio","18da9e5d-8966-4893-bf70-b3911152d991","eac88d99-9f6c-4031-8fc4-8088f0e0dfe7","Universidad Nacional de Colombia (UNAL)","COL","Angela Gómez","Angela Gómez","1992-02-01",1992,2,1,,2000,50,,"http://creativecommons.org/licenses/by/4.0/legalcode","Universidad Nacional de Colombia"
"1929336312","Cavendishia pubescens (Kunth) Hemsl.","Cavendishia pubescens (Kunth) Hemsl.",6.77,-75.28,"WGS84","gass84,mdativ","SOUTH_AMERICA","Colombia","CO","Antioquia",,,"El Peñol, vereda El Morro. Carretera a veredal 1 km N de la troncal del Peñol.","PRESERVED_SPECIMEN","PRESENT","ACCEPTED","Vascular plants","d415c253-4d61-4459-9d25-4015b9084fb0","ae447c50-b8a8-11d8-92a4-b8a03c50a862","NY","NY","A. Gómez",,"1992-02-01",1992,2,1,,2000,50,,"http://creativecommons.org/publicdomain/zero/1.0/legalcode","The New York Botanical Garden"
"930989882","Cavendishia pubescens (Kunth) Hemsl.","Cavendishia pubescens (Kunth) Hemsl.",6.3062,-75.643385,"WGS84","inmafu","SOUTH_AMERICA","Colombia","CO","Antioquia","Medellín",,"Corregimiento San Cristóbal. vereda San José de la Montaña","PRESERVED_SPECIMEN","PRESENT","ACCEPTED",,"23243164-c132-444d-a3a4-34662abb8305","cccff716-2694-4209-9f9e-2f7a484465a0","Universidad de Antioquia (UdeA)","HUA","López N.|Muñoz E.|Mejía L.","López N.","1992-05-16",1992,5,16,,,,,"http://creativecommons.org/publicdomain/zero/1.0/legalcode",
"931014270","Cavendishia pubescens (Kunth) Hemsl.","Cavendishia pubescens (Kunth) Hemsl.",6.296362,-75.646236,"WGS84","cdround,inmafu","SOUTH_AMERICA","Colombia","CO","Antioquia","Medellín",,"Corregimiento San Cristóbal. vereda San José de la Montaña. alrededores de laguna La Selva","PRESERVED_SPECIMEN","PRESENT","ACCEPTED",,"23243164-c132-444d-a3a4-34662abb8305","cccff716-2694-4209-9f9e-2f7a484465a0","Universidad de Antioquia (UdeA)","HUA","Tuberquia D.|Muñoz E.|Estrada J.|Mejía R.","Gómez A.","1992-05-02",1992,5,2,,2650,0,,"http://creativecommons.org/publicdomain/zero/1.0/legalcode",
"931014486","Cavendishia pubescens (Kunth) Hemsl.","Cavendishia pubescens (Kunth) Hemsl.",6.296362,-75.646236,"WGS84","cdround,inmafu","SOUTH_AMERICA","Colombia","CO","Antioquia","Medellín",,"Corregimiento San Cristóbal. vereda San José de la Montaña. alrededores de laguna La Selva","PRESERVED_SPECIMEN","PRESENT","ACCEPTED",,"23243164-c132-444d-a3a4-34662abb8305","cccff716-2694-4209-9f9e-2f7a484465a0","Universidad de Antioquia (UdeA)","HUA","Tuberquia D.|Muñoz E.|Estrada J.|Mejía R.","Gómez A.","1992-05-02",1992,5,2,,2650,0,,"http://creativecommons.org/publicdomain/zero/1.0/legalcode",
"931016013","Cavendishia pubescens (Kunth) Hemsl.","Cavendishia pubescens (Kunth) Hemsl.",6.3062,-75.643385,"WGS84","inmafu","SOUTH_AMERICA","Colombia","CO","Antioquia","Medellín",,"Corregimiento San Cristóbal. vereda San José de la Montaña","PRESERVED_SPECIMEN","PRESENT","ACCEPTED",,"23243164-c132-444d-a3a4-34662abb8305","cccff716-2694-4209-9f9e-2f7a484465a0","Universidad de Antioquia (UdeA)","HUA","López N.|Muñoz E.|Mejía L.","Gómez A.","1992-05-16",1992,5,16,,,,,"http://creativecommons.org/publicdomain/zero/1.0/legalcode",
"931014039","Cavendishia pubescens (Kunth) Hemsl.","Cavendishia pubescens (Kunth) Hemsl.",5.95,-75.700007,"WGS84","cdround,inmafu","SOUTH_AMERICA","Colombia","CO","Antioquia","Fredonia",,"Cerro Bravo","PRESERVED_SPECIMEN","PRESENT","ACCEPTED",,"23243164-c132-444d-a3a4-34662abb8305","cccff716-2694-4209-9f9e-2f7a484465a0","Universidad de Antioquia (UdeA)","HUA","Fonnegra R.|Curso Taxonomía de Plantas Vasculares.","Callejas R.","1992-06-07",1992,6,7,,1835,65,,"http://creativecommons.org/publicdomain/zero/1.0/legalcode",
"931013627","Cavendishia pubescens (Kunth) Hemsl.","Cavendishia pubescens (Kunth) Hemsl.",6.21446,-75.21176,"WGS84","rdatm,inmafu","SOUTH_AMERICA","Colombia","CO","Antioquia","Peñol",,"Vereda El Morro. 1 km N de la vía El Peñol - La Represa","PRESERVED_SPECIMEN","PRESENT","ACCEPTED",,"23243164-c132-444d-a3a4-34662abb8305","cccff716-2694-4209-9f9e-2f7a484465a0","Universidad de Antioquia (UdeA)","HUA","Gómez A.",,"1992",1992,,,,2150,150,,"http://creativecommons.org/publicdomain/zero/1.0/legalcode",
"931012881","Cavendishia pubescens (Kunth) Hemsl.","Cavendishia pubescens (Kunth) Hemsl.",6.233333,-75.533333,"WGS84","cdround,inmafu","SOUTH_AMERICA","Colombia","CO","Antioquia","Medellín",,"Carretera a Rionegro. vía Santa Elena - La Cascada","PRESERVED_SPECIMEN","PRESENT","ACCEPTED",,"23243164-c132-444d-a3a4-34662abb8305","cccff716-2694-4209-9f9e-2f7a484465a0","Universidad de Antioquia (UdeA)","HUA","Gómez A.|Grupo Al Bosque.","Gómez A.","1991-08-11",1991,8,11,,1600,100,,"http://creativecommons.org/publicdomain/zero/1.0/legalcode",
"1260258236","Cavendishia pubescens (Kunth) Hemsl.","Cavendishia pubescens (Kunth) Hemsl.",6.233333,-75.533333,"WGS84","cdround,gass84,osiic,colmano,inmafu","SOUTH_AMERICA","Colombia","CO","Antioquia","Medellín",,"Carretera a Rionegro vía Santa Helena. La Cascada.","PRESERVED_SPECIMEN","PRESENT","ACCEPTED","Tropicos","7bd65a7a-f762-11e1-a439-00145eb45e9a","90fd6680-349f-11d8-aa2d-b8a03c50a862","MO","Tropicos","Angela Gómez","N. Salinas (NY)","1991-08-11",1991,8,11,,1600,100,,"http://creativecommons.org/licenses/by/4.0/legalcode","Missouri Botanical Garden"
"1260031891","Cavendishia pubescens (Kunth) Hemsl.","Cavendishia pubescens (Kunth) Hemsl.",-4.316667,-78.666667,"WGS84","cdround,elmms,gass84,osiic,colmano,inmafu","SOUTH_AMERICA","Ecuador","EC","Zamora-Chinchipe","Nangaritza",,"Miazi, at junction of Río Chumbiriatza with Río Nangaritza. Tall montane forest, riverside forest, riverbanks, dwarfed mossy ridgetop forest and calcareous rocks.","PRESERVED_SPECIMEN","PRESENT","ACCEPTED","Tropicos","e053ff53-c156-4e2e-b9b5-4462e9625424","90fd6680-349f-11d8-aa2d-b8a03c50a862","AAU","Tropicos","Benjamin Øllgaard|Birgitte Bergmann|M. Ruiz","Luteyn, J. (NY)","1991-10-21",1991,10,21,,1075,125,,"http://creativecommons.org/licenses/by/4.0/legalcode","Missouri Botanical Garden"
"1261092939","Cavendishia pubescens (Kunth) Hemsl.","Cavendishia pubescens (Kunth) Hemsl.",-4.26666,-78.7,"WGS84","gass84,osiic,colmano,inmafu","SOUTH_AMERICA","Ecuador","EC","Zamora-Chinchipe","Nangaritza",,"Detrás del Campamento Militar de Miazi (oeste). Bosque nublado con árboles cubiertos completamente de hepáticas y musgos. Estrato del Bosque 15 m de altura. Dispropet. Arenizca cuarzosa meteorizada.","PRESERVED_SPECIMEN","PRESENT","ACCEPTED","Tropicos","e053ff53-c156-4e2e-b9b5-4462e9625424","90fd6680-349f-11d8-aa2d-b8a03c50a862","QCNE","Tropicos","Walter A. Palacios|I. Vargas|Galarza, César","J. Luteyn (NY)","1991-10-21",1991,10,21,,1100,,,"http://creativecommons.org/licenses/by/4.0/legalcode","Missouri Botanical Garden"
"1928192907","Cavendishia pubescens (Kunth) Hemsl.","Cavendishia pubescens (Kunth) Hemsl.",-4.43,-78.7,"WGS84","gass84,mdativ","SOUTH_AMERICA","Ecuador","EC","Zamora Chinchipe","Nangaritza (Canton)",,"Detrás de Campamento Militar de Miazi (oeste).","PRESERVED_SPECIMEN","PRESENT","ACCEPTED","Vascular plants","d415c253-4d61-4459-9d25-4015b9084fb0","ae447c50-b8a8-11d8-92a4-b8a03c50a862","NY","NY","W. A. Palacios",,"1991-10-21",1991,10,21,,1100,,,"http://creativecommons.org/publicdomain/zero/1.0/legalcode","The New York Botanical Garden"
"4031384642","Cavendishia pubescens (Kunth) Hemsl.","Cavendishia pubescens (Kunth) Hemsl.",-4.26666,-78.7,"WGS84","gass84,osiic,colmano,inmafu","SOUTH_AMERICA","Ecuador","EC","Zamora-Chinchipe","Nangaritza",,"Detrás del Campamento Militar de Miazi (oeste). Bosque nublado con árboles cubiertos completamente de hepáticas y musgos. Estrato del Bosque 15 m de altura. Dispropet. Arenizca cuarzosa meteorizada.","PRESERVED_SPECIMEN","PRESENT","ACCEPTED","Tropicos","7bd65a7a-f762-11e1-a439-00145eb45e9a","90fd6680-349f-11d8-aa2d-b8a03c50a862","MO","Tropicos","Walter A. Palacios|I. Vargas|Galarza, César","J. Luteyn (NY)","1991-10-21",1991,10,21,,1100,,,"http://creativecommons.org/licenses/by/4.0/legalcode","Missouri Botanical Garden"
"4061215710","Cavendishia pubescens (Kunth) Hemsl.","Cavendishia pubescens (Kunth) Hemsl.",-4.26666,-78.7,"WGS84","gass84,osiic,colmano,inmafu","SOUTH_AMERICA","Ecuador","EC","Zamora-Chinchipe","Nangaritza",,"Detrás del Campamento Militar de Miazi (oeste). Bosque nublado con árboles cubiertos completamente de hepáticas y musgos. Estrato del Bosque 15 m de altura. Dispropet. Arenizca cuarzosa meteorizada.","PRESERVED_SPECIMEN","PRESENT","ACCEPTED","Tropicos","e053ff53-c156-4e2e-b9b5-4462e9625424","90fd6680-349f-11d8-aa2d-b8a03c50a862","NY","Tropicos","Walter A. Palacios|I. Vargas|Galarza, César","J. Luteyn (NY)","1991-10-21",1991,10,21,,1100,,,"http://creativecommons.org/licenses/by/4.0/legalcode","Missouri Botanical Garden"
"4130393699","Cavendishia pubescens (Kunth) Hemsl.","Cavendishia pubescens (Kunth) Hemsl.",-4.316,-78.666,"WGS84","elmms,gass84,colmafu,inmafu","SOUTH_AMERICA","Ecuador","EC","ZAMORA-CHINCHIPE",,,"Miazi, at junction of Río Chumbiriatza with Río Nangaritza. Tall montane forest, riverside forest, riverbanks, dwarfed mossy ridgetop forest and calcareous rocks.","PRESERVED_SPECIMEN","PRESENT","ACCEPTED",,"833db434-f762-11e1-a439-00145eb45e9a","8e1a97a0-3ca8-11d9-8439-b8a03c50a862","AU","AAU","B. Ollgaard","Luteyn, J. (NY), 1994.","1991-10-22",1991,10,22,,1075,125,,"http://creativecommons.org/licenses/by/4.0/legalcode",
"1258276576","Cavendishia pubescens (Kunth) Hemsl.","Cavendishia pubescens (Kunth) Hemsl.",5.53333,-75.65,"WGS84","gass84,colmano,inmafu","SOUTH_AMERICA","Colombia","CO","Antioquia",,,"Along road between Caramanta and Supia (Risaralda), ca 4 mi S of Caramanta.","PRESERVED_SPECIMEN","PRESENT","ACCEPTED","Tropicos","7bd65a7a-f762-11e1-a439-00145eb45e9a","90fd6680-349f-11d8-aa2d-b8a03c50a862","MO","Tropicos","Thomas B. Croat","J. Luteyn (NY)","1990-01-27",1990,1,27,,2030,,,"http://creativecommons.org/licenses/by/4.0/legalcode","Missouri Botanical Garden"
"1930818206","Cavendishia pubescens (Kunth) Hemsl.","Cavendishia pubescens (Kunth) Hemsl.",5.53,-75.65,"WGS84","gass84,mdativ","SOUTH_AMERICA","Colombia","CO","Antioquia",,,"Along road between Caramanta and Supia (Risaralda), ca 4 mi S of Caramanta.","PRESERVED_SPECIMEN","PRESENT","ACCEPTED","Vascular plants","d415c253-4d61-4459-9d25-4015b9084fb0","ae447c50-b8a8-11d8-92a4-b8a03c50a862","NY","NY","T. B. Croat",,"1990-01-27",1990,1,27,,2030,,,"http://creativecommons.org/publicdomain/zero/1.0/legalcode","The New York Botanical Garden"
"1261095083","Cavendishia pubescens (Kunth) Hemsl.","Cavendishia pubescens (Kunth) Hemsl.",5.19166,-75.99666,"WGS84","gass84,osiic,colmano,inmafu","SOUTH_AMERICA","Colombia","CO","Risaralda",,,"Along road between Apia and Pueblo Rico (NW of Pereira), 16 km NW of Apia, 14 km SE of Pueblo Rico; disturbed virgin forest along road.","PRESERVED_SPECIMEN","PRESENT","ACCEPTED","Tropicos","7bd65a7a-f762-11e1-a439-00145eb45e9a","90fd6680-349f-11d8-aa2d-b8a03c50a862","MO","Tropicos","Thomas B. Croat","J. Luteyn (NY)","1990-02-21",1990,2,21,,1750,,,"http://creativecommons.org/licenses/by/4.0/legalcode","Missouri Botanical Garden"
"1898890989","Cavendishia pubescens (Kunth) Hemsl.","Cavendishia pubescens (Kunth) Hemsl.",4.35885,-75.69467,"WGS84","","SOUTH_AMERICA","Colombia","CO","Quindío","Córdoba",,"Mpio. de Cordoba, carret. Cordoba-Pijao, vereda Carniceros, finca La Esperanza. Alt. 1900 m.","PRESERVED_SPECIMEN","PRESENT","ACCEPTED","Datos Depurados/sistematizados por Expedición por la historia - ColombiaBio","18da9e5d-8966-4893-bf70-b3911152d991","eac88d99-9f6c-4031-8fc4-8088f0e0dfe7","Universidad Nacional de Colombia (UNAL)","COL","M. C. Vélez N.",,"1990-03-23",1990,3,23,,1900,0,,"http://creativecommons.org/licenses/by/4.0/legalcode","Universidad Nacional de Colombia"
"931014775","Cavendishia pubescens (Kunth) Hemsl.","Cavendishia pubescens (Kunth) Hemsl.",5.017592,-75.454108,"WGS84","cdround,inmafu","SOUTH_AMERICA","Colombia","CO","Caldas","Villamaría",,"Subestacion La Enea","PRESERVED_SPECIMEN","PRESENT","ACCEPTED",,"23243164-c132-444d-a3a4-34662abb8305","cccff716-2694-4209-9f9e-2f7a484465a0","Universidad de Antioquia (UdeA)","HUA","Melo M.|Hernández L.|Ocampo U.",,"1990-04-22",1990,4,22,,2200,0,,"http://creativecommons.org/publicdomain/zero/1.0/legalcode",
"1259203788","Cavendishia pubescens (Kunth) Hemsl.","Cavendishia pubescens (Kunth) Hemsl.",-16,-68.066667,"WGS84","cdround,gass84,osiic,colmano,inmafu","SOUTH_AMERICA","Bolivia (Plurinational State of)","BO","La Paz",,,,"PRESERVED_SPECIMEN","PRESENT","ACCEPTED","Tropicos","e053ff53-c156-4e2e-b9b5-4462e9625424","90fd6680-349f-11d8-aa2d-b8a03c50a862","LPB","Tropicos","James L. Luteyn|Laurence J. Dorr","J. L. Luteyn","1990-05-10",1990,5,10,,2120,,,"http://creativecommons.org/licenses/by/4.0/legalcode","Missouri Botanical Garden"
"1928198103","Cavendishia pubescens (Kunth) Hemsl.","Cavendishia pubescens (Kunth) Hemsl.",-16.07,-68.07,"WGS84","gass84,mdativ","SOUTH_AMERICA","Bolivia (Plurinational State of)","BO","La Paz","Pedro Domingo Murillo Prov.",,"Valle de Zongo, 33.2 km N of (below) La Cumbre, along road through cloud forest.","PRESERVED_SPECIMEN","PRESENT","ACCEPTED","Vascular plants","d415c253-4d61-4459-9d25-4015b9084fb0","ae447c50-b8a8-11d8-92a4-b8a03c50a862","NY","NY","J. L. Luteyn",,"1990-05-10",1990,5,10,,2120,,,"http://creativecommons.org/publicdomain/zero/1.0/legalcode","The New York Botanical Garden"
"4061435810","Cavendishia pubescens (Kunth) Hemsl.","Cavendishia pubescens (Kunth) Hemsl.",-16,-68.066667,"WGS84","cdround,gass84,osiic,colmano,inmafu","SOUTH_AMERICA","Bolivia (Plurinational State of)","BO","La Paz",,,,"PRESERVED_SPECIMEN","PRESENT","ACCEPTED","Tropicos","e053ff53-c156-4e2e-b9b5-4462e9625424","90fd6680-349f-11d8-aa2d-b8a03c50a862","BOLV","Tropicos","James L. Luteyn|Laurence J. Dorr","J. L. Luteyn","1990-05-10",1990,5,10,,2120,,,"http://creativecommons.org/licenses/by/4.0/legalcode","Missouri Botanical Garden"
"4062118772","Cavendishia pubescens (Kunth) Hemsl.","Cavendishia pubescens (Kunth) Hemsl.",-16,-68.066667,"WGS84","cdround,gass84,osiic,colmano,inmafu","SOUTH_AMERICA","Bolivia (Plurinational State of)","BO","La Paz",,,,"PRESERVED_SPECIMEN","PRESENT","ACCEPTED","Tropicos","e053ff53-c156-4e2e-b9b5-4462e9625424","90fd6680-349f-11d8-aa2d-b8a03c50a862","NY","Tropicos","James L. Luteyn|Laurence J. Dorr","J. L. Luteyn","1990-05-10",1990,5,10,,2120,,,"http://creativecommons.org/licenses/by/4.0/legalcode","Missouri Botanical Garden"
"931009391","Cavendishia pubescens (Kunth) Hemsl.","Cavendishia pubescens (Kunth) Hemsl.",6.31842,-75.66096,"WGS84","inmafu","SOUTH_AMERICA","Colombia","CO","Antioquia","Medellín",,"Vereda Boquerón","PRESERVED_SPECIMEN","PRESENT","ACCEPTED",,"23243164-c132-444d-a3a4-34662abb8305","cccff716-2694-4209-9f9e-2f7a484465a0","Universidad de Antioquia (UdeA)","HUA","Fonnegra R.|Curso Taxonomía de Plantas Vasculares.","Luteyn J.","1989-04-25",1989,4,25,,2150,150,,"http://creativecommons.org/publicdomain/zero/1.0/legalcode",
"931009479","Cavendishia pubescens (Kunth) Hemsl.","Cavendishia pubescens (Kunth) Hemsl.",5.97027,-75.65231,"WGS84","inmafu","SOUTH_AMERICA","Colombia","CO","Antioquia","Fredonia",,"Vereda El Uvital","PRESERVED_SPECIMEN","PRESENT","ACCEPTED",,"23243164-c132-444d-a3a4-34662abb8305","cccff716-2694-4209-9f9e-2f7a484465a0","Universidad de Antioquia (UdeA)","HUA","Fonnegra R.|Ortíz E.","Luteyn J.","1989-04-22",1989,4,22,,1750,0,,"http://creativecommons.org/publicdomain/zero/1.0/legalcode",
"931011130","Cavendishia pubescens (Kunth) Hemsl.","Cavendishia pubescens (Kunth) Hemsl.",5.889596,-75.5,"WGS84","inmafu","SOUTH_AMERICA","Colombia","CO","Antioquia","Montebello",,"Corregimiento Sabaletas. vereda Campo Alegre","PRESERVED_SPECIMEN","PRESENT","ACCEPTED",,"23243164-c132-444d-a3a4-34662abb8305","cccff716-2694-4209-9f9e-2f7a484465a0","Universidad de Antioquia (UdeA)","HUA","Muñoz E.","Luteyn J.","1989-05-22",1989,5,22,,900,0,,"http://creativecommons.org/publicdomain/zero/1.0/legalcode",
"1261094310","Cavendishia pubescens (Kunth) Hemsl.","Cavendishia pubescens (Kunth) Hemsl.",-6.172222,-78.346389,"WGS84","cdround,gass84,osiic,colmano,inmafu","SOUTH_AMERICA","Peru","PE","Amazonas","Luya",,"Jaipe: Fundo ""El Paraíso"".","PRESERVED_SPECIMEN","PRESENT","ACCEPTED","Tropicos","7bd65a7a-f762-11e1-a439-00145eb45e9a","90fd6680-349f-11d8-aa2d-b8a03c50a862","MO","Tropicos","Camilo Díaz S.|José Campos de la Cruz","J. Luteyn (NY)","1989-05-31",1989,5,31,,1780,,,"http://creativecommons.org/licenses/by/4.0/legalcode","Missouri Botanical Garden"
"3056574438","Cavendishia pubescens (Kunth) Hemsl.","Cavendishia pubescens (Kunth) Hemsl.",-17.098046,-71.84072,"WGS84","cdc,gass84,ambcol","SOUTH_AMERICA","Peru","PE",,,,"Amazonas: Luya Province; Jaipe: Fundo ""El Paraiso""","PRESERVED_SPECIMEN","PRESENT","ACCEPTED",,"a36438d0-bec7-4b7b-9bfa-2c31e7610c39","927f1e70-cf74-11d8-bf68-b8a03c50a862","MIN","Plants","Diaz, C.; J. Campos",,"1989-05-31",1989,5,31,,1780,,"Arbusto, 4 m. Flores rosadas; yemas apicales envueltas en bracteas rosadas.","http://creativecommons.org/publicdomain/zero/1.0/legalcode","Bell Museum, University of Minnesota"
"931009963","Cavendishia pubescens (Kunth) Hemsl.","Cavendishia pubescens (Kunth) Hemsl.",6.0944,-75.50992,"WGS84","rdatm,inmafu","SOUTH_AMERICA","Colombia","CO","Antioquia","Retiro",,"Vía Medellín - El Retiro. 25 - 30 km E de Medellín. carretera de penetración a la altura de Fizebad. sitio Buenos Aires","PRESERVED_SPECIMEN","PRESENT","ACCEPTED",,"23243164-c132-444d-a3a4-34662abb8305","cccff716-2694-4209-9f9e-2f7a484465a0","Universidad de Antioquia (UdeA)","HUA","Estrada P.","Roldán F.","1989",1989,,,,2100,0,,"http://creativecommons.org/publicdomain/zero/1.0/legalcode",
"1228550877","Cavendishia pubescens (Kunth) Hemsl.","Cavendishia pubescens (Kunth) Hemsl.",5.25,-75.5,"WGS84","gass84,ambcol,inmafu","SOUTH_AMERICA","Colombia","CO","Caldas",,,"Caldas","PRESERVED_SPECIMEN","PRESENT","ACCEPTED","seeds-22-sep-2023","90c853e6-56bd-480b-8e8f-6285c3f8d42b","7b8aff00-a9f8-11d8-944b-b8a03c50a862","F","Botany","L. G. Clark & X. Londoño",,"1988-02-27",1988,2,27,,,,,"http://creativecommons.org/publicdomain/zero/1.0/legalcode","The Field Museum of Natural History"
"1898922917","Cavendishia pubescens (Kunth) Hemsl.","Cavendishia pubescens (Kunth) Hemsl.",5.466667,-75.483333,"WGS84","gass84","SOUTH_AMERICA","Colombia","CO","Caldas","Pácora",,"between salamina and Pacora about 8 km before pacora.","PRESERVED_SPECIMEN","PRESENT","ACCEPTED","Datos Depurados/sistematizados por Expedición por la historia - ColombiaBio","18da9e5d-8966-4893-bf70-b3911152d991","eac88d99-9f6c-4031-8fc4-8088f0e0dfe7","Universidad Nacional de Colombia (UNAL)","COL","L. G. Clark|Ximena Londoño","Luteyn","1988-02-27",1988,2,27,,2010,0,,"http://creativecommons.org/licenses/by/4.0/legalcode","Universidad Nacional de Colombia"
"1930812789","Cavendishia pubescens (Kunth) Hemsl.","Cavendishia pubescens (Kunth) Hemsl.",5.475,-75.48,"WGS84","gass84,mdativ","SOUTH_AMERICA","Colombia","CO","Caldas",,,"Mpio. Pacora, between Salamina and Pacora, about 8 km before Pacora.","PRESERVED_SPECIMEN","PRESENT","ACCEPTED","Vascular plants","d415c253-4d61-4459-9d25-4015b9084fb0","ae447c50-b8a8-11d8-92a4-b8a03c50a862","NY","NY","L. G. Clark",,"1988-02-27",1988,2,27,,2010,,,"http://creativecommons.org/publicdomain/zero/1.0/legalcode","The New York Botanical Garden"
"2235774869","Cavendishia pubescens (Kunth) Hemsl.","Cavendishia pubescens (Kunth) Hemsl.",5.475,-75.48,"WGS84","gass84,osiic","SOUTH_AMERICA","Colombia","CO","Caldas",,,"Mpio. Pacora, between Salamina and Pacora, about 8 km before Pacora.","PRESERVED_SPECIMEN","PRESENT","ACCEPTED","NMNH Extant Biology","821cc27a-e3bb-4bc5-ac34-89ada245069d","bc092ff0-02e4-11dc-991f-b8a03c50a862","US","US","L. G. Clark & X. Londoño",,"1988-02-27",1988,2,27,,2010,,,"http://creativecommons.org/publicdomain/zero/1.0/legalcode",
"931010391","Cavendishia pubescens (Kunth) Hemsl.","Cavendishia pubescens (Kunth) Hemsl.",6.75,-76.333333,"WGS84","cdround,inmafu","SOUTH_AMERICA","Colombia","CO","Antioquia","Frontino",,"Corregimiento Nutibara. carretera Nutibara - La Blanquita","PRESERVED_SPECIMEN","PRESENT","ACCEPTED",,"23243164-c132-444d-a3a4-34662abb8305","cccff716-2694-4209-9f9e-2f7a484465a0","Universidad de Antioquia (UdeA)","HUA","Luteyn J.|Sylva D.",,"1988-04-10",1988,4,10,,1790,340,,"http://creativecommons.org/publicdomain/zero/1.0/legalcode",
"1258645367","Cavendishia pubescens (Kunth) Hemsl.","Cavendishia pubescens (Kunth) Hemsl.",6.805652,-76.259272,"WGS84","gass84,iddativ,colmano,inmafu","SOUTH_AMERICA","Colombia","CO","Antioquia","Frontino",,"Correg. Nutibara, region of Murri.","PRESERVED_SPECIMEN","PRESENT","ACCEPTED","Tropicos","e053ff53-c156-4e2e-b9b5-4462e9625424","90fd6680-349f-11d8-aa2d-b8a03c50a862","NY","Tropicos","James L. Luteyn|Stella Sylva","Luteyn, Brittonia 51:","1988-04-10",1988,4,10,,1790,340,,"http://creativecommons.org/licenses/by/4.0/legalcode","Missouri Botanical Garden"
"1898922909","Cavendishia pubescens (Kunth) Hemsl.","Cavendishia pubescens (Kunth) Hemsl.",6.75,-76.333333,"WGS84","gass84","SOUTH_AMERICA","Colombia","CO","Antioquia","Frontino",,"Corregimiento Nutibara, cuenca alta del río Cuevas, carretera a La Blanquita.","PRESERVED_SPECIMEN","PRESENT","ACCEPTED","Datos Depurados/sistematizados por Expedición por la historia - ColombiaBio","18da9e5d-8966-4893-bf70-b3911152d991","eac88d99-9f6c-4031-8fc4-8088f0e0dfe7","Universidad Nacional de Colombia (UNAL)","COL","James L. Luteyn",,"1988-04-06/1988-04-10",1988,4,,"Bosque",1740,390,,"http://creativecommons.org/licenses/by/4.0/legalcode","Universidad Nacional de Colombia"
"1927836371","Cavendishia pubescens (Kunth) Hemsl.","Cavendishia pubescens (Kunth) Hemsl.",6.75,-76.33,"WGS84","gass84,mdativ","SOUTH_AMERICA","Colombia","CO","Antioquia","Frontino Mun.",,"Correg. Nutibara, Nutibara-La Blanquita road, region of Murrí, Alto de Río Cuevas, ca 9-18 km W of Nutibara.","PRESERVED_SPECIMEN","PRESENT","ACCEPTED","Vascular plants","d415c253-4d61-4459-9d25-4015b9084fb0","ae447c50-b8a8-11d8-92a4-b8a03c50a862","NY","NY","J. L. Luteyn",,"1988-04-06/1988-04-10",1988,4,,,,,,"http://creativecommons.org/publicdomain/zero/1.0/legalcode","The New York Botanical Garden"
"4061351525","Cavendishia pubescens (Kunth) Hemsl.","Cavendishia pubescens (Kunth) Hemsl.",6.805652,-76.259272,"WGS84","gass84,iddativ,colmano,inmafu","SOUTH_AMERICA","Colombia","CO","Antioquia","Frontino",,"Correg. Nutibara, region of Murri.","PRESERVED_SPECIMEN","PRESENT","ACCEPTED","Tropicos","e053ff53-c156-4e2e-b9b5-4462e9625424","90fd6680-349f-11d8-aa2d-b8a03c50a862","HUA","Tropicos","James L. Luteyn|Stella Sylva","Luteyn, Brittonia 51:","1988-04-10",1988,4,10,,1790,340,,"http://creativecommons.org/licenses/by/4.0/legalcode","Missouri Botanical Garden"
"931008400","Cavendishia pubescens (Kunth) Hemsl.","Cavendishia pubescens (Kunth) Hemsl.",6.383333,-75.633333,"WGS84","cdround,inmafu","SOUTH_AMERICA","Colombia","CO","Antioquia","Bello",,"Vereda San Félix. 4.2 km from Medellín - San Pedro road along road to communication towers","PRESERVED_SPECIMEN","PRESENT","ACCEPTED",,"23243164-c132-444d-a3a4-34662abb8305","cccff716-2694-4209-9f9e-2f7a484465a0","Universidad de Antioquia (UdeA)","HUA","Zarucchi J.|Correa M.","Luteyn J.","1988-05-08",1988,5,8,,2660,0,,"http://creativecommons.org/publicdomain/zero/1.0/legalcode",
"1261094305","Cavendishia pubescens (Kunth) Hemsl.","Cavendishia pubescens (Kunth) Hemsl.",6.38333,-75.63333,"WGS84","gass84,osiic,colmano,inmafu","SOUTH_AMERICA","Colombia","CO","Antioquia","Bello",,"Vereda San Félix, 4.2 km from Medellín-San Pedro road along road to communication towers. Montane vegetation, disturbed.","PRESERVED_SPECIMEN","PRESENT","ACCEPTED","Tropicos","7bd65a7a-f762-11e1-a439-00145eb45e9a","90fd6680-349f-11d8-aa2d-b8a03c50a862","MO","Tropicos","James L. Zarucchi|M.M. Correa","J.L. Luteyn (NY)","1988-05-08",1988,5,8,,2660,,,"http://creativecommons.org/licenses/by/4.0/legalcode","Missouri Botanical Garden"
"1898890990","Cavendishia pubescens (Kunth) Hemsl.","Cavendishia pubescens (Kunth) Hemsl.",4.35392,-75.66551,"WGS84","","SOUTH_AMERICA","Colombia","CO","Quindío","Pijao",,"Carretera que conduce a la Vrda Pedregales. 2400m.s.n.m.","PRESERVED_SPECIMEN","PRESENT","ACCEPTED","Datos Depurados/sistematizados por Expedición por la historia - ColombiaBio","18da9e5d-8966-4893-bf70-b3911152d991","eac88d99-9f6c-4031-8fc4-8088f0e0dfe7","Universidad Nacional de Colombia (UNAL)","COL","G. Arbeláez S.",,"1988-08-18",1988,8,18,,2400,0,,"http://creativecommons.org/licenses/by/4.0/legalcode","Universidad Nacional de Colombia"
"1934717011","Cavendishia pubescens (Kunth) Hemsl.","Cavendishia pubescens (Kunth) Hemsl.",5.677034,-73.455276,"WGS84","","SOUTH_AMERICA","Colombia","CO","Boyacá","Villa de Leyva",,"Santuario de Flora y Fauna de Iguaque.","PRESERVED_SPECIMEN","PRESENT","ACCEPTED","Datos Depurados/sistematizados por Expedición por la historia - ColombiaBio","18da9e5d-8966-4893-bf70-b3911152d991","eac88d99-9f6c-4031-8fc4-8088f0e0dfe7","Universidad Nacional de Colombia (UNAL)","COL","A. Solorzano","N. R. Salinas","1988-11-09",1988,11,9,,3300,0,,"http://creativecommons.org/licenses/by/4.0/legalcode","Universidad Nacional de Colombia"
"931005008","Cavendishia pubescens (Kunth) Hemsl.","Cavendishia pubescens (Kunth) Hemsl.",5.809214,-75.305903,"WGS84","cdround,inmafu","SOUTH_AMERICA","Colombia","CO","Antioquia","Sonsón",,"Km 18 of road Sonsón - La Unión. km 38 from la Unión at stream crossing","PRESERVED_SPECIMEN","PRESENT","ACCEPTED",,"23243164-c132-444d-a3a4-34662abb8305","cccff716-2694-4209-9f9e-2f7a484465a0","Universidad de Antioquia (UdeA)","HUA","Zarucchi J.|Bedoya N.","Luteyn J.","1987-03-08",1987,3,8,,2170,0,,"http://creativecommons.org/publicdomain/zero/1.0/legalcode",
"931005039","Cavendishia pubescens (Kunth) Hemsl.","Cavendishia pubescens (Kunth) Hemsl.",5.766667,-76.05,"WGS84","cdround,inmafu","SOUTH_AMERICA","Colombia","CO","Antioquia","Betania",,"4.5 km W of Farallones. lower E flank of Farallones de Citará. El Ardedero","PRESERVED_SPECIMEN","PRESENT","ACCEPTED",,"23243164-c132-444d-a3a4-34662abb8305","cccff716-2694-4209-9f9e-2f7a484465a0","Universidad de Antioquia (UdeA)","HUA","Zarucchi J.|Echeverry B.","Luteyn J.","1987-03-15",1987,3,15,,2005,15,,"http://creativecommons.org/publicdomain/zero/1.0/legalcode",
"931005107","Cavendishia pubescens (Kunth) Hemsl.","Cavendishia pubescens (Kunth) Hemsl.",5.957066,-76.056489,"WGS84","inmafu","SOUTH_AMERICA","Colombia","CO","Antioquia","Salgar",,"Near border with Departmento Antioquia. along road Salgar - Hacienda El Dauro. km 1 from hacienda El Dauro","PRESERVED_SPECIMEN","PRESENT","ACCEPTED",,"23243164-c132-444d-a3a4-34662abb8305","cccff716-2694-4209-9f9e-2f7a484465a0","Universidad de Antioquia (UdeA)","HUA","Zarucchi J.|Echeverri B.","Luteyn J.","1987-03-13",1987,3,13,,2260,0,,"http://creativecommons.org/publicdomain/zero/1.0/legalcode",
"1261094133","Cavendishia pubescens (Kunth) Hemsl.","Cavendishia pubescens (Kunth) Hemsl.",5.98333,-76.18333,"WGS84","gass84,osiic,colmano,inmafu","SOUTH_AMERICA","Colombia","CO","Chocó",,,"near border with Dpto. Antioquia, along road Salgar-Hacienda El Dauro, 1 km from Hacienda El Dauro. Vegetation bordering small stream.","PRESERVED_SPECIMEN","PRESENT","ACCEPTED","Tropicos","7bd65a7a-f762-11e1-a439-00145eb45e9a","90fd6680-349f-11d8-aa2d-b8a03c50a862","MO","Tropicos","James L. Zarucchi|Beatriz E. Echeverry C.","J. Luteyn (NY)","1987-03-13",1987,3,13,,2260,,,"http://creativecommons.org/licenses/by/4.0/legalcode","Missouri Botanical Garden"
"1261094524","Cavendishia pubescens (Kunth) Hemsl.","Cavendishia pubescens (Kunth) Hemsl.",5.76666,-76.05,"WGS84","gass84,osiic,colmano,inmafu","SOUTH_AMERICA","Colombia","CO","Antioquia","Bolivar",,"Mpio. de Bolívar; 4.5 km W of Farallones, lower eastern flanks of Farallones de Citará, El Ardedero. Steep forested slopes.","PRESERVED_SPECIMEN","PRESENT","ACCEPTED","Tropicos","7bd65a7a-f762-11e1-a439-00145eb45e9a","90fd6680-349f-11d8-aa2d-b8a03c50a862","MO","Tropicos","James L. Zarucchi|Beatriz E. Echeverry C.","J. Luteyn (NY)","1987-03-15",1987,3,15,,2005,15,,"http://creativecommons.org/licenses/by/4.0/legalcode","Missouri Botanical Garden"
"1261095265","Cavendishia pubescens (Kunth) Hemsl.","Cavendishia pubescens (Kunth) Hemsl.",5.81666,-75.28333,"WGS84","gass84,osiic,colmano,inmafu","SOUTH_AMERICA","Colombia","CO","Antioquia",,,"Mpio. de Sonsón; Km 18 of road Sonsón-La Unión (38 km from La Unión) at stream crossing. Disturbed vegetation near road and along stream.","PRESERVED_SPECIMEN","PRESENT","ACCEPTED","Tropicos","7bd65a7a-f762-11e1-a439-00145eb45e9a","90fd6680-349f-11d8-aa2d-b8a03c50a862","MO","Tropicos","James L. Zarucchi|Nohelia Bedoya","J. Luteyn (NY)","1987-03-08",1987,3,8,,2170,,,"http://creativecommons.org/licenses/by/4.0/legalcode","Missouri Botanical Garden"
"1898878805","Cavendishia pubescens (Kunth) Hemsl.","Cavendishia pubescens (Kunth) Hemsl.",5.983333,-76.183334,"WGS84","gass84","SOUTH_AMERICA","Colombia","CO","Chocó",,,"Near border with dpto Antioquia, along road Salgar-Hacienda El Dauro, 1 Km from Hacienda El Dauro.","PRESERVED_SPECIMEN","PRESENT","ACCEPTED","Datos Depurados/sistematizados por Expedición por la historia - ColombiaBio","18da9e5d-8966-4893-bf70-b3911152d991","eac88d99-9f6c-4031-8fc4-8088f0e0dfe7","Universidad Nacional de Colombia (UNAL)","COL","James L. Zarucchi","L. Luteyn","1987-03-13",1987,3,13,,2260,0,,"http://creativecommons.org/licenses/by/4.0/legalcode","Universidad Nacional de Colombia"
"1898922913","Cavendishia pubescens (Kunth) Hemsl.","Cavendishia pubescens (Kunth) Hemsl.",5.816667,-75.3,"WGS84","cdround","SOUTH_AMERICA","Colombia","CO","Antioquia","Sonsón",,"Km 18 of road Sonson-La Union (38 Km from La Union) at stream crossing.","PRESERVED_SPECIMEN","PRESENT","ACCEPTED","Datos Depurados/sistematizados por Expedición por la historia - ColombiaBio","18da9e5d-8966-4893-bf70-b3911152d991","eac88d99-9f6c-4031-8fc4-8088f0e0dfe7","Universidad Nacional de Colombia (UNAL)","COL","James L. Zarucchi","L. Luteyn","1987-03-08",1987,3,8,"Zonas alteradas",2155,15,,"http://creativecommons.org/licenses/by/4.0/legalcode","Universidad Nacional de Colombia"
"1928857488","Cavendishia pubescens (Kunth) Hemsl.","Cavendishia pubescens (Kunth) Hemsl.",5.82,-75.28,"WGS84","gass84,mdativ","SOUTH_AMERICA","Colombia","CO","Antioquia","Sonsón Mun.",,"Km 18 of road Sonsón-La Unión (38 km from La Unión) at stream crossing.","PRESERVED_SPECIMEN","PRESENT","ACCEPTED","Vascular plants","d415c253-4d61-4459-9d25-4015b9084fb0","ae447c50-b8a8-11d8-92a4-b8a03c50a862","NY","NY","J. L. Zarucchi",,"1987-03-08",1987,3,8,,2170,,,"http://creativecommons.org/publicdomain/zero/1.0/legalcode","The New York Botanical Garden"
"1930801063","Cavendishia pubescens (Kunth) Hemsl.","Cavendishia pubescens (Kunth) Hemsl.",5.98,-76.18,"WGS84","gass84,mdativ","SOUTH_AMERICA","Colombia","CO","Chocó",,,"Near border with Dpto. Antioquia, along road Salgar-Hacienda El Dauro, 1 km from Hacienda El Dauro.","PRESERVED_SPECIMEN","PRESENT","ACCEPTED","Vascular plants","d415c253-4d61-4459-9d25-4015b9084fb0","ae447c50-b8a8-11d8-92a4-b8a03c50a862","NY","NY","J. L. Zarucchi",,"1987-03-13",1987,3,13,,2260,,,"http://creativecommons.org/publicdomain/zero/1.0/legalcode","The New York Botanical Garden"
"1931352193","Cavendishia pubescens (Kunth) Hemsl.","Cavendishia pubescens (Kunth) Hemsl.",5.77,-76.05,"WGS84","gass84,mdativ","SOUTH_AMERICA","Colombia","CO","Antioquia","Bolívar Mun.",,"4.5 km W of Farallones, lower eastern flanks of Farallones de Citará, El Ardedero.","PRESERVED_SPECIMEN","PRESENT","ACCEPTED","Vascular plants","d415c253-4d61-4459-9d25-4015b9084fb0","ae447c50-b8a8-11d8-92a4-b8a03c50a862","NY","NY","J. L. Zarucchi",,"1987-03-15",1987,3,15,,2005,15,,"http://creativecommons.org/publicdomain/zero/1.0/legalcode","The New York Botanical Garden"
"2235847679","Cavendishia pubescens (Kunth) Hemsl.","Cavendishia pubescens (Kunth) Hemsl.",5.98,-76.18,"WGS84","gass84,osiic","SOUTH_AMERICA","Colombia","CO","Chocó",,,"Near border with Dpto. Antioquia, along road Salgar-Hacienda El Dauro, 1 km from Hacienda El Dauro.","PRESERVED_SPECIMEN","PRESENT","ACCEPTED","NMNH Extant Biology","821cc27a-e3bb-4bc5-ac34-89ada245069d","bc092ff0-02e4-11dc-991f-b8a03c50a862","US","US","J. L. Zarucchi",,"1987-03-13",1987,3,13,,2260,,,"http://creativecommons.org/publicdomain/zero/1.0/legalcode",
"931004249","Cavendishia pubescens (Kunth) Hemsl.","Cavendishia pubescens (Kunth) Hemsl.",6.07962,-75.59713,"WGS84","inmafu","SOUTH_AMERICA","Colombia","CO","Antioquia","Caldas",,"Vereda La Corrala. alto El Gallinazo","PRESERVED_SPECIMEN","PRESENT","ACCEPTED",,"23243164-c132-444d-a3a4-34662abb8305","cccff716-2694-4209-9f9e-2f7a484465a0","Universidad de Antioquia (UdeA)","HUA","Albert L.|Velásquez P.|Marulanda O.","Luteyn J.","1987-04-27",1987,4,27,,2440,0,,"http://creativecommons.org/publicdomain/zero/1.0/legalcode",
"931007643","Cavendishia pubescens (Kunth) Hemsl.","Cavendishia pubescens (Kunth) Hemsl.",5.666667,-75.25,"WGS84","cdround,inmafu","SOUTH_AMERICA","Colombia","CO","Antioquia","Nariño",,"Carretera La Unión - Sonsón","PRESERVED_SPECIMEN","PRESENT","ACCEPTED",,"23243164-c132-444d-a3a4-34662abb8305","cccff716-2694-4209-9f9e-2f7a484465a0","Universidad de Antioquia (UdeA)","HUA","Zarucchi J.|Betancur J.|Roldán F.","Luteyn J.","1987-04-02",1987,4,2,,2360,0,,"http://creativecommons.org/publicdomain/zero/1.0/legalcode",
"2013822980","Cavendishia pubescens (Kunth) Hemsl.","Cavendishia pubescens (Kunth) Hemsl.",6.0672,-75.59817,"WGS84","","SOUTH_AMERICA","Colombia","CO","Antioquia","Caldas",,"Vereda La Corrala, finca La Zarza, Alto del Gallinazo.","PRESERVED_SPECIMEN","PRESENT","ACCEPTED","Datos Depurados/sistematizados por Expedición por la historia - ColombiaBio","18da9e5d-8966-4893-bf70-b3911152d991","eac88d99-9f6c-4031-8fc4-8088f0e0dfe7","Universidad Nacional de Colombia (UNAL)","COL","Linda Albert de Escobar","L. Luteyn","1987-04-27",1987,4,27,"Bosque húmedo",2610,0,,"http://creativecommons.org/licenses/by/4.0/legalcode","Universidad Nacional de Colombia"
"931007129","Cavendishia pubescens (Kunth) Hemsl.","Cavendishia pubescens (Kunth) Hemsl.",6.483333,-76.116667,"WGS84","cdround,inmafu","SOUTH_AMERICA","Colombia","CO","Antioquia","Urrao",,"Páramo de Frontino","PRESERVED_SPECIMEN","PRESENT","ACCEPTED",,"23243164-c132-444d-a3a4-34662abb8305","cccff716-2694-4209-9f9e-2f7a484465a0","Universidad de Antioquia (UdeA)","HUA","Estrada L.|Trejos A.|Carmona G.","Luteyn J.","1987-05-16",1987,5,16,,2570,320,,"http://creativecommons.org/publicdomain/zero/1.0/legalcode",
"1927919042","Cavendishia pubescens (Kunth) Hemsl.","Cavendishia pubescens (Kunth) Hemsl.",6.13,-75.47,"WGS84","gass84,mdativ","SOUTH_AMERICA","Colombia","CO","Antioquia","Medellín Mun.",,"Correg. Santa Elena, 23 km SE of Medellín on Medellín-Río Negro road.","PRESERVED_SPECIMEN","PRESENT","ACCEPTED","Vascular plants","d415c253-4d61-4459-9d25-4015b9084fb0","ae447c50-b8a8-11d8-92a4-b8a03c50a862","NY","NY","D. C. Daly",,"1987-08-08",1987,8,8,,2500,,,"http://creativecommons.org/publicdomain/zero/1.0/legalcode","The New York Botanical Garden"
"931006534","Cavendishia pubescens (Kunth) Hemsl.","Cavendishia pubescens (Kunth) Hemsl.",6.316667,-75.683333,"WGS84","cdround,inmafu","SOUTH_AMERICA","Colombia","CO","Antioquia","Medellín",,"Cerro del Padre Amaya. carretera Medellín - Santafé de Antioquia","PRESERVED_SPECIMEN","PRESENT","ACCEPTED",,"23243164-c132-444d-a3a4-34662abb8305","cccff716-2694-4209-9f9e-2f7a484465a0","Universidad de Antioquia (UdeA)","HUA","Zarucchi J.|Brant A.","Luteyn J.","1987-09-15",1987,9,15,,2560,0,,"http://creativecommons.org/publicdomain/zero/1.0/legalcode",
"1261094128","Cavendishia pubescens (Kunth) Hemsl.","Cavendishia pubescens (Kunth) Hemsl.",6.266667,-75.683333,"WGS84","cdround,gass84,osiic,colmano,inmafu","SOUTH_AMERICA","Colombia","CO","Antioquia","Medellín",,"Along road to Cerro del Padre Amaya, 10 km from Medellín-Santa Fé de Antioquia road.","PRESERVED_SPECIMEN","PRESENT","ACCEPTED","Tropicos","7bd65a7a-f762-11e1-a439-00145eb45e9a","90fd6680-349f-11d8-aa2d-b8a03c50a862","MO","Tropicos","James L. Zarucchi|Alan E. Brant","J.L. Luteyn (NY)","1987-09-15",1987,9,15,,2970,,,"http://creativecommons.org/licenses/by/4.0/legalcode","Missouri Botanical Garden"
"1898922922","Cavendishia pubescens (Kunth) Hemsl.","Cavendishia pubescens (Kunth) Hemsl.",6.266667,-75.683333,"WGS84","gass84","SOUTH_AMERICA","Colombia","CO","Antioquia","Medellín",,"Along road to cerro del parque amaya, 10 km from medellín-santa fe de Antioquia road.","PRESERVED_SPECIMEN","PRESENT","ACCEPTED","Datos Depurados/sistematizados por Expedición por la historia - ColombiaBio","18da9e5d-8966-4893-bf70-b3911152d991","eac88d99-9f6c-4031-8fc4-8088f0e0dfe7","Universidad Nacional de Colombia (UNAL)","COL","James L. Zarucchi|Alan E. Brant","Luteyn","1987-09-15",1987,9,15,"Subpáramo",2970,0,,"http://creativecommons.org/licenses/by/4.0/legalcode","Universidad Nacional de Colombia"
"1929555920","Cavendishia pubescens (Kunth) Hemsl.","Cavendishia pubescens (Kunth) Hemsl.",6.27,-75.68,"WGS84","gass84,mdativ","SOUTH_AMERICA","Colombia","CO","Antioquia","Medellín Mun.",,"Along road to Cerro del Padre Amaya, 10 km from Medellín-Santa Fé de Antioquia road.","PRESERVED_SPECIMEN","PRESENT","ACCEPTED","Vascular plants","d415c253-4d61-4459-9d25-4015b9084fb0","ae447c50-b8a8-11d8-92a4-b8a03c50a862","NY","NY","J. L. Zarucchi",,"1987-09-13",1987,9,13,,2970,,,"http://creativecommons.org/publicdomain/zero/1.0/legalcode","The New York Botanical Garden"
"1228406913","Cavendishia pubescens (Kunth) Hemsl.","Cavendishia pubescens (Kunth) Hemsl.",-9.1839,-74.14,"WGS84","gass84,ambcol,inmafu","SOUTH_AMERICA","Peru","PE",,,,"Perú","PRESERVED_SPECIMEN","PRESENT","ACCEPTED","seeds-22-sep-2023","90c853e6-56bd-480b-8e8f-6285c3f8d42b","7b8aff00-a9f8-11d8-944b-b8a03c50a862","F","Botany","L. van der Hoogte & C. Roesch",,"1987-11-12",1987,11,12,,,,,"http://creativecommons.org/publicdomain/zero/1.0/legalcode","The Field Museum of Natural History"
"1228492647","Cavendishia pubescens (Kunth) Hemsl.","Cavendishia pubescens (Kunth) Hemsl.",-9.1839,-74.14,"WGS84","gass84,ambcol,inmafu","SOUTH_AMERICA","Peru","PE",,,,"Perú","PRESERVED_SPECIMEN","PRESENT","ACCEPTED","seeds-22-sep-2023","90c853e6-56bd-480b-8e8f-6285c3f8d42b","7b8aff00-a9f8-11d8-944b-b8a03c50a862","F","Botany","L. van der Hoogte & C. Roesch",,"1987-11-11",1987,11,11,,,,,"http://creativecommons.org/publicdomain/zero/1.0/legalcode","The Field Museum of Natural History"
"1931194715","Cavendishia pubescens (Kunth) Hemsl.","Cavendishia pubescens (Kunth) Hemsl.",-16.398751,-67.738226,"WGS84","mdativ","SOUTH_AMERICA","Bolivia (Plurinational State of)","BO","La Paz","Sud Yungas Prov.",,"Yanacachi Zona cerca al pueblo, al borde del camino.","PRESERVED_SPECIMEN","PRESENT","ACCEPTED","Vascular plants","d415c253-4d61-4459-9d25-4015b9084fb0","ae447c50-b8a8-11d8-92a4-b8a03c50a862","NY","NY","Collector unspecified",,"1987-11-27",1987,11,27,,,,,"http://creativecommons.org/publicdomain/zero/1.0/legalcode","The New York Botanical Garden"
"931005603","Cavendishia pubescens (Kunth) Hemsl.","Cavendishia pubescens (Kunth) Hemsl.",6.32254,-75.14393,"WGS84","inmafu","SOUTH_AMERICA","Colombia","CO","Antioquia","Guatapé",,"Vereda Santa Rita","PRESERVED_SPECIMEN","PRESENT","ACCEPTED",,"23243164-c132-444d-a3a4-34662abb8305","cccff716-2694-4209-9f9e-2f7a484465a0","Universidad de Antioquia (UdeA)","HUA","Albert L.|Velásquez P.","Luteyn J.","1987-12-17",1987,12,17,,1850,0,,"http://creativecommons.org/publicdomain/zero/1.0/legalcode",
"931003193","Cavendishia pubescens (Kunth) Hemsl.","Cavendishia pubescens (Kunth) Hemsl.",6.25,-75.166667,"WGS84","cdround,inmafu","SOUTH_AMERICA","Colombia","CO","Antioquia","Guatapé",,"Vereda Santa Rita. finca Montepinar","PRESERVED_SPECIMEN","PRESENT","ACCEPTED",,"23243164-c132-444d-a3a4-34662abb8305","cccff716-2694-4209-9f9e-2f7a484465a0","Universidad de Antioquia (UdeA)","HUA","Albert L.|Uribe A.|Vallejo J.|Roldán F.","Luteyn J.","1986-02-27",1986,2,27,,1850,0,,"http://creativecommons.org/publicdomain/zero/1.0/legalcode",
"931006584","Cavendishia pubescens (Kunth) Hemsl.","Cavendishia pubescens (Kunth) Hemsl.",4.346279,-75.648384,"WGS84","cdround,inmafu","SOUTH_AMERICA","Colombia","CO","Quindío","Pijao",,"Río Lejos. margen izquierda. finca La Playa","PRESERVED_SPECIMEN","PRESENT","ACCEPTED",,"23243164-c132-444d-a3a4-34662abb8305","cccff716-2694-4209-9f9e-2f7a484465a0","Universidad de Antioquia (UdeA)","HUA","Arbeláez G.|Vélez C.","Luteyn J.","1986-04-23",1986,4,23,,2120,0,,"http://creativecommons.org/publicdomain/zero/1.0/legalcode",
"931003257","Cavendishia pubescens (Kunth) Hemsl.","Cavendishia pubescens (Kunth) Hemsl.",6.07981,-75.60762,"WGS84","inmafu","SOUTH_AMERICA","Colombia","CO","Antioquia","Caldas",,"Vereda La Corrala. camino entre la finca La Zarza y el alto El Gallinazo","PRESERVED_SPECIMEN","PRESENT","ACCEPTED",,"23243164-c132-444d-a3a4-34662abb8305","cccff716-2694-4209-9f9e-2f7a484465a0","Universidad de Antioquia (UdeA)","HUA","Albert L.|Giraldo R.","Luteyn J.","1986-05-19",1986,5,19,,2440,0,,"http://creativecommons.org/publicdomain/zero/1.0/legalcode",
"931004048","Cavendishia pubescens (Kunth) Hemsl.","Cavendishia pubescens (Kunth) Hemsl.",6.393315,-76.065295,"WGS84","cdround,inmafu","SOUTH_AMERICA","Colombia","CO","Antioquia","Urrao",,"Carretera que conduce a Caicedo. 10 km más adelante del Chuscal","PRESERVED_SPECIMEN","PRESENT","ACCEPTED",,"23243164-c132-444d-a3a4-34662abb8305","cccff716-2694-4209-9f9e-2f7a484465a0","Universidad de Antioquia (UdeA)","HUA","Betancur J.|Pohl R.","Luteyn J.","1986-09-09",1986,9,9,,2640,0,,"http://creativecommons.org/publicdomain/zero/1.0/legalcode",
"931002348","Cavendishia pubescens (Kunth) Hemsl.","Cavendishia pubescens (Kunth) Hemsl.",6.08048,-75.61751,"WGS84","inmafu","SOUTH_AMERICA","Colombia","CO","Antioquia","Caldas",,"Vereda La Corrala. finca La Zarza","PRESERVED_SPECIMEN","PRESENT","ACCEPTED",,"23243164-c132-444d-a3a4-34662abb8305","cccff716-2694-4209-9f9e-2f7a484465a0","Universidad de Antioquia (UdeA)","HUA","Betancur A.|Restrepo R.","Luteyn J.","1985-03-30",1985,3,30,,1890,0,,"http://creativecommons.org/publicdomain/zero/1.0/legalcode",
"931002389","Cavendishia pubescens (Kunth) Hemsl.","Cavendishia pubescens (Kunth) Hemsl.",6.08048,-75.61751,"WGS84","inmafu","SOUTH_AMERICA","Colombia","CO","Antioquia","Caldas",,"Vereda La Corrala. finca La Zarza","PRESERVED_SPECIMEN","PRESENT","ACCEPTED",,"23243164-c132-444d-a3a4-34662abb8305","cccff716-2694-4209-9f9e-2f7a484465a0","Universidad de Antioquia (UdeA)","HUA","Saldarriaga B.|Arcila J.","Luteyn J.","1985-03-30",1985,3,30,,2440,0,,"http://creativecommons.org/publicdomain/zero/1.0/legalcode",
"931002409","Cavendishia pubescens (Kunth) Hemsl.","Cavendishia pubescens (Kunth) Hemsl.",6.052403,-75.608019,"WGS84","inmafu","SOUTH_AMERICA","Colombia","CO","Antioquia","Caldas",,"Vereda La Corrala","PRESERVED_SPECIMEN","PRESENT","ACCEPTED",,"23243164-c132-444d-a3a4-34662abb8305","cccff716-2694-4209-9f9e-2f7a484465a0","Universidad de Antioquia (UdeA)","HUA","Quiróz J.|Marulanda O.|Atehortúa L.","Luteyn J.","1985-03-30",1985,3,30,,225,0,,"http://creativecommons.org/publicdomain/zero/1.0/legalcode",
"931002574","Cavendishia pubescens (Kunth) Hemsl.","Cavendishia pubescens (Kunth) Hemsl.",6.348578,-75.686311,"WGS84","cdround,inmafu","SOUTH_AMERICA","Colombia","CO","Antioquia","Medellín",,"Alto de Palmitas","PRESERVED_SPECIMEN","PRESENT","ACCEPTED",,"23243164-c132-444d-a3a4-34662abb8305","cccff716-2694-4209-9f9e-2f7a484465a0","Universidad de Antioquia (UdeA)","HUA","Palacio M.|Arcila J.|Roldán F.|Betancurt A.","Luteyn J.","1985-04-20",1985,4,20,,1650,0,,"http://creativecommons.org/publicdomain/zero/1.0/legalcode",
"1261093667","Cavendishia pubescens (Kunth) Hemsl.","Cavendishia pubescens (Kunth) Hemsl.",9.3,-79.266667,"WGS84","cdround,gass84,osiic,colmano,inmafu","NORTH_AMERICA","Panama","PA","San Blas",,,"Cerro Brewster.","PRESERVED_SPECIMEN","PRESENT","ACCEPTED","Tropicos","7bd65a7a-f762-11e1-a439-00145eb45e9a","90fd6680-349f-11d8-aa2d-b8a03c50a862","MO","Tropicos","Greg C. de Nevers|Barry E. Hammel|Susan Charnley|Heraclio Herrera","J.L. Luteyn 1986 (NY)","1985-04-21",1985,4,21,,850,,,"http://creativecommons.org/licenses/by/4.0/legalcode","Missouri Botanical Garden"
"1261095956","Cavendishia pubescens (Kunth) Hemsl.","Cavendishia pubescens (Kunth) Hemsl.",-16.26666,-67.78333,"WGS84","gass84,osiic,colmano,inmafu","SOUTH_AMERICA","Bolivia (Plurinational State of)","BO","La Paz","Nor Yungas",,"16.3 km NE (below) Chuspipata on road to Yolosa. Moist Forest.","PRESERVED_SPECIMEN","PRESENT","ACCEPTED","Tropicos","7bd65a7a-f762-11e1-a439-00145eb45e9a","90fd6680-349f-11d8-aa2d-b8a03c50a862","MO","Tropicos","James C. Solomon","Luteyn","1985-06-08",1985,6,8,,1800,,,"http://creativecommons.org/licenses/by/4.0/legalcode","Missouri Botanical Garden"
"1931109022","Cavendishia pubescens (Kunth) Hemsl.","Cavendishia pubescens (Kunth) Hemsl.",-16.27,-67.78,"WGS84","gass84,mdativ","SOUTH_AMERICA","Bolivia (Plurinational State of)","BO","La Paz","Nor Yungas Prov.",,"16.3 km NE (below) Chuspipata on road to Yolosa.","PRESERVED_SPECIMEN","PRESENT","ACCEPTED","Vascular plants","d415c253-4d61-4459-9d25-4015b9084fb0","ae447c50-b8a8-11d8-92a4-b8a03c50a862","NY","NY","J. C. Solomon",,"1985-06-08",1985,6,8,,1800,,,"http://creativecommons.org/publicdomain/zero/1.0/legalcode","The New York Botanical Garden"
"2517410620","Cavendishia pubescens (Kunth) Hemsl.","Cavendishia pubescens (Kunth) Hemsl.",-16.26667,-67.78333,"WGS84","","SOUTH_AMERICA","Bolivia (Plurinational State of)","BO",,,,"Dpto. LA PAZ: Prov. Nor Yungas, 16.3 km NE (below) Chuspipata on road to Yolosa. Moist Forest.","PRESERVED_SPECIMEN","PRESENT","ACCEPTED",,"15f819bd-6612-4447-854b-14d12ee1022d","396d5f30-dea9-11db-8ab4-b8a03c50a862",,"Botany","Solomon JC",,"1985-06-08",1985,6,8,,,,,"http://creativecommons.org/publicdomain/zero/1.0/legalcode","Naturalis Biodiversity Center"
"1261097105","Cavendishia pubescens (Kunth) Hemsl.","Cavendishia pubescens (Kunth) Hemsl.",9.333333,-79.25,"WGS84","cdround,gass84,osiic,colmano,inmafu","NORTH_AMERICA","Panama","PA","Panamá",,,"Cerro Brewster, on San Blas border. Summit.","PRESERVED_SPECIMEN","PRESENT","ACCEPTED","Tropicos","7bd65a7a-f762-11e1-a439-00145eb45e9a","90fd6680-349f-11d8-aa2d-b8a03c50a862","MO","Tropicos","Gordon McPherson","J.L. Luteyn","1985-11-20",1985,11,20,,825,25,,"http://creativecommons.org/licenses/by/4.0/legalcode","Missouri Botanical Garden"
"1261097108","Cavendishia pubescens (Kunth) Hemsl.","Cavendishia pubescens (Kunth) Hemsl.",9.333333,-79.25,"WGS84","cdround,gass84,osiic,colmano,inmafu","NORTH_AMERICA","Panama","PA","Panamá",,,"Cerro Brewster, on San Blas border. Summit.","PRESERVED_SPECIMEN","PRESENT","ACCEPTED","Tropicos","7bd65a7a-f762-11e1-a439-00145eb45e9a","90fd6680-349f-11d8-aa2d-b8a03c50a862","MO","Tropicos","Gordon McPherson","J.L. Luteyn","1985-11-20",1985,11,20,,825,25,,"http://creativecommons.org/licenses/by/4.0/legalcode","Missouri Botanical Garden"
"1928667993","Cavendishia pubescens (Kunth) Hemsl.","Cavendishia pubescens (Kunth) Hemsl.",9.33,-79.25,"WGS84","gass84,mdativ","NORTH_AMERICA","Panama","PA","Panamá",,,"Cerro Brewster, on San Blas border.","PRESERVED_SPECIMEN","PRESENT","ACCEPTED","Vascular plants","d415c253-4d61-4459-9d25-4015b9084fb0","ae447c50-b8a8-11d8-92a4-b8a03c50a862","NY","NY","G. D. McPherson",,"1985-11-20",1985,11,20,,825,25,,"http://creativecommons.org/publicdomain/zero/1.0/legalcode","The New York Botanical Garden"
"931002398","Cavendishia pubescens (Kunth) Hemsl.","Cavendishia pubescens (Kunth) Hemsl.",6.29602,-75.4991,"WGS84","inmafu","SOUTH_AMERICA","Colombia","CO","Antioquia","Guarne",,"Vereda Piedras Blancas. cerca de la represa Piedras Blancas","PRESERVED_SPECIMEN","PRESENT","ACCEPTED",,"23243164-c132-444d-a3a4-34662abb8305","cccff716-2694-4209-9f9e-2f7a484465a0","Universidad de Antioquia (UdeA)","HUA","Roldán F.|Brand J.|Curso Taxonomía de Plantas Vasculares.",,"1984-02-11",1984,2,11,,2290,0,,"http://creativecommons.org/publicdomain/zero/1.0/legalcode",
"931002496","Cavendishia pubescens (Kunth) Hemsl.","Cavendishia pubescens (Kunth) Hemsl.",6.532383,-75.901473,"WGS84","cdround,inmafu","SOUTH_AMERICA","Colombia","CO","Antioquia","Santa Fé de Antioquia",,,"PRESERVED_SPECIMEN","PRESENT","ACCEPTED",,"23243164-c132-444d-a3a4-34662abb8305","cccff716-2694-4209-9f9e-2f7a484465a0","Universidad de Antioquia (UdeA)","HUA","Palacio M.|Ariza C.",,"1984-02-25",1984,2,25,,800,0,,"http://creativecommons.org/publicdomain/zero/1.0/legalcode",
"1929194372","Cavendishia pubescens (Kunth) Hemsl.","Cavendishia pubescens (Kunth) Hemsl.",6.25,-75.5,"WGS84","gass84,mdativ","SOUTH_AMERICA","Colombia","CO","Antioquia","Guarne Mun.",,"Vereda Piedra Blancas, alrededores della represa Piedras Blancas.","PRESERVED_SPECIMEN","PRESENT","ACCEPTED","Vascular plants","d415c253-4d61-4459-9d25-4015b9084fb0","ae447c50-b8a8-11d8-92a4-b8a03c50a862","NY","NY","F. Roldán",,"1984-02-11",1984,2,11,,2290,,,"http://creativecommons.org/publicdomain/zero/1.0/legalcode","The New York Botanical Garden"
"1261097013","Cavendishia pubescens (Kunth) Hemsl.","Cavendishia pubescens (Kunth) Hemsl.",-16.21666,-67.78333,"WGS84","gass84,osiic,colmano,inmafu","SOUTH_AMERICA","Bolivia (Plurinational State of)","BO","La Paz","Nor Yungas",,"10 km SW (above) of Yolosa on road to Chuspipata. Roadside.","PRESERVED_SPECIMEN","PRESENT","ACCEPTED","Tropicos","7bd65a7a-f762-11e1-a439-00145eb45e9a","90fd6680-349f-11d8-aa2d-b8a03c50a862","MO","Tropicos","James C. Solomon|Bruce A. Stein","J. Luteyn","1984-03-10",1984,3,10,,1700,,,"http://creativecommons.org/licenses/by/4.0/legalcode","Missouri Botanical Garden"
"1928398327","Cavendishia pubescens (Kunth) Hemsl.","Cavendishia pubescens (Kunth) Hemsl.",-16.22,-67.78,"WGS84","gass84,mdativ","SOUTH_AMERICA","Bolivia (Plurinational State of)","BO","La Paz","Nor Yungas Prov.",,"10 km SW (above) of Yolosa on road to Chuspipata. Roadside.","PRESERVED_SPECIMEN","PRESENT","ACCEPTED","Vascular plants","d415c253-4d61-4459-9d25-4015b9084fb0","ae447c50-b8a8-11d8-92a4-b8a03c50a862","NY","NY","J. Solomon",,"1984-03-10",1984,3,10,,1700,,,"http://creativecommons.org/publicdomain/zero/1.0/legalcode","The New York Botanical Garden"
"1228542244","Cavendishia pubescens (Kunth) Hemsl.","Cavendishia pubescens (Kunth) Hemsl.",7.0758,-65.9119,"WGS84","gass84,ambcol,inmafu","SOUTH_AMERICA","Venezuela (Bolivarian Republic of)","VE",,,,"Venezuela","PRESERVED_SPECIMEN","PRESENT","ACCEPTED","seeds-22-sep-2023","90c853e6-56bd-480b-8e8f-6285c3f8d42b","7b8aff00-a9f8-11d8-944b-b8a03c50a862","F","Botany","A. H. Gentry & B. A. Stein",,"1984-04-13",1984,4,13,,,,,"http://creativecommons.org/publicdomain/zero/1.0/legalcode","The Field Museum of Natural History"
"1261096237","Cavendishia pubescens (Kunth) Hemsl.","Cavendishia pubescens (Kunth) Hemsl.",0.8,-66.16666,"WGS84","gass84,osiic,colmano,inmafu","SOUTH_AMERICA","Venezuela (Bolivarian Republic of)","VE","Amazonas",,,"Cerro Neblina S face of Pico Phelps massif. Bromeliad zone on steep cliffs.","PRESERVED_SPECIMEN","PRESENT","ACCEPTED","Tropicos","7bd65a7a-f762-11e1-a439-00145eb45e9a","90fd6680-349f-11d8-aa2d-b8a03c50a862","MO","Tropicos","Alwyn H. Gentry|Bruce A. Stein","J. Luteyn","1984-04-13",1984,4,13,,1600,50,,"http://creativecommons.org/licenses/by/4.0/legalcode","Missouri Botanical Garden"
"1261097947","Cavendishia pubescens (Kunth) Hemsl.","Cavendishia pubescens (Kunth) Hemsl.",0.78333,-66.18333,"WGS84","gass84,osiic,colmano,inmafu","SOUTH_AMERICA","Venezuela (Bolivarian Republic of)","VE","Amazonas",,,"Cerro de la Neblina, 6.5 km SSW of base camp, southern extension of range. Elev. 1600 m. 0º47'N, 66º11'W. Dense rain forest with Euterpe palms, Clusia and Cyclanthaceae.","PRESERVED_SPECIMEN","PRESENT","ACCEPTED","Tropicos","7bd65a7a-f762-11e1-a439-00145eb45e9a","90fd6680-349f-11d8-aa2d-b8a03c50a862","MO","Tropicos","Bruce A. Stein|al.","James L. Luteyn","1984-04-18",1984,4,18,,1600,,,"http://creativecommons.org/licenses/by/4.0/legalcode","Missouri Botanical Garden"
"1456268563","Cavendishia pubescens (Kunth) Hemsl.","Cavendishia pubescens (Kunth) Hemsl.",0.8,-66,"WGS84","gass84,osiic","SOUTH_AMERICA","Venezuela (Bolivarian Republic of)","VE","Amazonas","Río Negro",,"Cerro de La Neblina, S face of Pico Phelps","PRESERVED_SPECIMEN","PRESENT","ACCEPTED","NMNH Extant Biology","821cc27a-e3bb-4bc5-ac34-89ada245069d","bc092ff0-02e4-11dc-991f-b8a03c50a862","US","US","A. H. Gentry & B. Stein","Luteyn, J. L.","1984-04-13",1984,4,13,"Bromeliad zone on steep cliffs",1600,50,,"http://creativecommons.org/publicdomain/zero/1.0/legalcode",
"1929800729","Cavendishia pubescens (Kunth) Hemsl.","Cavendishia pubescens (Kunth) Hemsl.",0.8,-66,"WGS84","gass84,mdativ","SOUTH_AMERICA","Venezuela (Bolivarian Republic of)","VE","Amazonas",,,"Cerro Neblina south face of Pico Phelps massif.","PRESERVED_SPECIMEN","PRESENT","ACCEPTED","Vascular plants","d415c253-4d61-4459-9d25-4015b9084fb0","ae447c50-b8a8-11d8-92a4-b8a03c50a862","NY","NY","A. H. Gentry",,"1984-04-13",1984,4,13,,1600,50,,"http://creativecommons.org/publicdomain/zero/1.0/legalcode","The New York Botanical Garden"
"1931290807","Cavendishia pubescens (Kunth) Hemsl.","Cavendishia pubescens (Kunth) Hemsl.",0.78,-66.18,"WGS84","gass84,mdativ","SOUTH_AMERICA","Venezuela (Bolivarian Republic of)","VE","Amazonas",,,"Cerro de la Neblina, 6.5 km SSW of base camp, S extension of range.","PRESERVED_SPECIMEN","PRESENT","ACCEPTED","Vascular plants","d415c253-4d61-4459-9d25-4015b9084fb0","ae447c50-b8a8-11d8-92a4-b8a03c50a862","NY","NY","B. A. Stein",,"1984-04-18",1984,4,18,,1600,,,"http://creativecommons.org/publicdomain/zero/1.0/legalcode","The New York Botanical Garden"
"4102224568","Cavendishia pubescens (Kunth) Hemsl.","Cavendishia pubescens (Kunth) Hemsl.",0.8,-66,"WGS84","cdc,gass84,incomis,inmafu","SOUTH_AMERICA","Venezuela (Bolivarian Republic of)","VE","Amazonas",,,"Cerro Neblina south face of Pico Phelps massif.","PRESERVED_SPECIMEN","PRESENT","ACCEPTED",,"3111dc38-3143-4792-9802-610f1de4961c","c4cbb860-e9c7-11da-8113-b8a03c50a862","BRIT","VDB","Al Gentry; Bruce Stein","J. Luteyn","1984-04-13",1984,4,13,"Bromeliad zone on steep cliffs.",1600,50,"Shrub 2 m, fruits green.","http://creativecommons.org/publicdomain/zero/1.0/legalcode","Botanical Research Institute of Texas"
"1261096917","Cavendishia pubescens (Kunth) Hemsl.","Cavendishia pubescens (Kunth) Hemsl.",-16.23333,-67.78333,"WGS84","gass84,osiic,colmano,inmafu","SOUTH_AMERICA","Bolivia (Plurinational State of)","BO","La Paz","Nor Yungas",,"16.2 km NE of (below) Chuspipata on road to Yolosa. Moist forest.","PRESERVED_SPECIMEN","PRESENT","ACCEPTED","Tropicos","7bd65a7a-f762-11e1-a439-00145eb45e9a","90fd6680-349f-11d8-aa2d-b8a03c50a862","MO","Tropicos","James C. Solomon","J.L. Luteyn, 1986 (NY)","1984-10-21",1984,10,21,,2000,,,"http://creativecommons.org/licenses/by/4.0/legalcode","Missouri Botanical Garden"
"1929046478","Cavendishia pubescens (Kunth) Hemsl.","Cavendishia pubescens (Kunth) Hemsl.",-16.23,-67.78,"WGS84","gass84,mdativ","SOUTH_AMERICA","Bolivia (Plurinational State of)","BO","La Paz","Nor Yungas Prov.",,"16.2 km NE of (below) Chuspipata on road to Yolosa.","PRESERVED_SPECIMEN","PRESENT","ACCEPTED","Vascular plants","d415c253-4d61-4459-9d25-4015b9084fb0","ae447c50-b8a8-11d8-92a4-b8a03c50a862","NY","NY","J. Solomon",,"1984-10-21",1984,10,21,,2000,,,"http://creativecommons.org/publicdomain/zero/1.0/legalcode","The New York Botanical Garden"
"1929143837","Cavendishia pubescens (Kunth) Hemsl.","Cavendishia pubescens (Kunth) Hemsl.",-16.23,-67.78,"WGS84","gass84,mdativ","SOUTH_AMERICA","Bolivia (Plurinational State of)","BO","La Paz","Nor Yungas Prov.",,"16.2 km Ne of (below) Chuspipata on road to Yolosa.","PRESERVED_SPECIMEN","PRESENT","ACCEPTED","Vascular plants","d415c253-4d61-4459-9d25-4015b9084fb0","ae447c50-b8a8-11d8-92a4-b8a03c50a862","NY","NY","J. Solomon",,"1984-10-21",1984,10,21,,2000,,,"http://creativecommons.org/publicdomain/zero/1.0/legalcode","The New York Botanical Garden"
"2517017028","Cavendishia pubescens (Kunth) Hemsl.","Cavendishia pubescens (Kunth) Hemsl.",-16.23333,-67.78333,"WGS84","","SOUTH_AMERICA","Bolivia (Plurinational State of)","BO",,,,"LA PAZ: Nor Yungas Province, 16.2 km NE of (below) Chuspipata on road to Yolosa.","PRESERVED_SPECIMEN","PRESENT","ACCEPTED",,"15f819bd-6612-4447-854b-14d12ee1022d","396d5f30-dea9-11db-8ab4-b8a03c50a862",,"Botany","Solomon JC",,"1984-10-21",1984,10,21,,,,,"http://creativecommons.org/publicdomain/zero/1.0/legalcode","Naturalis Biodiversity Center"
"1261092863","Cavendishia pubescens (Kunth) Hemsl.","Cavendishia pubescens (Kunth) Hemsl.",8.85,-71.583333,"WGS84","cdround,gass84,osiic,colmano,inmafu","SOUTH_AMERICA","Venezuela (Bolivarian Republic of)","VE","Barinas",,,"Distr. Bolivar, near Feld-spar mine, between La Soledad and Sto. Domingo, ca. 35 km downhill from Sto. Domingo; Undisturbed cloud forest, rich in epiphytes, trees 20-25 m tall.","PRESERVED_SPECIMEN","PRESENT","ACCEPTED","Tropicos","7bd65a7a-f762-11e1-a439-00145eb45e9a","90fd6680-349f-11d8-aa2d-b8a03c50a862","MO","Tropicos","H. van der Werff|Francisco J. Ortega","James Luteyn","1984-11-24",1984,11,24,,1300,,,"http://creativecommons.org/licenses/by/4.0/legalcode","Missouri Botanical Garden"
"1928905906","Cavendishia pubescens (Kunth) Hemsl.","Cavendishia pubescens (Kunth) Hemsl.",8.85,-71.58,"WGS84","gass84,mdativ","SOUTH_AMERICA","Venezuela (Bolivarian Republic of)","VE","Barinas","Bolívar Mun.",,"Near Feldspar mine, between La Soledad and Sto. Domingo, ca 35 km downhill from Sto. Domingo.","PRESERVED_SPECIMEN","PRESENT","ACCEPTED","Vascular plants","d415c253-4d61-4459-9d25-4015b9084fb0","ae447c50-b8a8-11d8-92a4-b8a03c50a862","NY","NY","H. H. van der Werff",,"1984-11-24",1984,11,24,,1300,,,"http://creativecommons.org/publicdomain/zero/1.0/legalcode","The New York Botanical Garden"
"4603429375","Cavendishia pubescens (Kunth) Hemsl.","Cavendishia pubescens (Kunth) Hemsl.",8.85,-71.583333,"WGS84","cdround,inmafu","SOUTH_AMERICA","Venezuela (Bolivarian Republic of)","VE","Zulia","Francisco Javier Pulgar",,"Near Feld-spar mine, between La Soledad and Sto. Domingo, ca. 35 km downhill from Sto. Domingo. Undisturbed cloud forest, rich in epiphytes, tree 20-25 m tall.","PRESERVED_SPECIMEN","PRESENT","ACCEPTED",,"f33dbf7e-7b24-4bff-aca2-5c1b500f8120","fef6dde8-bc0f-43bc-8b96-fb44264fbdf8","INBIO","PORT","Henk van der Werff|Francisco Ortega","A. Licata","1984-11-24",1984,11,24,"Bosque Nublado",1300,,,"http://creativecommons.org/licenses/by/4.0/legalcode",
"1261097745","Cavendishia pubescens (Kunth) Hemsl.","Cavendishia pubescens (Kunth) Hemsl.",-16.05,-68.016667,"WGS84","cdround,gass84,osiic,colmano,inmafu","SOUTH_AMERICA","Bolivia (Plurinational State of)","BO","La Paz","Murillo",,"45.5 km below the dam at Lago Zongo, Zongo Valley. Vicinity of Cahua hydroelectric plant.","PRESERVED_SPECIMEN","PRESENT","ACCEPTED","Tropicos","7bd65a7a-f762-11e1-a439-00145eb45e9a","90fd6680-349f-11d8-aa2d-b8a03c50a862","MO","Tropicos","James C. Solomon","J.L. Luteyn, 1986 (NY)","1984-12-23",1984,12,23,,1300,100,,"http://creativecommons.org/licenses/by/4.0/legalcode","Missouri Botanical Garden"
"1928662736","Cavendishia pubescens (Kunth) Hemsl.","Cavendishia pubescens (Kunth) Hemsl.",-16.05,-68.02,"WGS84","gass84,mdativ","SOUTH_AMERICA","Bolivia (Plurinational State of)","BO","La Paz","Pedro Domingo Murillo Prov.",,"45.5 km below the dam at Lago Zongo, Zongo valley. Vicinity of Cahua hydroelectric plant.","PRESERVED_SPECIMEN","PRESENT","ACCEPTED","Vascular plants","d415c253-4d61-4459-9d25-4015b9084fb0","ae447c50-b8a8-11d8-92a4-b8a03c50a862","NY","NY","J. Solomon",,"1984-12-23",1984,12,23,,1300,100,,"http://creativecommons.org/publicdomain/zero/1.0/legalcode","The New York Botanical Garden"
"930987302","Cavendishia pubescens (Kunth) Hemsl.","Cavendishia pubescens (Kunth) Hemsl.",5.64215,-75.98685,"WGS84","inmafu","SOUTH_AMERICA","Colombia","CO","Antioquia","Andes",,"Quebrada La Chaparrala","PRESERVED_SPECIMEN","PRESENT","ACCEPTED",,"23243164-c132-444d-a3a4-34662abb8305","cccff716-2694-4209-9f9e-2f7a484465a0","Universidad de Antioquia (UdeA)","HUA","Acero E.","Roldán F.","1983-01-29",1983,1,29,,,,,"http://creativecommons.org/publicdomain/zero/1.0/legalcode",
"5077524657","Cavendishia pubescens (Kunth) Hemsl.","Cavendishia pubescens (Kunth) Hemsl.",-16.15,-67.75,"WGS84","cdc,inmafu","SOUTH_AMERICA","Bolivia (Plurinational State of)","BO",,,,"Km. 19 Coroico - La Paz.","PRESERVED_SPECIMEN","PRESENT","ACCEPTED",,"13dacd48-5790-4b99-bf04-08b23922e8aa","d6bd7c74-ff29-48f8-b5f5-e9dc1afff3db","WIS",,"L Besse; C. Luer, J. Luer & R. Vasquez",,"1983-01-22",1983,1,22,,1820,,"Shrub 3 m tall. Some of the old leaves red. Calyx rosy red, corolla white. Fruits dark red.","http://creativecommons.org/licenses/by-nc/4.0/legalcode",
"1261096697","Cavendishia pubescens (Kunth) Hemsl.","Cavendishia pubescens (Kunth) Hemsl.",-16.08333,-68.05,"WGS84","gass84,osiic,colmano,inmafu","SOUTH_AMERICA","Bolivia (Plurinational State of)","BO","La Paz","Murillo",,"Valley of the Río Zongo, Cahua Hydroø electric Plant. Moist forest on very steep slopes.","PRESERVED_SPECIMEN","PRESENT","ACCEPTED","Tropicos","7bd65a7a-f762-11e1-a439-00145eb45e9a","90fd6680-349f-11d8-aa2d-b8a03c50a862","MO","Tropicos","James C. Solomon","J. Luteyn","1982-04-21",1982,4,21,,1400,,,"http://creativecommons.org/licenses/by/4.0/legalcode","Missouri Botanical Garden"
"1261096737","Cavendishia pubescens (Kunth) Hemsl.","Cavendishia pubescens (Kunth) Hemsl.",-16.08333,-68.05,"WGS84","gass84,osiic,colmano,inmafu","SOUTH_AMERICA","Bolivia (Plurinational State of)","BO","La Paz","Murillo",,"Valley of the Río Zongo, 1/2-3/4 of an hour by trail down river from the Hydroø electric Plant at Cahua. Moist forest.","PRESERVED_SPECIMEN","PRESENT","ACCEPTED","Tropicos","7bd65a7a-f762-11e1-a439-00145eb45e9a","90fd6680-349f-11d8-aa2d-b8a03c50a862","MO","Tropicos","James C. Solomon","J. Luteyn","1982-04-22",1982,4,22,,1500,100,,"http://creativecommons.org/licenses/by/4.0/legalcode","Missouri Botanical Garden"
"1929764398","Cavendishia pubescens (Kunth) Hemsl.","Cavendishia pubescens (Kunth) Hemsl.",-16.08,-68.05,"WGS84","gass84,mdativ","SOUTH_AMERICA","Bolivia (Plurinational State of)","BO","La Paz","Pedro Domingo Murillo Prov.",,"Valley of the Río Zongo, 1/2-3/4 of hour by trail down river from the Hydroelectric Plant at Cahua.","PRESERVED_SPECIMEN","PRESENT","ACCEPTED","Vascular plants","d415c253-4d61-4459-9d25-4015b9084fb0","ae447c50-b8a8-11d8-92a4-b8a03c50a862","NY","NY","J. Solomon",,"1982-04-22",1982,4,22,,1500,100,,"http://creativecommons.org/publicdomain/zero/1.0/legalcode","The New York Botanical Garden"
"2235881413","Cavendishia pubescens (Kunth) Hemsl.","Cavendishia pubescens (Kunth) Hemsl.",-16.08,-68.05,"WGS84","gass84,osiic","SOUTH_AMERICA","Bolivia (Plurinational State of)","BO","La Paz",,,"Province of Murillo. Departamento of La Paz: Valley of the Río Zongo, 1/2-3/4 of hour by trail down river from the Hydroelectric Plant at Cahua.","PRESERVED_SPECIMEN","PRESENT","ACCEPTED","NMNH Extant Biology","821cc27a-e3bb-4bc5-ac34-89ada245069d","bc092ff0-02e4-11dc-991f-b8a03c50a862","US","US","J. C. Solomon",,"1982-04-22",1982,4,22,,1500,100,,"http://creativecommons.org/publicdomain/zero/1.0/legalcode",
"2515354103","Cavendishia pubescens (Kunth) Hemsl.","Cavendishia pubescens (Kunth) Hemsl.",-16.08333,-68.05,"WGS84","","SOUTH_AMERICA","Bolivia (Plurinational State of)","BO",,,,"Province of Murillo. Departamento of La Paz: Valley of the Río Zongo, ½ - ¾ of hour by trail down river from the Hydroelectric Plant at Cahua.","PRESERVED_SPECIMEN","PRESENT","ACCEPTED",,"15f819bd-6612-4447-854b-14d12ee1022d","396d5f30-dea9-11db-8ab4-b8a03c50a862",,"Botany","Solomon JC",,"1982-04-22",1982,4,22,,,,,"http://creativecommons.org/publicdomain/zero/1.0/legalcode","Naturalis Biodiversity Center"
"930992245","Cavendishia pubescens (Kunth) Hemsl.","Cavendishia pubescens (Kunth) Hemsl.",6.297134,-75.500553,"WGS84","cdround,inmafu","SOUTH_AMERICA","Colombia","CO","Antioquia","Guarne",,"Alrededores de la represa Piedras Blancas","PRESERVED_SPECIMEN","PRESENT","ACCEPTED",,"23243164-c132-444d-a3a4-34662abb8305","cccff716-2694-4209-9f9e-2f7a484465a0","Universidad de Antioquia (UdeA)","HUA","Cogollo A.|Girón M.|Rentería E.",,"1982-05-28",1982,5,28,,2290,0,,"http://creativecommons.org/publicdomain/zero/1.0/legalcode",
"930991131","Cavendishia pubescens (Kunth) Hemsl.","Cavendishia pubescens (Kunth) Hemsl.",7.005797,-75.457712,"WGS84","cdround,inmafu","SOUTH_AMERICA","Colombia","CO","Antioquia","Yarumal",,,"PRESERVED_SPECIMEN","PRESENT","ACCEPTED",,"23243164-c132-444d-a3a4-34662abb8305","cccff716-2694-4209-9f9e-2f7a484465a0","Universidad de Antioquia (UdeA)","HUA","Pérez A.|Henao E.",,"1982-06-20",1982,6,20,,2430,0,,"http://creativecommons.org/publicdomain/zero/1.0/legalcode",
"1259128939","Cavendishia pubescens (Kunth) Hemsl.","Cavendishia pubescens (Kunth) Hemsl.",9.65,-69.566667,"WGS84","cdround,gass84,osiic,colmano,inmafu","SOUTH_AMERICA","Venezuela (Bolivarian Republic of)","VE","Lara","Jiménez",,"Distrito Jiménez: hills along road between Alto del Viento to Cerro Pando.","PRESERVED_SPECIMEN","PRESENT","ACCEPTED","Tropicos","7bd65a7a-f762-11e1-a439-00145eb45e9a","90fd6680-349f-11d8-aa2d-b8a03c50a862","MO","Tropicos","Gerrit Davidse|Ángel C. González",,"1982-10-26",1982,10,26,,1350,350,,"http://creativecommons.org/licenses/by/4.0/legalcode","Missouri Botanical Garden"
"1931177803","Cavendishia pubescens (Kunth) Hemsl.","Cavendishia pubescens (Kunth) Hemsl.",9.6617,-69.5767,"WGS84","gass84,mdativ","SOUTH_AMERICA","Venezuela (Bolivarian Republic of)","VE","Lara","Jiménez Mun.",,"Hills along road between Alto del Viento to Cerro Pando, most secondary forest. Forest along quebradas.","PRESERVED_SPECIMEN","PRESENT","ACCEPTED","Vascular plants","d415c253-4d61-4459-9d25-4015b9084fb0","ae447c50-b8a8-11d8-92a4-b8a03c50a862","NY","NY","G. Davidse",,"1982-10-26",1982,10,26,,1350,350,,"http://creativecommons.org/publicdomain/zero/1.0/legalcode","The New York Botanical Garden"
"4603425794","Cavendishia pubescens (Kunth) Hemsl.","Cavendishia pubescens (Kunth) Hemsl.",9.283333,-70.2,"WGS84","cdround,inmafu","SOUTH_AMERICA","Venezuela (Bolivarian Republic of)","VE","Trujillo","Boconó",,"10 mi SW of Batatal on road to Boconó, Laguna de Aguas Negras.","PRESERVED_SPECIMEN","PRESENT","ACCEPTED","Field work sponsored by IVIC, CONICIT, NSF, MYF, Wenner-gren.","f33dbf7e-7b24-4bff-aca2-5c1b500f8120","fef6dde8-bc0f-43bc-8b96-fb44264fbdf8","INBIO","PORT","Alan Smith|Francisco Ortega|Tom Lemieux","J. L. Luteyn","1982-11-03",1982,11,3,"Bosque",2000,,,"http://creativecommons.org/licenses/by/4.0/legalcode",
"1261096762","Cavendishia pubescens (Kunth) Hemsl.","Cavendishia pubescens (Kunth) Hemsl.",-16.08333,-68.05,"WGS84","gass84,osiic,colmano,inmafu","SOUTH_AMERICA","Bolivia (Plurinational State of)","BO","La Paz","Murillo",,"Zongo.","PRESERVED_SPECIMEN","PRESENT","ACCEPTED","Tropicos","e053ff53-c156-4e2e-b9b5-4462e9625424","90fd6680-349f-11d8-aa2d-b8a03c50a862","LPB","Tropicos","Fernando O. Zuloaga|Marcelo D. Vázquez Á.","J.C. Solomon (MO)","1981-11-18",1981,11,18,,,,,"http://creativecommons.org/licenses/by/4.0/legalcode","Missouri Botanical Garden"
"930987024","Cavendishia pubescens (Kunth) Hemsl.","Cavendishia pubescens (Kunth) Hemsl.",6.762571,-75.292826,"WGS84","cdround,inmafu","SOUTH_AMERICA","Colombia","CO","Antioquia","Carolina","Carolina del Príncipe","Represa de Miraflores","PRESERVED_SPECIMEN","PRESENT","ACCEPTED",,"23243164-c132-444d-a3a4-34662abb8305","cccff716-2694-4209-9f9e-2f7a484465a0","Universidad de Antioquia (UdeA)","HUA","Lozano G.|Díaz J.","Lozano G.","1980-03-26",1980,3,26,,2180,20,,"http://creativecommons.org/publicdomain/zero/1.0/legalcode",
"1890919436","Cavendishia pubescens (Kunth) Hemsl.","Cavendishia pubescens (Kunth) Hemsl.",4.1675,-75.896667,"WGS84","cdround","SOUTH_AMERICA","Colombia","CO","Valle del Cauca","Sevilla",,"Vereda El Cebollal, Quebrada El Guarapo.","PRESERVED_SPECIMEN","PRESENT","ACCEPTED","Datos Depurados/sistematizados por Expedición por la historia - ColombiaBio","18da9e5d-8966-4893-bf70-b3911152d991","eac88d99-9f6c-4031-8fc4-8088f0e0dfe7","Universidad Nacional de Colombia (UNAL)","COL","G. Lozano C","G. Lozano","1980-03-15",1980,3,15,,1900,0,,"http://creativecommons.org/licenses/by/4.0/legalcode","Universidad Nacional de Colombia"
"1890919578","Cavendishia pubescens (Kunth) Hemsl.","Cavendishia pubescens (Kunth) Hemsl.",6.767222,-75.317497,"WGS84","cdround","SOUTH_AMERICA","Colombia","CO","Antioquia","Santa Rosa de Osos",,"Represa de Miraflores.","PRESERVED_SPECIMEN","PRESENT","ACCEPTED","Datos Depurados/sistematizados por Expedición por la historia - ColombiaBio","18da9e5d-8966-4893-bf70-b3911152d991","eac88d99-9f6c-4031-8fc4-8088f0e0dfe7","Universidad Nacional de Colombia (UNAL)","COL","G. Lozano C","G. Lozano","1980-03-26",1980,3,26,,2180,20,,"http://creativecommons.org/licenses/by/4.0/legalcode","Universidad Nacional de Colombia"
"1890919716","Cavendishia pubescens (Kunth) Hemsl.","Cavendishia pubescens (Kunth) Hemsl.",6.767222,-75.317497,"WGS84","cdround","SOUTH_AMERICA","Colombia","CO","Antioquia","Santa Rosa de Osos",,"Represa de Miraflores.","PRESERVED_SPECIMEN","PRESENT","ACCEPTED","Datos Depurados/sistematizados por Expedición por la historia - ColombiaBio","18da9e5d-8966-4893-bf70-b3911152d991","eac88d99-9f6c-4031-8fc4-8088f0e0dfe7","Universidad Nacional de Colombia (UNAL)","COL","G. Lozano C|Julio Díaz","G. Lozano","1980-03-26",1980,3,26,,2180,20,,"http://creativecommons.org/licenses/by/4.0/legalcode","Universidad Nacional de Colombia"
"930993873","Cavendishia pubescens (Kunth) Hemsl.","Cavendishia pubescens (Kunth) Hemsl.",6.271975,-75.43345,"WGS84","cdround,inmafu","SOUTH_AMERICA","Colombia","CO","Antioquia","Guarne",,,"PRESERVED_SPECIMEN","PRESENT","ACCEPTED",,"23243164-c132-444d-a3a4-34662abb8305","cccff716-2694-4209-9f9e-2f7a484465a0","Universidad de Antioquia (UdeA)","HUA","del Río N.|Carvajal M.",,"1980-05-20",1980,5,20,,1800,0,,"http://creativecommons.org/publicdomain/zero/1.0/legalcode",
"931015600","Cavendishia pubescens (Kunth) Hemsl.","Cavendishia pubescens (Kunth) Hemsl.",5.941005,-75.347577,"WGS84","cdround,inmafu","SOUTH_AMERICA","Colombia","CO","Antioquia","La Unión",,,"PRESERVED_SPECIMEN","PRESENT","ACCEPTED",,"23243164-c132-444d-a3a4-34662abb8305","cccff716-2694-4209-9f9e-2f7a484465a0","Universidad de Antioquia (UdeA)","HUA","Fonnegra R.|Uribe F.","Luteyn J.","1980-07-07",1980,7,7,,,,,"http://creativecommons.org/publicdomain/zero/1.0/legalcode",
"930983005","Cavendishia pubescens (Kunth) Hemsl.","Cavendishia pubescens (Kunth) Hemsl.",5.82332,-76.17905,"WGS84","inmafu","SOUTH_AMERICA","Colombia","CO","Chocó","El Carmen de Atrato",,"16 - 18 km W of Bolivar. near top of cordillera occidental and Antioquia border","PRESERVED_SPECIMEN","PRESENT","ACCEPTED",,"23243164-c132-444d-a3a4-34662abb8305","cccff716-2694-4209-9f9e-2f7a484465a0","Universidad de Antioquia (UdeA)","HUA","Gentry A.|Rentería E.",,"1979-01-06",1979,1,6,,2000,0,,"http://creativecommons.org/publicdomain/zero/1.0/legalcode",
"930983515","Cavendishia pubescens (Kunth) Hemsl.","Cavendishia pubescens (Kunth) Hemsl.",6.227244,-75.518726,"WGS84","cdround,inmafu","SOUTH_AMERICA","Colombia","CO","Antioquia","Medellín",,"Medellín - Rionegro road. 11 km W of Santa Elena","PRESERVED_SPECIMEN","PRESENT","ACCEPTED",,"23243164-c132-444d-a3a4-34662abb8305","cccff716-2694-4209-9f9e-2f7a484465a0","Universidad de Antioquia (UdeA)","HUA","Luteyn J.|Lebrón M.|Camargo L.",,"1979-03-21",1979,3,21,,1920,0,,"http://creativecommons.org/publicdomain/zero/1.0/legalcode",
"931017072","Cavendishia pubescens (Kunth) Hemsl.","Cavendishia pubescens (Kunth) Hemsl.",6.909579,-76.148739,"WGS84","cdround,inmafu","SOUTH_AMERICA","Colombia","CO","Antioquia","Uramita",,"Uramita - Peque road. 2 - 5 km above Uramita","PRESERVED_SPECIMEN","PRESENT","ACCEPTED",,"23243164-c132-444d-a3a4-34662abb8305","cccff716-2694-4209-9f9e-2f7a484465a0","Universidad de Antioquia (UdeA)","HUA","Luteyn J.|Lebrón M.",,"1979-03-29",1979,3,29,,1400,0,,"http://creativecommons.org/publicdomain/zero/1.0/legalcode",
"931017474","Cavendishia pubescens (Kunth) Hemsl.","Cavendishia pubescens (Kunth) Hemsl.",6.227244,-75.518726,"WGS84","cdround,inmafu","SOUTH_AMERICA","Colombia","CO","Antioquia","Medellín",,"Medellín - Rionegro road. 11 km W of Santa Elena","PRESERVED_SPECIMEN","PRESENT","ACCEPTED",,"23243164-c132-444d-a3a4-34662abb8305","cccff716-2694-4209-9f9e-2f7a484465a0","Universidad de Antioquia (UdeA)","HUA","Luteyn J.|Lebrón M.|Camargo L.",,"1979-03-21",1979,3,21,,1920,0,,"http://creativecommons.org/publicdomain/zero/1.0/legalcode",
"1890921346","Cavendishia pubescens (Kunth) Hemsl.","Cavendishia pubescens (Kunth) Hemsl.",7.04329,-75.46802,"WGS84","","SOUTH_AMERICA","Colombia","CO","Antioquia","Rionegro",,"Entre Yarumal y Valdivia,Km 122,10 Km N de Yarumal.","PRESERVED_SPECIMEN","PRESENT","ACCEPTED","Datos Depurados/sistematizados por Expedición por la historia - ColombiaBio","18da9e5d-8966-4893-bf70-b3911152d991","eac88d99-9f6c-4031-8fc4-8088f0e0dfe7","Universidad Nacional de Colombia (UNAL)","COL","J. L. Luteyn","James L. Luteyn","1979-03-22",1979,3,22,"Bosque",2160,0,,"http://creativecommons.org/licenses/by/4.0/legalcode","Universidad Nacional de Colombia"
"930983541","Cavendishia pubescens (Kunth) Hemsl.","Cavendishia pubescens (Kunth) Hemsl.",6.400619,-76.05272,"WGS84","cdround,inmafu","SOUTH_AMERICA","Colombia","CO","Antioquia","Urrao",,"Urrao - Caicedo road. 14 - 18 km NE of Urrao","PRESERVED_SPECIMEN","PRESENT","ACCEPTED",,"23243164-c132-444d-a3a4-34662abb8305","cccff716-2694-4209-9f9e-2f7a484465a0","Universidad de Antioquia (UdeA)","HUA","Luteyn J.|Lebrón M.",,"1979-04-07",1979,4,7,,2544,106,,"http://creativecommons.org/publicdomain/zero/1.0/legalcode",
"931017092","Cavendishia pubescens (Kunth) Hemsl.","Cavendishia pubescens (Kunth) Hemsl.",6.400619,-76.05272,"WGS84","cdround,inmafu","SOUTH_AMERICA","Colombia","CO","Antioquia","Urrao",,"Urrao - Caicedo road. 14 - 18 km NE of Urrao","PRESERVED_SPECIMEN","PRESENT","ACCEPTED",,"23243164-c132-444d-a3a4-34662abb8305","cccff716-2694-4209-9f9e-2f7a484465a0","Universidad de Antioquia (UdeA)","HUA","Luteyn J.|Lebrón M.",,"1979-04-07",1979,4,7,,2544,106,,"http://creativecommons.org/publicdomain/zero/1.0/legalcode",
"1228625349","Cavendishia pubescens (Kunth) Hemsl.","Cavendishia pubescens (Kunth) Hemsl.",7,-75.5,"WGS84","gass84,ambcol,inmafu","SOUTH_AMERICA","Colombia","CO","Antioquia",,,"Antioquia","PRESERVED_SPECIMEN","PRESENT","ACCEPTED","seeds-22-sep-2023","90c853e6-56bd-480b-8e8f-6285c3f8d42b","7b8aff00-a9f8-11d8-944b-b8a03c50a862","F","Botany","J. L. Luteyn & M. L. Lebron-Luteyn",,"1979-04-07",1979,4,7,,,,,"http://creativecommons.org/publicdomain/zero/1.0/legalcode","The Field Museum of Natural History"
"1890924355","Cavendishia pubescens (Kunth) Hemsl.","Cavendishia pubescens (Kunth) Hemsl.",4.874444,-76.229167,"WGS84","cdround","SOUTH_AMERICA","Colombia","CO","Valle del Cauca",,,"Carretera Ansermanuevo - San José del Palmar, 60 - 62 km.","PRESERVED_SPECIMEN","PRESENT","ACCEPTED","Datos Depurados/sistematizados por Expedición por la historia - ColombiaBio","18da9e5d-8966-4893-bf70-b3911152d991","eac88d99-9f6c-4031-8fc4-8088f0e0dfe7","Universidad Nacional de Colombia (UNAL)","COL","J. L. Luteyn",,"1979-04-19",1979,4,19,,1910,40,,"http://creativecommons.org/licenses/by/4.0/legalcode","Universidad Nacional de Colombia"
"1890937520","Cavendishia pubescens (Kunth) Hemsl.","Cavendishia pubescens (Kunth) Hemsl.",6.397951,-76.060409,"WGS84","","SOUTH_AMERICA","Colombia","CO","Antioquia","Rionegro",,"Urrao-Caicedo road, 14-18km Ne of Urrao.","PRESERVED_SPECIMEN","PRESENT","ACCEPTED","Datos Depurados/sistematizados por Expedición por la historia - ColombiaBio","18da9e5d-8966-4893-bf70-b3911152d991","eac88d99-9f6c-4031-8fc4-8088f0e0dfe7","Universidad Nacional de Colombia (UNAL)","COL","J. L. Luteyn",,"1979-04-07",1979,4,7,,2544,106,,"http://creativecommons.org/licenses/by/4.0/legalcode","Universidad Nacional de Colombia"
"931007998","Cavendishia pubescens (Kunth) Hemsl.","Cavendishia pubescens (Kunth) Hemsl.",6.106791,-75.500173,"WGS84","cdround,inmafu","SOUTH_AMERICA","Colombia","CO","Antioquia","Retiro",,"Cercanías de la represa La Fé","PRESERVED_SPECIMEN","PRESENT","ACCEPTED",,"23243164-c132-444d-a3a4-34662abb8305","cccff716-2694-4209-9f9e-2f7a484465a0","Universidad de Antioquia (UdeA)","HUA","Fonnegra R.","Gómez A.","1979-08-04",1979,8,4,,,,,"http://creativecommons.org/publicdomain/zero/1.0/legalcode",
"931008014","Cavendishia pubescens (Kunth) Hemsl.","Cavendishia pubescens (Kunth) Hemsl.",6.106791,-75.500173,"WGS84","cdround,inmafu","SOUTH_AMERICA","Colombia","CO","Antioquia","Retiro",,"Cercanías de la represa La Fé","PRESERVED_SPECIMEN","PRESENT","ACCEPTED",,"23243164-c132-444d-a3a4-34662abb8305","cccff716-2694-4209-9f9e-2f7a484465a0","Universidad de Antioquia (UdeA)","HUA","Fonnegra R.","Gómez A.","1979-08-04",1979,8,4,,,,,"http://creativecommons.org/publicdomain/zero/1.0/legalcode",
"1260252000","Cavendishia pubescens (Kunth) Hemsl.","Cavendishia pubescens (Kunth) Hemsl.",7.6,-72.21666,"WGS84","gass84,colmano,inmafu","SOUTH_AMERICA","Venezuela (Bolivarian Republic of)","VE","Táchira",,,"Open slopes facing Quebrada Las Minas. Forested slopes, Cerro Las Minas, 18-20 km southeast of Santa Ana, on sandstone substrate.","PRESERVED_SPECIMEN","PRESENT","ACCEPTED","Tropicos","7bd65a7a-f762-11e1-a439-00145eb45e9a","90fd6680-349f-11d8-aa2d-b8a03c50a862","MO","Tropicos","Julian A. Steyermark|Ronald L. Liesner|Ángel C. González","J. Luteyn","1979-11-10",1979,11,10,,1200,50,,"http://creativecommons.org/licenses/by/4.0/legalcode","Missouri Botanical Garden"
"1928493242","Cavendishia pubescens (Kunth) Hemsl.","Cavendishia pubescens (Kunth) Hemsl.",7.6,-72.22,"WGS84","gass84,mdativ","SOUTH_AMERICA","Venezuela (Bolivarian Republic of)","VE","Táchira",,,"Forested slopes, Cerro Las Minas, 18-20 km SE of Santa Ana. Open slopes facing Quebrada Las Minas.","PRESERVED_SPECIMEN","PRESENT","ACCEPTED","Vascular plants","d415c253-4d61-4459-9d25-4015b9084fb0","ae447c50-b8a8-11d8-92a4-b8a03c50a862","NY","NY","J. A. Steyermark",,"1979-11-10",1979,11,10,,1200,50,,"http://creativecommons.org/publicdomain/zero/1.0/legalcode","The New York Botanical Garden"
"1228232097","Cavendishia pubescens (Kunth) Hemsl.","Cavendishia pubescens (Kunth) Hemsl.",7.0758,-65.9119,"WGS84","gass84,ambcol,inmafu","SOUTH_AMERICA","Venezuela (Bolivarian Republic of)","VE",,,,"Venezuela","PRESERVED_SPECIMEN","PRESENT","ACCEPTED","seeds-22-sep-2023","90c853e6-56bd-480b-8e8f-6285c3f8d42b","7b8aff00-a9f8-11d8-944b-b8a03c50a862","F","Botany","J. L. Luteyn et al.",,"1978-01-23",1978,1,23,,,,,"http://creativecommons.org/publicdomain/zero/1.0/legalcode","The Field Museum of Natural History"
"1228524031","Cavendishia pubescens (Kunth) Hemsl.","Cavendishia pubescens (Kunth) Hemsl.",7.0758,-65.9119,"WGS84","gass84,ambcol,inmafu","SOUTH_AMERICA","Venezuela (Bolivarian Republic of)","VE",,,,"Venezuela","PRESERVED_SPECIMEN","PRESENT","ACCEPTED","seeds-22-sep-2023","90c853e6-56bd-480b-8e8f-6285c3f8d42b","7b8aff00-a9f8-11d8-944b-b8a03c50a862","F","Botany","J. L. Luteyn et al.",,"1978-01-21",1978,1,21,,,,,"http://creativecommons.org/publicdomain/zero/1.0/legalcode","The Field Museum of Natural History"
"930989522","Cavendishia pubescens (Kunth) Hemsl.","Cavendishia pubescens (Kunth) Hemsl.",6.267692,-75.363846,"WGS84","cdround,inmafu","SOUTH_AMERICA","Colombia","CO","Antioquia","San Vicente Ferrer",,"Vereda Chaparral","PRESERVED_SPECIMEN","PRESENT","ACCEPTED",,"23243164-c132-444d-a3a4-34662abb8305","cccff716-2694-4209-9f9e-2f7a484465a0","Universidad de Antioquia (UdeA)","HUA","Santa J.|Santa A.","Albert L.","1978-02-05",1978,2,5,,2197,0,,"http://creativecommons.org/publicdomain/zero/1.0/legalcode",
"1890978699","Cavendishia pubescens (Kunth) Hemsl.","Cavendishia pubescens (Kunth) Hemsl.",6.25351,-75.35372,"WGS84","","SOUTH_AMERICA","Colombia","CO","Antioquia","San Vicente Ferrer",,"Mpio. San Vicente Vereda Chaparral. Alt. 2197 m.","PRESERVED_SPECIMEN","PRESENT","ACCEPTED","Datos Depurados/sistematizados por Expedición por la historia - ColombiaBio","18da9e5d-8966-4893-bf70-b3911152d991","eac88d99-9f6c-4031-8fc4-8088f0e0dfe7","Universidad Nacional de Colombia (UNAL)","COL","J. I. Santa S.","L. Luteyn","1978-02-05",1978,2,5,,2197,0,,"http://creativecommons.org/licenses/by/4.0/legalcode","Universidad Nacional de Colombia"
"1228609811","Cavendishia pubescens (Kunth) Hemsl.","Cavendishia pubescens (Kunth) Hemsl.",-9.1839,-74.14,"WGS84","gass84,ambcol,inmafu","SOUTH_AMERICA","Peru","PE",,,,"Perú","PRESERVED_SPECIMEN","PRESENT","ACCEPTED","seeds-22-sep-2023","90c853e6-56bd-480b-8e8f-6285c3f8d42b","7b8aff00-a9f8-11d8-944b-b8a03c50a862","F","Botany","M. O. Dillon et al.",,"1978-07-17",1978,7,17,,,,,"http://creativecommons.org/publicdomain/zero/1.0/legalcode","The Field Museum of Natural History"
"1260254531","Cavendishia pubescens (Kunth) Hemsl.","Cavendishia pubescens (Kunth) Hemsl.",-13.66194,-70.47888,"WGS84","gass84,colmano,inmafu","SOUTH_AMERICA","Peru","PE","Puno",,,"Ollachea to San Gabon.","PRESERVED_SPECIMEN","PRESENT","ACCEPTED","Tropicos","7bd65a7a-f762-11e1-a439-00145eb45e9a","90fd6680-349f-11d8-aa2d-b8a03c50a862","MO","Tropicos","Michael O. Dillon|James Aronson|Alan Herrera|Paul E. Berry","James L. Luteyn","1978-07-17",1978,7,17,,1500,500,,"http://creativecommons.org/licenses/by/4.0/legalcode","Missouri Botanical Garden"
"1890910155","Cavendishia pubescens (Kunth) Hemsl.","Cavendishia pubescens (Kunth) Hemsl.",5.900463,-73.450857,"WGS84","","SOUTH_AMERICA","Colombia","CO","Boyacá","Togüí",,"Vereda Carare.","PRESERVED_SPECIMEN","PRESENT","ACCEPTED","Datos Depurados/sistematizados por Expedición por la historia - ColombiaBio","18da9e5d-8966-4893-bf70-b3911152d991","eac88d99-9f6c-4031-8fc4-8088f0e0dfe7","Universidad Nacional de Colombia (UNAL)","COL","B. Snow",,"1978-08-16",1978,8,16,,,,,"http://creativecommons.org/licenses/by/4.0/legalcode","Universidad Nacional de Colombia"
"1890910174","Cavendishia pubescens (Kunth) Hemsl.","Cavendishia pubescens (Kunth) Hemsl.",5.903185,-73.461845,"WGS84","","SOUTH_AMERICA","Colombia","CO","Boyacá","Togüí",,"Vereda El Carare.","PRESERVED_SPECIMEN","PRESENT","ACCEPTED","Datos Depurados/sistematizados por Expedición por la historia - ColombiaBio","18da9e5d-8966-4893-bf70-b3911152d991","eac88d99-9f6c-4031-8fc4-8088f0e0dfe7","Universidad Nacional de Colombia (UNAL)","COL","B. Snow","G. Lozano","1978-08-24",1978,8,24,,,,,"http://creativecommons.org/licenses/by/4.0/legalcode","Universidad Nacional de Colombia"
"1062309941","Cavendishia pubescens (Kunth) Hemsl.","Cavendishia pubescens (Kunth) Hemsl.",7.156681,-72.954814,"WGS84","cdround,colmafu,inmafu","SOUTH_AMERICA","Colombia","CO","Santander","Tona",,"Serranía La Cacica","PRESERVED_SPECIMEN","PRESENT","ACCEPTED",,"cc5e1e3d-0850-4cde-a282-656657752e13","6c147991-c3bf-453d-a778-3bea9a534804","Universidad Industrial de Santander (UIS)","UIS-H","León Henry",,"1978-10-21",1978,10,21,,1960,0,"Tallo de escasa pubescencia, hojas pubescentes por el envés, glabras por el haz, flor gamopétala, rosada, estambres amarillos, pistilo blanco, largo.","http://creativecommons.org/publicdomain/zero/1.0/legalcode",
"1260254746","Cavendishia pubescens (Kunth) Hemsl.","Cavendishia pubescens (Kunth) Hemsl.",8.366667,-71.783333,"WGS84","cdround,gass84,osiic,colmano,inmafu","SOUTH_AMERICA","Venezuela (Bolivarian Republic of)","VE","Mérida",,,"Dto. Tovar, shruberry on steep slopes 6 km NW of Tovar.","PRESERVED_SPECIMEN","PRESENT","ACCEPTED","Tropicos","7bd65a7a-f762-11e1-a439-00145eb45e9a","90fd6680-349f-11d8-aa2d-b8a03c50a862","MO","Tropicos","Grady L. Webster|W. Scott Armbruster",,"1978-10-17",1978,10,17,,1173.48,,,"http://creativecommons.org/licenses/by/4.0/legalcode","Missouri Botanical Garden"
"2626947779","Cavendishia pubescens (Kunth) Hemsl.","Cavendishia pubescens (Kunth) Hemsl.",8.3679083,-71.7827733,"WGS84","cdrep,colmafu,inmafu","SOUTH_AMERICA","Venezuela (Bolivarian Republic of)","VE","Mérida",,,"Dto. Tovar shruberry on steep slopes 6 km NW of Tovar.","PRESERVED_SPECIMEN","PRESENT","ACCEPTED",,"c267909d-184f-4138-9e67-a074d478d52b","f0b6a090-a4c6-11d8-9534-b8a03c50a862","DAV","Herbarium","Grady L. Webster; W. Scott Armbruster",,"1978-10-17",1978,10,17,"Shrub 1.5-2.5 m high; bracts & calyx pink; corolla dull white; frs. reddish",1173,,,"http://creativecommons.org/licenses/by-nc/4.0/legalcode",
"1260253255","Cavendishia pubescens (Kunth) Hemsl.","Cavendishia pubescens (Kunth) Hemsl.",1.997979,-75.798865,"WGS84","gass84,colmano,inmafu","SOUTH_AMERICA","Colombia","CO","Huila",,,"15 km from Altamira towards Florencia.","PRESERVED_SPECIMEN","PRESENT","ACCEPTED","Tropicos","7bd65a7a-f762-11e1-a439-00145eb45e9a","90fd6680-349f-11d8-aa2d-b8a03c50a862","MO","Tropicos","James L. Luteyn|Kent P. Dumont|Pablo Buriticá",,"1976-01-15",1976,1,15,,1465,,,"http://creativecommons.org/licenses/by/4.0/legalcode","Missouri Botanical Garden"
"1844943030","Cavendishia pubescens (Kunth) Hemsl.","Cavendishia pubescens (Kunth) Hemsl.",1.955109,-75.800199,"WGS84","","SOUTH_AMERICA","Colombia","CO","Huila","Suaza",,"15 kilómetros de Altamira hacia Florencia.","PRESERVED_SPECIMEN","PRESENT","ACCEPTED","Convenio Especial de Cooperación #13-238 entre IAvH y UN - 30 Septiembre 2013","18da9e5d-8966-4893-bf70-b3911152d991","eac88d99-9f6c-4031-8fc4-8088f0e0dfe7","Universidad Nacional de Colombia (UNAL)","COL","J. L. Luteyn|Kent P. Dumont|Pablo Buritica",,"1976-01-15",1976,1,15,,1465,0,,"http://creativecommons.org/licenses/by/4.0/legalcode","Universidad Nacional de Colombia"
"1062307615","Cavendishia pubescens (Kunth) Hemsl.","Cavendishia pubescens (Kunth) Hemsl.",7.209972,-72.9378,"WGS84","cdround,colmafu,inmafu","SOUTH_AMERICA","Colombia","CO","Santander","Tona","La Corcova","Vía a Pamplona, km26","PRESERVED_SPECIMEN","PRESENT","ACCEPTED",,"cc5e1e3d-0850-4cde-a282-656657752e13","6c147991-c3bf-453d-a778-3bea9a534804","Universidad Industrial de Santander (UIS)","UIS-H","Rentería Enrique A.",,"1976-06-19",1976,6,19,,2380,0,"Arbusto de 3 m. hojas simples, aovadas, en espiral, 5 nervaduras principales, fruto en baya, roja, sépalos y filamentos persistentes.","http://creativecommons.org/publicdomain/zero/1.0/legalcode",
"930981323","Cavendishia pubescens (Kunth) Hemsl.","Cavendishia pubescens (Kunth) Hemsl.",6.926773,-75.571515,"WGS84","cdround,inmafu","SOUTH_AMERICA","Colombia","CO","Antioquia",,,,"PRESERVED_SPECIMEN","PRESENT","ACCEPTED",,"23243164-c132-444d-a3a4-34662abb8305","cccff716-2694-4209-9f9e-2f7a484465a0","Universidad de Antioquia (UdeA)","HUA","Jacobs L.",,"1974-02-22",1974,2,22,,,,,"http://creativecommons.org/publicdomain/zero/1.0/legalcode",
"931015959","Cavendishia pubescens (Kunth) Hemsl.","Cavendishia pubescens (Kunth) Hemsl.",6.310461,-75.325204,"WGS84","cdround,inmafu","SOUTH_AMERICA","Colombia","CO","Antioquia","San Vicente Ferrer",,,"PRESERVED_SPECIMEN","PRESENT","ACCEPTED",,"23243164-c132-444d-a3a4-34662abb8305","cccff716-2694-4209-9f9e-2f7a484465a0","Universidad de Antioquia (UdeA)","HUA","Denslow J.","Albert L.","1974-03-10",1974,3,10,,2200,0,,"http://creativecommons.org/publicdomain/zero/1.0/legalcode",
"5077526608","Cavendishia pubescens (Kunth) Hemsl.","Cavendishia pubescens (Kunth) Hemsl.",6.285346,-75.333849,"WGS84","cdc,inmafu","SOUTH_AMERICA","Colombia","CO","Antioquia",,,"San Vicente","PRESERVED_SPECIMEN","PRESENT","ACCEPTED",,"13dacd48-5790-4b99-bf04-08b23922e8aa","d6bd7c74-ff29-48f8-b5f5-e9dc1afff3db","WIS",,"J. S. Denslow",,"1974-03-10",1974,3,10,"Second growth woodland",2200,,"Shrub, 10 ft. Arching br. Fl. white w/ pink calyx.","http://creativecommons.org/licenses/by-nc/4.0/legalcode",
"1228411971","Cavendishia pubescens (Kunth) Hemsl.","Cavendishia pubescens (Kunth) Hemsl.",7.0758,-65.9119,"WGS84","gass84,ambcol,inmafu","SOUTH_AMERICA","Venezuela (Bolivarian Republic of)","VE",,,,"Venezuela","PRESERVED_SPECIMEN","PRESENT","ACCEPTED","seeds-22-sep-2023","90c853e6-56bd-480b-8e8f-6285c3f8d42b","7b8aff00-a9f8-11d8-944b-b8a03c50a862","F","Botany","C. E. Benítez de Rojas",,"1974-12-08",1974,12,8,,,,,"http://creativecommons.org/publicdomain/zero/1.0/legalcode","The Field Museum of Natural History"
"1258662091","Cavendishia pubescens (Kunth) Hemsl.","Cavendishia pubescens (Kunth) Hemsl.",8.81666,-82.66666,"WGS84","gass84,colmano,inmafu","NORTH_AMERICA","Panama","PA","Chiriquí",,,"Along road out of El Hato del Volcán west towards the Costa Rican border. Along steep road-cut banks","PRESERVED_SPECIMEN","PRESENT","ACCEPTED","Tropicos","7bd65a7a-f762-11e1-a439-00145eb45e9a","90fd6680-349f-11d8-aa2d-b8a03c50a862","MO","Tropicos","James L. Luteyn","J.L. Luteyn","1972-05-30",1972,5,30,,1400,,,"http://creativecommons.org/licenses/by/4.0/legalcode","Missouri Botanical Garden"
"1259214104","Cavendishia pubescens (Kunth) Hemsl.","Cavendishia pubescens (Kunth) Hemsl.",8.81666,-82.62833,"WGS84","gass84,colmano,inmafu","NORTH_AMERICA","Panama","PA","Chiriquí",,,"Paso Ancho. A few miles north of El Hato del Volcan off the road towards Cerro Punta. Along the llanos bordering the Río Chiriquí. {elevation on original label 6000 f]","PRESERVED_SPECIMEN","PRESENT","ACCEPTED","Tropicos","7bd65a7a-f762-11e1-a439-00145eb45e9a","90fd6680-349f-11d8-aa2d-b8a03c50a862","MO","Tropicos","James L. Luteyn","J.L. Luteyn, 2004 (NY)","1972-05-30",1972,5,30,,1530,,,"http://creativecommons.org/licenses/by/4.0/legalcode","Missouri Botanical Garden"
"1890916546","Cavendishia pubescens (Kunth) Hemsl.","Cavendishia pubescens (Kunth) Hemsl.",6.3414,-76.2741,"WGS84","","SOUTH_AMERICA","Colombia","CO","Antioquia","Urrao",,"La Nevera.","PRESERVED_SPECIMEN","PRESENT","ACCEPTED","Datos Depurados/sistematizados por Expedición por la historia - ColombiaBio","18da9e5d-8966-4893-bf70-b3911152d991","eac88d99-9f6c-4031-8fc4-8088f0e0dfe7","Universidad Nacional de Colombia (UNAL)","COL","G. Lozano C",,"1972-05-02",1972,5,2,"Bosque de niebla",2560,0,,"http://creativecommons.org/licenses/by/4.0/legalcode","Universidad Nacional de Colombia"
"2612132757","Cavendishia pubescens (Kunth) Hemsl.","Cavendishia pubescens (Kunth) Hemsl.",8.5714,-79.9106,"WGS84","gass84,ambcol,inmafu","NORTH_AMERICA","Panama","PA",,,,"Panama","PRESERVED_SPECIMEN","PRESENT","ACCEPTED","seeds-22-sep-2023","90c853e6-56bd-480b-8e8f-6285c3f8d42b","7b8aff00-a9f8-11d8-944b-b8a03c50a862","F","Botany","J. L. Luteyn",,"1972-05-30",1972,5,30,,,,,"http://creativecommons.org/publicdomain/zero/1.0/legalcode","The Field Museum of Natural History"
"2612134875","Cavendishia pubescens (Kunth) Hemsl.","Cavendishia pubescens (Kunth) Hemsl.",8.5714,-79.9106,"WGS84","gass84,ambcol,inmafu","NORTH_AMERICA","Panama","PA",,,,"Panama","PRESERVED_SPECIMEN","PRESENT","ACCEPTED","seeds-22-sep-2023","90c853e6-56bd-480b-8e8f-6285c3f8d42b","7b8aff00-a9f8-11d8-944b-b8a03c50a862","F","Botany","J. L. Luteyn",,"1972-05-30",1972,5,30,,,,,"http://creativecommons.org/publicdomain/zero/1.0/legalcode","The Field Museum of Natural History"
"2807379768","Cavendishia pubescens (Kunth) Hemsl.","Cavendishia pubescens (Kunth) Hemsl.",8.772907,-82.638228,"WGS84","gass84,incomis,inmafu","NORTH_AMERICA","Panama","PA","Chiriqui",,,"Along road out of El Hato del Volcan west towards the Costa Rican border.","PRESERVED_SPECIMEN","PRESENT","ACCEPTED",,"cd096ec0-a8a0-4c65-92cc-48b00fb934ce","3c6ad080-bdbe-11da-ac59-b8a03c50a862","TEX","LL","James L. Luteyn","Luteyn, James L.","1972-05-30",1972,5,30,"Along steep road-cut banks.",,,,"http://creativecommons.org/publicdomain/zero/1.0/legalcode",
"4062118926","Cavendishia pubescens (Kunth) Hemsl.","Cavendishia pubescens (Kunth) Hemsl.",8.81666,-82.62833,"WGS84","gass84,colmano,inmafu","NORTH_AMERICA","Panama","PA","Chiriquí",,,"Paso Ancho. A few miles north of El Hato del Volcan off the road towards Cerro Punta. Along the llanos bordering the Río Chiriquí. {elevation on original label 6000 f]","PRESERVED_SPECIMEN","PRESENT","ACCEPTED","Tropicos","e053ff53-c156-4e2e-b9b5-4462e9625424","90fd6680-349f-11d8-aa2d-b8a03c50a862","NY","Tropicos","James L. Luteyn","J.L. Luteyn, 2004 (NY)","1972-05-30",1972,5,30,,1530,,,"http://creativecommons.org/licenses/by/4.0/legalcode","Missouri Botanical Garden"
"5077523564","Cavendishia pubescens (Kunth) Hemsl.","Cavendishia pubescens (Kunth) Hemsl.",8.772907,-82.638228,"WGS84","cdc,inmafu","NORTH_AMERICA","Panama","PA","Chiriqui",,,"Along road out of El Hato del Volcan west towards the Costa Rican border.","PRESERVED_SPECIMEN","PRESENT","ACCEPTED",,"13dacd48-5790-4b99-bf04-08b23922e8aa","d6bd7c74-ff29-48f8-b5f5-e9dc1afff3db","WIS",,"James L. Luteyn",,"1972-05-30",1972,5,30,"Along steep road-cut banks.",,,"Shrub to 2 meters. Bracts green to pinkish-green. Pedicels pink turning green. Calyx green. Lower 2/3 corolla tube pale pink, upper 1/3 plus limb and lobes white or total tube white, or middle 1/4 pink with the remaining corolla white. Fruits green. Entire plant covered by short, soft white pubescence","http://creativecommons.org/licenses/by-nc/4.0/legalcode",
"1844927636","Cavendishia pubescens (Kunth) Hemsl.","Cavendishia pubescens (Kunth) Hemsl.",4.375715,-74.402763,"WGS84","cdround","SOUTH_AMERICA","Colombia","CO","Cundinamarca","Silvania",,"S of Silvania on toll road to Fusagasugá near kilometer marker 37 turn W and proceed for 6 kilometers on road to Tibacuy. .","PRESERVED_SPECIMEN","PRESENT","ACCEPTED","Convenio Especial de Cooperación #13-238 entre IAvH y UN - 30 Septiembre 2013","18da9e5d-8966-4893-bf70-b3911152d991","eac88d99-9f6c-4031-8fc4-8088f0e0dfe7","Universidad Nacional de Colombia (UNAL)","COL","Herbario Nacional Colombiano|Arthur S. Barclay|Pedro Juajibioy|J. Gama","Alvaro Fernández-Pérez","1972-06-12",1972,6,12,,1450,0,,"http://creativecommons.org/licenses/by/4.0/legalcode","Universidad Nacional de Colombia"
"930981668","Cavendishia pubescens (Kunth) Hemsl.","Cavendishia pubescens (Kunth) Hemsl.",6.068635,-75.507396,"WGS84","cdround,inmafu","SOUTH_AMERICA","Colombia","CO","Antioquia","Retiro",,"Vereda Piedras Blancas. finca La Perla","PRESERVED_SPECIMEN","PRESENT","ACCEPTED",,"23243164-c132-444d-a3a4-34662abb8305","cccff716-2694-4209-9f9e-2f7a484465a0","Universidad de Antioquia (UdeA)","HUA","Albert L.","Luteyn J.","1971-03-21",1971,3,21,,2000,0,,"http://creativecommons.org/publicdomain/zero/1.0/legalcode",
"930981738","Cavendishia pubescens (Kunth) Hemsl.","Cavendishia pubescens (Kunth) Hemsl.",6.068635,-75.507396,"WGS84","cdround,inmafu","SOUTH_AMERICA","Colombia","CO","Antioquia","Retiro",,"Vereda Piedras Blancas. finca La Perla","PRESERVED_SPECIMEN","PRESENT","ACCEPTED",,"23243164-c132-444d-a3a4-34662abb8305","cccff716-2694-4209-9f9e-2f7a484465a0","Universidad de Antioquia (UdeA)","HUA","Albert L.","Luteyn J.","1971-03-21",1971,3,21,,2000,0,,"http://creativecommons.org/publicdomain/zero/1.0/legalcode",
"1929952415","Cavendishia pubescens (Kunth) Hemsl.","Cavendishia pubescens (Kunth) Hemsl.",9.378137,-70.310426,"WGS84","mdativ","SOUTH_AMERICA","Venezuela (Bolivarian Republic of)","VE","Trujillo",,,"Dt. Boconó. Páramo de La Cañada, un sector del gran páramo de La Cristalina.","PRESERVED_SPECIMEN","PRESENT","ACCEPTED","Vascular plants","d415c253-4d61-4459-9d25-4015b9084fb0","ae447c50-b8a8-11d8-92a4-b8a03c50a862","NY","NY","L. E. Ruiz-Terán",,"1971-07-29/1971-07-30",1971,7,,,2625,75,,"http://creativecommons.org/publicdomain/zero/1.0/legalcode","The New York Botanical Garden"
"930980555","Cavendishia pubescens (Kunth) Hemsl.","Cavendishia pubescens (Kunth) Hemsl.",6.27952,-75.49169,"WGS84","inmafu","SOUTH_AMERICA","Colombia","CO","Antioquia","Guarne",,"Piedras Blancas","PRESERVED_SPECIMEN","PRESENT","ACCEPTED",,"23243164-c132-444d-a3a4-34662abb8305","cccff716-2694-4209-9f9e-2f7a484465a0","Universidad de Antioquia (UdeA)","HUA","Soejarto D.|Fonnegra R.|Sierra S.","Soejarto D.","1971-08-05",1971,8,5,,2250,250,,"http://creativecommons.org/publicdomain/zero/1.0/legalcode",
"1844931285","Cavendishia pubescens (Kunth) Hemsl.","Cavendishia pubescens (Kunth) Hemsl.",6.30859,-75.48499,"WGS84","","SOUTH_AMERICA","Colombia","CO","Antioquia","Guarne",,"Sin Datos.","PRESERVED_SPECIMEN","PRESENT","ACCEPTED","Convenio Especial de Cooperación #13-238 entre IAvH y UN - 30 Septiembre 2013","18da9e5d-8966-4893-bf70-b3911152d991","eac88d99-9f6c-4031-8fc4-8088f0e0dfe7","Universidad Nacional de Colombia (UNAL)","COL","D. D. Soejarto|R. Fonegra|S. Sierra","Djaja D. Soejarto","1971-08-05",1971,8,5,,2250,250,,"http://creativecommons.org/licenses/by/4.0/legalcode","Universidad Nacional de Colombia"
"930980993","Cavendishia pubescens (Kunth) Hemsl.","Cavendishia pubescens (Kunth) Hemsl.",5.082516,-75.514708,"WGS84","cdround,inmafu","SOUTH_AMERICA","Colombia","CO","Caldas","Manizales",,,"PRESERVED_SPECIMEN","PRESENT","ACCEPTED",,"23243164-c132-444d-a3a4-34662abb8305","cccff716-2694-4209-9f9e-2f7a484465a0","Universidad de Antioquia (UdeA)","HUA","Correa F.",,"1971-11-20",1971,11,20,,,,,"http://creativecommons.org/publicdomain/zero/1.0/legalcode",
"1258664142","Cavendishia pubescens (Kunth) Hemsl.","Cavendishia pubescens (Kunth) Hemsl.",8.83333,-82.68333,"WGS84","gass84,colmano,inmafu","NORTH_AMERICA","Panama","PA","Chiriquí",,,"Steep forested slopes NE of Cerro Pando NW of Nueva California.","PRESERVED_SPECIMEN","PRESENT","ACCEPTED","Tropicos","7bd65a7a-f762-11e1-a439-00145eb45e9a","90fd6680-349f-11d8-aa2d-b8a03c50a862","MO","Tropicos","Robert L. Wilbur|Richard E. Weaver, Jr.|Robin B. Foster|Mireya D. Correa A.","J. L. Luteyn, NY","1970-01-15",1970,1,15,,1500,,,"http://creativecommons.org/licenses/by/4.0/legalcode","Missouri Botanical Garden"
"5077522893","Cavendishia pubescens (Kunth) Hemsl.","Cavendishia pubescens (Kunth) Hemsl.",8.833333,-82.683333,"WGS84","cdc,inmafu","NORTH_AMERICA","Panama","PA","Chiriqui",,,"NE of Cerro Pando NW of Nueva California.","PRESERVED_SPECIMEN","PRESENT","ACCEPTED",,"13dacd48-5790-4b99-bf04-08b23922e8aa","d6bd7c74-ff29-48f8-b5f5-e9dc1afff3db","WIS",,"R. L. Wilbur; R. E. Weaver, R. Foster & M. Correa",,"1970-01-15",1970,1,15,"Steep forested slopes.",1500,,"Common; Shrub 2-3 m. tall. Bracts light roseate. Corollas translucent white with tinge of roseate at tapered tip above constriction of tube.","http://creativecommons.org/licenses/by-nc/4.0/legalcode",
"1259682627","Cavendishia pubescens (Kunth) Hemsl.","Cavendishia pubescens (Kunth) Hemsl.",8.81666,-82.68333,"WGS84","gass84,colmano,inmafu","NORTH_AMERICA","Panama","PA","Chiriquí",,,"Road towards Costa Rica, 5-9 miles northwest out of El Hato del Volcán. Upland woods.","PRESERVED_SPECIMEN","PRESENT","ACCEPTED","Tropicos","7bd65a7a-f762-11e1-a439-00145eb45e9a","90fd6680-349f-11d8-aa2d-b8a03c50a862","MO","Tropicos","James L. Luteyn","James L Luteyn","1970-06-22",1970,6,22,,1676.4,,,"http://creativecommons.org/licenses/by/4.0/legalcode","Missouri Botanical Garden"
"1228158550","Cavendishia pubescens (Kunth) Hemsl.","Cavendishia pubescens (Kunth) Hemsl.",3.75,-75.25,"WGS84","gass84,ambcol,inmafu","SOUTH_AMERICA","Colombia","CO","Tolima",,,"Tolima","PRESERVED_SPECIMEN","PRESENT","ACCEPTED","seeds-22-sep-2023","90c853e6-56bd-480b-8e8f-6285c3f8d42b","7b8aff00-a9f8-11d8-944b-b8a03c50a862","F","Botany","J. Cuatrecasas & R. Echeverry E.",,"1969-03-03",1969,3,3,,,,,"http://creativecommons.org/publicdomain/zero/1.0/legalcode","The Field Museum of Natural History"
"1228186713","Cavendishia pubescens (Kunth) Hemsl.","Cavendishia pubescens (Kunth) Hemsl.",8.5,-82.25,"WGS84","gass84,ambcol,inmafu","NORTH_AMERICA","Panama","PA","Chiriquí",,,"Chiriquí","PRESERVED_SPECIMEN","PRESENT","ACCEPTED","seeds-22-sep-2023","90c853e6-56bd-480b-8e8f-6285c3f8d42b","7b8aff00-a9f8-11d8-944b-b8a03c50a862","F","Botany","M. D. Corrêa","J. L. Luteyn","1969-04-24",1969,4,24,,,,,"http://creativecommons.org/publicdomain/zero/1.0/legalcode","The Field Museum of Natural History"
"1259680365","Cavendishia pubescens (Kunth) Hemsl.","Cavendishia pubescens (Kunth) Hemsl.",8.85,-82.6,"WGS84","gass84,colmano,inmafu","NORTH_AMERICA","Panama","PA","Chiriquí",,,"A lo largo del camino que va de Bambito a los llanos de lava. Los llanos de lava están entre 0.1 y 5 Km.","PRESERVED_SPECIMEN","PRESENT","ACCEPTED","Tropicos","7bd65a7a-f762-11e1-a439-00145eb45e9a","90fd6680-349f-11d8-aa2d-b8a03c50a862","MO","Tropicos","Mireya D. Correa A.|Robert L. Lazor","James L Luteyn","1969-04-24",1969,4,24,,1828.8,,,"http://creativecommons.org/licenses/by/4.0/legalcode","Missouri Botanical Garden"
"1259682064","Cavendishia pubescens (Kunth) Hemsl.","Cavendishia pubescens (Kunth) Hemsl.",8.81666,-82.68333,"WGS84","gass84,colmano,inmafu","NORTH_AMERICA","Panama","PA","Chiriquí",,,"Camino a Cerro Panda a más o menos 6 km NE del Hato de Volcán.","PRESERVED_SPECIMEN","PRESENT","ACCEPTED","Tropicos","7bd65a7a-f762-11e1-a439-00145eb45e9a","90fd6680-349f-11d8-aa2d-b8a03c50a862","MO","Tropicos","Mireya D. Correa A.","James L Luteyn","1969-04-23",1969,4,23,,1828.8,,,"http://creativecommons.org/licenses/by/4.0/legalcode","Missouri Botanical Garden"
"1228378368","Cavendishia pubescens (Kunth) Hemsl.","Cavendishia pubescens (Kunth) Hemsl.",8,-73,"WGS84","gass84,ambcol,inmafu","SOUTH_AMERICA","Colombia","CO","Norte de Santander",,,"Norte de Santander","PRESERVED_SPECIMEN","PRESENT","ACCEPTED","seeds-22-sep-2023","90c853e6-56bd-480b-8e8f-6285c3f8d42b","7b8aff00-a9f8-11d8-944b-b8a03c50a862","F","Botany","J. Cuatrecasas & et al.",,"1969-09-28",1969,9,28,,,,,"http://creativecommons.org/publicdomain/zero/1.0/legalcode","The Field Museum of Natural History"
"931008094","Cavendishia pubescens (Kunth) Hemsl.","Cavendishia pubescens (Kunth) Hemsl.",6.4658,-75.37789,"WGS84","inmafu","SOUTH_AMERICA","Colombia","CO","Antioquia","Donmatías",,"Granja Xinamaika. km 39 carretera a Donmatías","PRESERVED_SPECIMEN","PRESENT","ACCEPTED",,"23243164-c132-444d-a3a4-34662abb8305","cccff716-2694-4209-9f9e-2f7a484465a0","Universidad de Antioquia (UdeA)","HUA","Botero L.|Fonnegra R.|Villa D.","Soejarto D.","1969-11-25",1969,11,25,,,,,"http://creativecommons.org/publicdomain/zero/1.0/legalcode",
"931011205","Cavendishia pubescens (Kunth) Hemsl.","Cavendishia pubescens (Kunth) Hemsl.",6.31395,-75.50847,"WGS84","rdatm,inmafu","SOUTH_AMERICA","Colombia","CO","Antioquia","Copacabana",,"Piedras Blancas. roadside to Guarne","PRESERVED_SPECIMEN","PRESENT","ACCEPTED",,"23243164-c132-444d-a3a4-34662abb8305","cccff716-2694-4209-9f9e-2f7a484465a0","Universidad de Antioquia (UdeA)","HUA","Soejarto D.","Luteyn J.","1969",1969,,,,2000,0,,"http://creativecommons.org/publicdomain/zero/1.0/legalcode",
"1315020374","Cavendishia pubescens (Kunth) Hemsl.","Cavendishia pubescens (Kunth) Hemsl.",5.77416,-73.4181,"WGS84","cdc,gass84,cdpi","SOUTH_AMERICA","Colombia","CO","Boyacá",,,"Al NE de Arcabuco.","HUMAN_OBSERVATION","PRESENT","ACCEPTED",,"79684ec1-01e8-46cc-83cb-cd5bdfb469fe","eac88d99-9f6c-4031-8fc4-8088f0e0dfe7","Universidad Nacional de Colombia (UNAL)","COL","García B., H.",,"1966-10-12",1966,10,12,,2650,0,,"http://creativecommons.org/licenses/by-nc/4.0/legalcode",
"1844914199","Cavendishia pubescens (Kunth) Hemsl.","Cavendishia pubescens (Kunth) Hemsl.",5.774162,-73.418092,"WGS84","","SOUTH_AMERICA","Colombia","CO","Boyacá",,,"Al NE de Arcabuco.","PRESERVED_SPECIMEN","PRESENT","ACCEPTED","Convenio Especial de Cooperación #13-238 entre IAvH y UN - 30 Septiembre 2013","18da9e5d-8966-4893-bf70-b3911152d991","eac88d99-9f6c-4031-8fc4-8088f0e0dfe7","Universidad Nacional de Colombia (UNAL)","COL","Hernándo García Barriga","James L. Luteyn","1966-10-12",1966,10,12,,2650,0,,"http://creativecommons.org/licenses/by/4.0/legalcode","Universidad Nacional de Colombia"
"1228170094","Cavendishia pubescens (Kunth) Hemsl.","Cavendishia pubescens (Kunth) Hemsl.",3.75,-75.25,"WGS84","gass84,ambcol,inmafu","SOUTH_AMERICA","Colombia","CO","Tolima",,,"Tolima","PRESERVED_SPECIMEN","PRESENT","ACCEPTED","seeds-22-sep-2023","90c853e6-56bd-480b-8e8f-6285c3f8d42b","7b8aff00-a9f8-11d8-944b-b8a03c50a862","F","Botany","H. García-Barriga",,"1965-03-13",1965,3,13,,,,,"http://creativecommons.org/publicdomain/zero/1.0/legalcode","The Field Museum of Natural History"
"1844903140","Cavendishia pubescens (Kunth) Hemsl.","Cavendishia pubescens (Kunth) Hemsl.",5.772616,-73.414227,"WGS84","","SOUTH_AMERICA","Colombia","CO","Boyacá",,,"Arcabuco, al NE de la poblacion.","PRESERVED_SPECIMEN","PRESENT","ACCEPTED","Convenio Especial de Cooperación #13-238 entre IAvH y UN - 30 Septiembre 2013","18da9e5d-8966-4893-bf70-b3911152d991","eac88d99-9f6c-4031-8fc4-8088f0e0dfe7","Universidad Nacional de Colombia (UNAL)","COL","Lorenzo Uribe Uribe","James L. Luteyn","1965-10-20",1965,10,20,,2750,0,,"http://creativecommons.org/licenses/by/4.0/legalcode","Universidad Nacional de Colombia"
"1259682476","Cavendishia pubescens (Kunth) Hemsl.","Cavendishia pubescens (Kunth) Hemsl.",8.75,-82.43333,"WGS84","gass84,colmano,inmafu","NORTH_AMERICA","Panama","PA","Chiriquí","Boquete",,"Vicinity of Boquete. Llanos area just south of town.","PRESERVED_SPECIMEN","PRESENT","ACCEPTED","Tropicos","7bd65a7a-f762-11e1-a439-00145eb45e9a","90fd6680-349f-11d8-aa2d-b8a03c50a862","MO","Tropicos","William L. Stern|Richard H. Eyde|Edward S. Ayensu","J.L. Lyteyn","1963-03-10",1963,3,10,,1066.8,,,"http://creativecommons.org/licenses/by/4.0/legalcode","Missouri Botanical Garden"
"1261501978","Cavendishia pubescens (Kunth) Hemsl.","Cavendishia pubescens (Kunth) Hemsl.",-10.967778,-74.827222,"WGS84","cdround,gass84,osiic,colmano,inmafu","SOUTH_AMERICA","Peru","PE","Junín",,,"Agua Dulce, forested mountains.","PRESERVED_SPECIMEN","PRESENT","ACCEPTED","Tropicos","7bd65a7a-f762-11e1-a439-00145eb45e9a","90fd6680-349f-11d8-aa2d-b8a03c50a862","MO","Tropicos","Felix Woytkowski","James L. Luteyn","1962-07-24",1962,7,24,,1700,100,,"http://creativecommons.org/licenses/by/4.0/legalcode","Missouri Botanical Garden"
"1890992812","Cavendishia pubescens (Kunth) Hemsl.","Cavendishia pubescens (Kunth) Hemsl.",4.4714,-75.5644,"WGS84","cdround","SOUTH_AMERICA","Colombia","CO","Tolima",,,"Carretera Ibague - Armenia.","PRESERVED_SPECIMEN","PRESENT","ACCEPTED","Datos Depurados/sistematizados por Expedición por la historia - ColombiaBio","18da9e5d-8966-4893-bf70-b3911152d991","eac88d99-9f6c-4031-8fc4-8088f0e0dfe7","Universidad Nacional de Colombia (UNAL)","COL","Harriet G. Barclay","L. Luteyn","1958-09-15",1958,9,15,,3100,100,,"http://creativecommons.org/licenses/by/4.0/legalcode","Universidad Nacional de Colombia"
"1315020375","Cavendishia pubescens (Kunth) Hemsl.","Cavendishia pubescens (Kunth) Hemsl.",4.76806,-74.4586,"WGS84","cdc,gass84,cdpi","SOUTH_AMERICA","Colombia","CO","Cundinamarca","Anolaima",,"Alrededores de Anolaima.Alt.1800m..","HUMAN_OBSERVATION","PRESENT","ACCEPTED",,"79684ec1-01e8-46cc-83cb-cd5bdfb469fe","eac88d99-9f6c-4031-8fc4-8088f0e0dfe7","Universidad Nacional de Colombia (UNAL)","COL",,,"1954-01-01",1954,1,1,,1800,0,,"http://creativecommons.org/licenses/by-nc/4.0/legalcode",
"1934716994","Cavendishia pubescens (Kunth) Hemsl.","Cavendishia pubescens (Kunth) Hemsl.",4.445278,-75.427222,"WGS84","cdround","SOUTH_AMERICA","Colombia","CO","Tolima",,,"Valle del Rio Bermellon.","PRESERVED_SPECIMEN","PRESENT","ACCEPTED","Datos Depurados/sistematizados por Expedición por la historia - ColombiaBio","18da9e5d-8966-4893-bf70-b3911152d991","eac88d99-9f6c-4031-8fc4-8088f0e0dfe7","Universidad Nacional de Colombia (UNAL)","COL","H. Humbert",,"1952-10-29",1952,10,29,,,,,"http://creativecommons.org/licenses/by/4.0/legalcode","Universidad Nacional de Colombia"
"1228465311","Cavendishia pubescens (Kunth) Hemsl.","Cavendishia pubescens (Kunth) Hemsl.",-16.7261,-64.435,"WGS84","gass84,ambcol,inmafu","SOUTH_AMERICA","Bolivia (Plurinational State of)","BO",,,,"Bolivia","PRESERVED_SPECIMEN","PRESENT","ACCEPTED","seeds-22-sep-2023","90c853e6-56bd-480b-8e8f-6285c3f8d42b","7b8aff00-a9f8-11d8-944b-b8a03c50a862","F","Botany","W. M. A. Brooke",,"1950-06-24",1950,6,24,,,,,"http://creativecommons.org/publicdomain/zero/1.0/legalcode","The Field Museum of Natural History"
"3032740024","Cavendishia pubescens (Kunth) Hemsl.","Cavendishia pubescens (Kunth) Hemsl.",6,-75.43311,"WGS84","muluriiv,colmafu,inmafu","SOUTH_AMERICA","Colombia","CO","Antioquia","La Ceja",,,"PRESERVED_SPECIMEN","PRESENT","ACCEPTED",,"3dac6c1a-ef35-4804-9a7e-df3fd20621b3","478a9e81-e716-42dc-a68d-03487953a32e","Universidad de La Salle (La Salle)","BOG","Hno. Daniel González Patiño","Hno. Daniel González Patiño","1949-01",1949,1,,,2216,0,"Cavendishia pubescens (Kunth) Hemsl. Corr. F. Sarmiento/2010","http://creativecommons.org/publicdomain/zero/1.0/legalcode",
"3032740042","Cavendishia pubescens (Kunth) Hemsl.","Cavendishia pubescens (Kunth) Hemsl.",6,-75.43311,"WGS84","muluriiv,colmafu,inmafu","SOUTH_AMERICA","Colombia","CO","Antioquia","La Ceja",,,"PRESERVED_SPECIMEN","PRESENT","ACCEPTED",,"3dac6c1a-ef35-4804-9a7e-df3fd20621b3","478a9e81-e716-42dc-a68d-03487953a32e","Universidad de La Salle (La Salle)","BOG","Hno. Daniel González Patiño","Hno. Daniel González Patiño","1949-01",1949,1,,,2216,0,"Cavendishia pubescens (Kunth) Hemsl. Corr. F. Sarmiento/2010","http://creativecommons.org/publicdomain/zero/1.0/legalcode",
"1228537309","Cavendishia pubescens (Kunth) Hemsl.","Cavendishia pubescens (Kunth) Hemsl.",7,-75.5,"WGS84","gass84,ambcol,inmafu","SOUTH_AMERICA","Colombia","CO","Antioquia",,,"Antioquia","PRESERVED_SPECIMEN","PRESENT","ACCEPTED","seeds-22-sep-2023","90c853e6-56bd-480b-8e8f-6285c3f8d42b","7b8aff00-a9f8-11d8-944b-b8a03c50a862","F","Botany","F. A. Barkley & et al.",,"1948-06-02",1948,6,2,,,,,"http://creativecommons.org/publicdomain/zero/1.0/legalcode","The Field Museum of Natural History"
"3032740041","Cavendishia pubescens (Kunth) Hemsl.","Cavendishia pubescens (Kunth) Hemsl.",7,-75.5,"WGS84","muluriiv,colmafu,inmafu","SOUTH_AMERICA","Colombia","CO","Antioquia",,,,"PRESERVED_SPECIMEN","PRESENT","ACCEPTED",,"3dac6c1a-ef35-4804-9a7e-df3fd20621b3","478a9e81-e716-42dc-a68d-03487953a32e","Universidad de La Salle (La Salle)","BOG","Hno. Daniel González Patiño","Hno. Daniel González Patiño","1948-08-19",1948,8,19,,2097,0,"Cavendishia pubescens (Kunth) Hemsl. Corr. F. Sarmiento/2010","http://creativecommons.org/publicdomain/zero/1.0/legalcode",
"1898920997","Cavendishia pubescens (Kunth) Hemsl.","Cavendishia pubescens (Kunth) Hemsl.",5.162778,-74.152222,"WGS84","cdround","SOUTH_AMERICA","Colombia","CO","Cundinamarca","Pacho",,"Hacienda Patasia.","PRESERVED_SPECIMEN","PRESENT","ACCEPTED","Datos Depurados/sistematizados por Expedición por la historia - ColombiaBio","18da9e5d-8966-4893-bf70-b3911152d991","eac88d99-9f6c-4031-8fc4-8088f0e0dfe7","Universidad Nacional de Colombia (UNAL)","COL","Hernándo García Barriga","A. C. Smith","1947-08-05/1947-08-07",1947,8,,,2110,290,,"http://creativecommons.org/licenses/by/4.0/legalcode","Universidad Nacional de Colombia"
"4077759479","Cavendishia pubescens (Kunth) Hemsl.","Cavendishia pubescens (Kunth) Hemsl.",6.0299,-75.430572,"WGS84","cucdmis,cum,rdativ","SOUTH_AMERICA","Ecuador","EC","Antioquia","La Ceja",,,"PRESERVED_SPECIMEN","PRESENT","ACCEPTED","UNL:HERBARIO LOJA:ESPECIMEN PRERSERVADO","b5a8e29d-cd8c-4e04-90b2-422d900caab6","33d232b5-5cc2-4521-8bd6-121c5bb41c32","LOJA","LOJA-VASCULARES","Fred A. Barkley","James L. Luteyn","1947-11-01",1947,11,1,,2180,,,"http://creativecommons.org/licenses/by-nc/4.0/legalcode","Herbario LOJA"
"1228347647","Cavendishia pubescens (Kunth) Hemsl.","Cavendishia pubescens (Kunth) Hemsl.",3.75,-76.5,"WGS84","gass84,ambcol,inmafu","SOUTH_AMERICA","Colombia","CO","Valle del Cauca",,,"Valle del Cauca","PRESERVED_SPECIMEN","PRESENT","ACCEPTED","seeds-22-sep-2023","90c853e6-56bd-480b-8e8f-6285c3f8d42b","7b8aff00-a9f8-11d8-944b-b8a03c50a862","F","Botany","J. Cuatrecasas",,"1946-04-20",1946,4,20,,,,,"http://creativecommons.org/publicdomain/zero/1.0/legalcode","The Field Museum of Natural History"
"1934716887","Cavendishia pubescens (Kunth) Hemsl.","Cavendishia pubescens (Kunth) Hemsl.",4.390895,-74.346703,"WGS84","cdround","SOUTH_AMERICA","Colombia","CO","Cundinamarca","Fusagasugá",,"Fusagasuga hacia ""La Aguadita"".","PRESERVED_SPECIMEN","PRESENT","ACCEPTED","Datos Depurados/sistematizados por Expedición por la historia - ColombiaBio","18da9e5d-8966-4893-bf70-b3911152d991","eac88d99-9f6c-4031-8fc4-8088f0e0dfe7","Universidad Nacional de Colombia (UNAL)","COL","Jesús María Duque-Jaramillo","James L. Luteyn","1946-04-15",1946,4,15,,1915,165,,"http://creativecommons.org/licenses/by/4.0/legalcode","Universidad Nacional de Colombia"
"1228623756","Cavendishia pubescens (Kunth) Hemsl.","Cavendishia pubescens (Kunth) Hemsl.",7,-75.5,"WGS84","gass84,ambcol,inmafu","SOUTH_AMERICA","Colombia","CO","Antioquia",,,"Antioquia","PRESERVED_SPECIMEN","PRESENT","ACCEPTED","seeds-22-sep-2023","90c853e6-56bd-480b-8e8f-6285c3f8d42b","7b8aff00-a9f8-11d8-944b-b8a03c50a862","F","Botany","W. H. Hodge",,"1945-03-18",1945,3,18,,,,,"http://creativecommons.org/publicdomain/zero/1.0/legalcode","The Field Museum of Natural History"
"1891014681","Cavendishia pubescens (Kunth) Hemsl.","Cavendishia pubescens (Kunth) Hemsl.",6.205,-75.486111,"WGS84","cdround","SOUTH_AMERICA","Colombia","CO","Antioquia",,,"Entre Rio Negro y Santa Helena, carretera.","PRESERVED_SPECIMEN","PRESENT","ACCEPTED","Datos Depurados/sistematizados por Expedición por la historia - ColombiaBio","18da9e5d-8966-4893-bf70-b3911152d991","eac88d99-9f6c-4031-8fc4-8088f0e0dfe7","Universidad Nacional de Colombia (UNAL)","COL","Hernándo García Barriga",,"1944-07-01",1944,7,1,,2650,0,,"http://creativecommons.org/licenses/by/4.0/legalcode","Universidad Nacional de Colombia"
"1844955884","Cavendishia pubescens (Kunth) Hemsl.","Cavendishia pubescens (Kunth) Hemsl.",7.354444,-72.436389,"WGS84","cdround","SOUTH_AMERICA","Colombia","CO","Norte de Santander","Toledo",,"Cordillera oriental, Hoya de Samaria.","PRESERVED_SPECIMEN","PRESENT","ACCEPTED","Convenio Especial de Cooperación #13-238 entre IAvH y UN - 30 Septiembre 2013","18da9e5d-8966-4893-bf70-b3911152d991","eac88d99-9f6c-4031-8fc4-8088f0e0dfe7","Universidad Nacional de Colombia (UNAL)","COL","José Cuatrecasas","James L. Luteyn","1941-10-29",1941,10,29,,2050,50,,"http://creativecommons.org/licenses/by/4.0/legalcode","Universidad Nacional de Colombia"
"2013822931","Cavendishia pubescens (Kunth) Hemsl.","Cavendishia pubescens (Kunth) Hemsl.",5.05,-75,"WGS84","gass84","SOUTH_AMERICA","Colombia","CO","Caldas",,,"Manizales.","PRESERVED_SPECIMEN","PRESENT","ACCEPTED","Datos Depurados/sistematizados por Expedición por la historia - ColombiaBio","18da9e5d-8966-4893-bf70-b3911152d991","eac88d99-9f6c-4031-8fc4-8088f0e0dfe7","Universidad Nacional de Colombia (UNAL)","COL","Jesús María Duque-Jaramillo","Duque","1938-01-01",1938,1,1,,3330,,,"http://creativecommons.org/licenses/by/4.0/legalcode","Universidad Nacional de Colombia"
"1228197689","Cavendishia pubescens (Kunth) Hemsl.","Cavendishia pubescens (Kunth) Hemsl.",7.0758,-65.9119,"WGS84","gass84,ambcol,inmafu","SOUTH_AMERICA","Venezuela (Bolivarian Republic of)","VE",,,,"Venezuela","PRESERVED_SPECIMEN","PRESENT","ACCEPTED","seeds-22-sep-2023","90c853e6-56bd-480b-8e8f-6285c3f8d42b","7b8aff00-a9f8-11d8-944b-b8a03c50a862","F","Botany","Ll. Williams",,"1938-04-27",1938,4,27,,,,,"http://creativecommons.org/publicdomain/zero/1.0/legalcode","The Field Museum of Natural History"
"1259679421","Cavendishia pubescens (Kunth) Hemsl.","Cavendishia pubescens (Kunth) Hemsl.",8.78333,-82.43333,"WGS84","gass84,colmano,inmafu","NORTH_AMERICA","Panama","PA","Chiriquí","Boquete",,"Boquete","PRESERVED_SPECIMEN","PRESENT","ACCEPTED","Tropicos","7bd65a7a-f762-11e1-a439-00145eb45e9a","90fd6680-349f-11d8-aa2d-b8a03c50a862","MO","Tropicos","Mary E. Davidson","James L Luteyn","1938-05-13",1938,5,13,,1158.24,,,"http://creativecommons.org/licenses/by/4.0/legalcode","Missouri Botanical Garden"
"2612112798","Cavendishia pubescens (Kunth) Hemsl.","Cavendishia pubescens (Kunth) Hemsl.",8.5714,-79.9106,"WGS84","gass84,ambcol,inmafu","NORTH_AMERICA","Panama","PA",,,,"Panama","PRESERVED_SPECIMEN","PRESENT","ACCEPTED","seeds-22-sep-2023","90c853e6-56bd-480b-8e8f-6285c3f8d42b","7b8aff00-a9f8-11d8-944b-b8a03c50a862","F","Botany","M. E. Davidson",,"1938-05-13",1938,5,13,,,,,"http://creativecommons.org/publicdomain/zero/1.0/legalcode","The Field Museum of Natural History"
"1228173367","Cavendishia pubescens (Kunth) Hemsl.","Cavendishia pubescens (Kunth) Hemsl.",-9.1839,-74.14,"WGS84","gass84,ambcol,inmafu","SOUTH_AMERICA","Peru","PE",,,,"Perú","PRESERVED_SPECIMEN","PRESENT","ACCEPTED","seeds-22-sep-2023","90c853e6-56bd-480b-8e8f-6285c3f8d42b","7b8aff00-a9f8-11d8-944b-b8a03c50a862","F","Botany","J. J. Soukup",,"1937-01",1937,1,,,,,,"http://creativecommons.org/publicdomain/zero/1.0/legalcode","The Field Museum of Natural History"
"1228596078","Cavendishia pubescens (Kunth) Hemsl.","Cavendishia pubescens (Kunth) Hemsl.",7.0758,-65.9119,"WGS84","gass84,ambcol,inmafu","SOUTH_AMERICA","Venezuela (Bolivarian Republic of)","VE",,,,"Venezuela","PRESERVED_SPECIMEN","PRESENT","ACCEPTED","seeds-22-sep-2023","90c853e6-56bd-480b-8e8f-6285c3f8d42b","7b8aff00-a9f8-11d8-944b-b8a03c50a862","F","Botany","F. Tamayo",,"1937-09",1937,9,,,,,,"http://creativecommons.org/publicdomain/zero/1.0/legalcode","The Field Museum of Natural History"
"1228368342","Cavendishia pubescens (Kunth) Hemsl.","Cavendishia pubescens (Kunth) Hemsl.",5.5,-72.5,"WGS84","gass84,ambcol,inmafu","SOUTH_AMERICA","Colombia","CO","Boyacá",,,"Boyacá","PRESERVED_SPECIMEN","PRESENT","ACCEPTED","seeds-22-sep-2023","90c853e6-56bd-480b-8e8f-6285c3f8d42b","7b8aff00-a9f8-11d8-944b-b8a03c50a862","F","Botany","A. E. Lawrance",,"1932-08-02",1932,8,2,,,,,"http://creativecommons.org/publicdomain/zero/1.0/legalcode","The Field Museum of Natural History"
"1228559133","Cavendishia pubescens (Kunth) Hemsl.","Cavendishia pubescens (Kunth) Hemsl.",5.5,-72.5,"WGS84","gass84,ambcol,inmafu","SOUTH_AMERICA","Colombia","CO","Boyacá",,,"Boyacá","PRESERVED_SPECIMEN","PRESENT","ACCEPTED","seeds-22-sep-2023","90c853e6-56bd-480b-8e8f-6285c3f8d42b","7b8aff00-a9f8-11d8-944b-b8a03c50a862","F","Botany","A. E. Lawrance",,"1932-08-08",1932,8,8,,,,,"http://creativecommons.org/publicdomain/zero/1.0/legalcode","The Field Museum of Natural History"
"1228605975","Cavendishia pubescens (Kunth) Hemsl.","Cavendishia pubescens (Kunth) Hemsl.",7,-73.25,"WGS84","gass84,ambcol,inmafu","SOUTH_AMERICA","Colombia","CO","Santander",,,"Santander","PRESERVED_SPECIMEN","PRESENT","ACCEPTED","seeds-22-sep-2023","90c853e6-56bd-480b-8e8f-6285c3f8d42b","7b8aff00-a9f8-11d8-944b-b8a03c50a862","F","Botany","E. P. Killip & A. C. Smith",,"1926-12-19",1926,12,19,,,,,"http://creativecommons.org/publicdomain/zero/1.0/legalcode","The Field Museum of Natural History"
"1930996232","Cavendishia pubescens (Kunth) Hemsl.","Cavendishia pubescens (Kunth) Hemsl.",7.199436,-72.991257,"WGS84","cdround,mdativ","SOUTH_AMERICA","Colombia","CO","Santander",,,"Eastern Cordillera. Vicinity of Las Vegas. Thicket.","PRESERVED_SPECIMEN","PRESENT","ACCEPTED","Vascular plants","d415c253-4d61-4459-9d25-4015b9084fb0","ae447c50-b8a8-11d8-92a4-b8a03c50a862","NY","NY","E. P. Killip",,"1926-12-21/1926-12-23",1926,12,,,2800,200,,"http://creativecommons.org/publicdomain/zero/1.0/legalcode","The New York Botanical Garden"
"1228282450","Cavendishia pubescens (Kunth) Hemsl.","Cavendishia pubescens (Kunth) Hemsl.",2.5,-75.75,"WGS84","gass84,ambcol,inmafu","SOUTH_AMERICA","Colombia","CO","Huila",,,"Huila","PRESERVED_SPECIMEN","PRESENT","ACCEPTED","seeds-22-sep-2023","90c853e6-56bd-480b-8e8f-6285c3f8d42b","7b8aff00-a9f8-11d8-944b-b8a03c50a862","F","Botany","H. H. Rusby & F. W. Pennell",,"1917-08-01",1917,8,1,,,,,"http://creativecommons.org/publicdomain/zero/1.0/legalcode","The Field Museum of Natural History"
"1260253400","Cavendishia pubescens (Kunth) Hemsl.","Cavendishia pubescens (Kunth) Hemsl.",2.931634,-74.950153,"WGS84","gass84,colmano,inmafu","SOUTH_AMERICA","Colombia","CO","Huila",,,"Cordillera Oriental, East of Neiva. Forest.","PRESERVED_SPECIMEN","PRESENT","ACCEPTED","Tropicos","7bd65a7a-f762-11e1-a439-00145eb45e9a","90fd6680-349f-11d8-aa2d-b8a03c50a862","MO","Tropicos","Henry H. Rusby|Francis W. Pennell","James L. Luteyn","1917-08-01",1917,8,1,,1550,250,,"http://creativecommons.org/licenses/by/4.0/legalcode","Missouri Botanical Garden"
"1928325965","Cavendishia pubescens (Kunth) Hemsl.","Cavendishia pubescens (Kunth) Hemsl.",2.91141,-74.99699,"WGS84","cdround,mdativ","SOUTH_AMERICA","Colombia","CO","Huila",,,"Cordillera Oriental, E of Neiva. Forest.","PRESERVED_SPECIMEN","PRESENT","ACCEPTED","Vascular plants","d415c253-4d61-4459-9d25-4015b9084fb0","ae447c50-b8a8-11d8-92a4-b8a03c50a862","NY","NY","H. H. Rusby",,"1917-08-01/1917-08-08",1917,8,,,2050,250,,"http://creativecommons.org/publicdomain/zero/1.0/legalcode","The New York Botanical Garden"
"1930879971","Cavendishia pubescens (Kunth) Hemsl.","Cavendishia pubescens (Kunth) Hemsl.",2.917099,-75.0482,"WGS84","cdround,mdativ","SOUTH_AMERICA","Colombia","CO","Huila",,,"Cordillera Oriental, E of Neiva. Forest.","PRESERVED_SPECIMEN","PRESENT","ACCEPTED","Vascular plants","d415c253-4d61-4459-9d25-4015b9084fb0","ae447c50-b8a8-11d8-92a4-b8a03c50a862","NY","NY","H. H. Rusby",,"1917-08-01/1917-08-08",1917,8,,,1550,250,,"http://creativecommons.org/publicdomain/zero/1.0/legalcode","The New York Botanical Garden"
"1228627467","Cavendishia pubescens (Kunth) Hemsl.","Cavendishia pubescens (Kunth) Hemsl.",-16.7261,-64.435,"WGS84","gass84,ambcol,inmafu","SOUTH_AMERICA","Bolivia (Plurinational State of)","BO",,,,"Bolivia","PRESERVED_SPECIMEN","PRESENT","ACCEPTED","seeds-22-sep-2023","90c853e6-56bd-480b-8e8f-6285c3f8d42b","7b8aff00-a9f8-11d8-944b-b8a03c50a862","F","Botany","O. Buchtien",,"1917-12",1917,12,,,,,,"http://creativecommons.org/publicdomain/zero/1.0/legalcode","The Field Museum of Natural History"
"1260252198","Cavendishia pubescens (Kunth) Hemsl.","Cavendishia pubescens (Kunth) Hemsl.",-16.360278,-67.5975,"WGS84","cdround,gass84,osiic,colmano,inmafu","SOUTH_AMERICA","Bolivia (Plurinational State of)","BO","La Paz","Nor Yungas",,"Milluguaya.","PRESERVED_SPECIMEN","PRESENT","ACCEPTED","Tropicos","e053ff53-c156-4e2e-b9b5-4462e9625424","90fd6680-349f-11d8-aa2d-b8a03c50a862","GH","Tropicos","Otto Buchtien","James L. Luteyn (NY)","1917-12",1917,12,,,1500,,,"http://creativecommons.org/licenses/by/4.0/legalcode","Missouri Botanical Garden"
"4032001406","Cavendishia pubescens (Kunth) Hemsl.","Cavendishia pubescens (Kunth) Hemsl.",-16.360278,-67.5975,"WGS84","cdround,gass84,osiic,colmano,inmafu","SOUTH_AMERICA","Bolivia (Plurinational State of)","BO","La Paz","Nor Yungas",,"Milluguaya.","PRESERVED_SPECIMEN","PRESENT","ACCEPTED","Tropicos","7bd65a7a-f762-11e1-a439-00145eb45e9a","90fd6680-349f-11d8-aa2d-b8a03c50a862","MO","Tropicos","Otto Buchtien","James L. Luteyn (NY)","1917-12",1917,12,,,1500,,,"http://creativecommons.org/licenses/by/4.0/legalcode","Missouri Botanical Garden"
"689509","Cavendishia pubescens (Kunth) Hemsl.","Cavendishia pubescens (Kunth) Hemsl.",-15.535556,-67.946111,"WGS84","cdc,conti,cdround,gass84,osiic,colmano,inmafu","SOUTH_AMERICA","Bolivia (Plurinational State of)","BO","La Paz",,,"between Guanay and Tipuani","PRESERVED_SPECIMEN","PRESENT","ACCEPTED",,"aab0cf80-0c64-11dd-84d1-b8a03c50a862","c0758a16-296b-4ec3-97fd-8a057d9060f3","LD","General","Miguel Bang",,"1892-04",1892,4,,,,,,"http://creativecommons.org/licenses/by-nc/4.0/legalcode",
"2981281475","Cavendishia pubescens var. boliviensis Hoerold","Cavendishia pubescens (Kunth) Hemsl.",-15.493239,-67.877655,"WGS84","cdc,cdround,colmano,inmafu","SOUTH_AMERICA","Bolivia (Plurinational State of)","BO",,,,"Guanai-Tipuani.","PRESERVED_SPECIMEN","PRESENT","SYNONYM",,"7b9a08ea-f762-11e1-a439-00145eb45e9a","0674aea0-a7e1-11d8-9534-b8a03c50a862","M-VascularPlants","BSMvplantscoll","Bang, M. (no. 1383)",,"1892-04",1892,4,,,,,,"http://creativecommons.org/licenses/by/4.0/legalcode",
"3056575445","Cavendishia pubescens (Kunth) Hemsl.","Cavendishia pubescens (Kunth) Hemsl.",-15.8,-68.066667,"WGS84","cdc,gass84,ambcol","SOUTH_AMERICA","Bolivia (Plurinational State of)","BO",,,,"Guanai-Tipuani","PRESERVED_SPECIMEN","PRESENT","ACCEPTED",,"a36438d0-bec7-4b7b-9bfa-2c31e7610c39","927f1e70-cf74-11d8-bf68-b8a03c50a862","MIN","Plants","Bang, A. Miguel",,"1892-04",1892,4,,,,,,"http://creativecommons.org/publicdomain/zero/1.0/legalcode","Bell Museum, University of Minnesota"
"1228370498","Cavendishia pubescens (Kunth) Hemsl.","Cavendishia pubescens (Kunth) Hemsl.",-16.7261,-64.435,"WGS84","gass84,ambcol,inmafu","SOUTH_AMERICA","Bolivia (Plurinational State of)","BO",,,,"Bolivia","PRESERVED_SPECIMEN","PRESENT","ACCEPTED","seeds-22-sep-2023","90c853e6-56bd-480b-8e8f-6285c3f8d42b","7b8aff00-a9f8-11d8-944b-b8a03c50a862","F","Botany","N. L. Britton & H. H. Rusby",,"1890",1890,,,,,,,"http://creativecommons.org/publicdomain/zero/1.0/legalcode","The Field Museum of Natural History"
"1228521816","Cavendishia pubescens (Kunth) Hemsl.","Cavendishia pubescens (Kunth) Hemsl.",-16.7261,-64.435,"WGS84","gass84,ambcol,inmafu","SOUTH_AMERICA","Bolivia (Plurinational State of)","BO",,,,"Bolivia","PRESERVED_SPECIMEN","PRESENT","ACCEPTED","seeds-22-sep-2023","90c853e6-56bd-480b-8e8f-6285c3f8d42b","7b8aff00-a9f8-11d8-944b-b8a03c50a862","F","Botany","N. L. Britton & H. H. Rusby",,"1890",1890,,,,,,,"http://creativecommons.org/publicdomain/zero/1.0/legalcode","The Field Museum of Natural History"
"1261097343","Thibaudia pubescens Kunth","Cavendishia pubescens (Kunth) Hemsl.",-15.75,-68.01,"WGS84","gass84,colmano,inmafu","SOUTH_AMERICA","Bolivia (Plurinational State of)","BO","La Paz","Nor Yungas",,"Yungas.","PRESERVED_SPECIMEN","PRESENT","SYNONYM","Tropicos","e053ff53-c156-4e2e-b9b5-4462e9625424","90fd6680-349f-11d8-aa2d-b8a03c50a862","GH","Tropicos","Miguel Bang",,"1890",1890,,,,,,,"http://creativecommons.org/licenses/by/4.0/legalcode","Missouri Botanical Garden"
"3056577445","Cavendishia pubescens (Kunth) Hemsl.","Cavendishia pubescens (Kunth) Hemsl.",-16.333333,-66.75,"WGS84","cdc,gass84,ambcol","SOUTH_AMERICA","Bolivia (Plurinational State of)","BO",,,,"Yungas","PRESERVED_SPECIMEN","PRESENT","ACCEPTED",,"a36438d0-bec7-4b7b-9bfa-2c31e7610c39","927f1e70-cf74-11d8-bf68-b8a03c50a862","MIN","Plants","Bang, A. Miguel",,"1890",1890,,,,,,,"http://creativecommons.org/publicdomain/zero/1.0/legalcode","Bell Museum, University of Minnesota"
"4031890686","Thibaudia pubescens Kunth","Cavendishia pubescens (Kunth) Hemsl.",-15.75,-68.01,"WGS84","gass84,colmano,inmafu","SOUTH_AMERICA","Bolivia (Plurinational State of)","BO","La Paz","Nor Yungas",,"Yungas.","PRESERVED_SPECIMEN","PRESENT","SYNONYM","Tropicos","7bd65a7a-f762-11e1-a439-00145eb45e9a","90fd6680-349f-11d8-aa2d-b8a03c50a862","MO","Tropicos","Miguel Bang",,"1890",1890,,,,,,,"http://creativecommons.org/licenses/by/4.0/legalcode","Missouri Botanical Garden"
"1258597513","Cavendishia pubescens (Kunth) Hemsl.","Cavendishia pubescens (Kunth) Hemsl.",-16.33333,-67.96666,"WGS84","gass84,colmano,inmafu","SOUTH_AMERICA","Bolivia (Plurinational State of)","BO","La Paz",,,"Yungas","PRESERVED_SPECIMEN","PRESENT","ACCEPTED","Tropicos","e053ff53-c156-4e2e-b9b5-4462e9625424","90fd6680-349f-11d8-aa2d-b8a03c50a862","GH","Tropicos","Henry H. Rusby",,"1885",1885,,,,1828.8,,,"http://creativecommons.org/licenses/by/4.0/legalcode","Missouri Botanical Garden"
"2235904981","Cavendishia pubescens (Kunth) Hemsl.","Cavendishia pubescens (Kunth) Hemsl.",-16.3333,-66.75,"WGS84","gass84,gdativ,osiic","SOUTH_AMERICA","Bolivia (Plurinational State of)","BO","La Paz",,,"Yungas","PRESERVED_SPECIMEN","PRESENT","ACCEPTED","NMNH Extant Biology","821cc27a-e3bb-4bc5-ac34-89ada245069d","bc092ff0-02e4-11dc-991f-b8a03c50a862","US","US","H. H. Rusby",,"1885",1885,,,,1829,,,"http://creativecommons.org/publicdomain/zero/1.0/legalcode",
"4031967217","Cavendishia pubescens (Kunth) Hemsl.","Cavendishia pubescens (Kunth) Hemsl.",-16.33333,-67.96666,"WGS84","gass84,colmano,inmafu","SOUTH_AMERICA","Bolivia (Plurinational State of)","BO","La Paz",,,"Yungas","PRESERVED_SPECIMEN","PRESENT","ACCEPTED","Tropicos","7bd65a7a-f762-11e1-a439-00145eb45e9a","90fd6680-349f-11d8-aa2d-b8a03c50a862","MO","Tropicos","Henry H. Rusby",,"1885",1885,,,,1828.8,,,"http://creativecommons.org/licenses/by/4.0/legalcode","Missouri Botanical Garden"
"4061932262","Cavendishia pubescens (Kunth) Hemsl.","Cavendishia pubescens (Kunth) Hemsl.",-16.33333,-67.96666,"WGS84","gass84,inmano","SOUTH_AMERICA","Bolivia (Plurinational State of)","BO","La Paz",,,"Yungas","PRESERVED_SPECIMEN","PRESENT","ACCEPTED","Tropicos","e053ff53-c156-4e2e-b9b5-4462e9625424","90fd6680-349f-11d8-aa2d-b8a03c50a862","PH","Tropicos","Henry H. Rusby",,"1885",1885,,,,1828.8,,,"http://creativecommons.org/licenses/by/4.0/legalcode","Missouri Botanical Garden"
"5077526610","Cavendishia pubescens (Kunth) Hemsl.","Cavendishia pubescens (Kunth) Hemsl.",-16.333333,-66.75,"WGS84","cdc,inmafu","SOUTH_AMERICA","Bolivia (Plurinational State of)","BO",,,,"Yungas","PRESERVED_SPECIMEN","PRESENT","ACCEPTED",,"13dacd48-5790-4b99-bf04-08b23922e8aa","d6bd7c74-ff29-48f8-b5f5-e9dc1afff3db","WIS",,"H. H. Rusby",,"1885",1885,,,,1829,,,"http://creativecommons.org/licenses/by-nc/4.0/legalcode",
"3865490119","Cavendishia pubescens (Kunth) Hemsl.","Cavendishia pubescens (Kunth) Hemsl.",10.405782,-67.292934,"WGS84","cdc,inmafu","SOUTH_AMERICA","Venezuela (Bolivarian Republic of)","VE","Aragua",,,"Tovar","PRESERVED_SPECIMEN","PRESENT","ACCEPTED",,"f873ef66-231a-4ea3-bd4d-a16f182bf337","f9b67ad0-9c9b-11d9-b9db-b8a03c50a862","ANSP","PH","A. Fendler",,"1854",1854,,,,,,,"http://creativecommons.org/licenses/by-nc/4.0/legalcode",
"1228277413","Cavendishia pubescens (Kunth) Hemsl.","Cavendishia pubescens (Kunth) Hemsl.",7.0758,-65.9119,"WGS84","gass84,ambcol,inmafu","SOUTH_AMERICA","Venezuela (Bolivarian Republic of)","VE",,,,"Venezuela","PRESERVED_SPECIMEN","PRESENT","ACCEPTED","seeds-22-sep-2023","90c853e6-56bd-480b-8e8f-6285c3f8d42b","7b8aff00-a9f8-11d8-944b-b8a03c50a862","F","Botany","J. Linden",,"1842-01",1842,1,,,,,,"http://creativecommons.org/publicdomain/zero/1.0/legalcode","The Field Museum of Natural History"
"930980774","Cavendishia pubescens (Kunth) Hemsl.","Cavendishia pubescens (Kunth) Hemsl.",6.257693,-75.609695,"WGS84","cdround,inmafu","SOUTH_AMERICA","Colombia","CO","Antioquia","Medellín",,,"PRESERVED_SPECIMEN","PRESENT","ACCEPTED",,"23243164-c132-444d-a3a4-34662abb8305","cccff716-2694-4209-9f9e-2f7a484465a0","Universidad de Antioquia (UdeA)","HUA","Ferrer M.",,,,,,,,,,"http://creativecommons.org/publicdomain/zero/1.0/legalcode",
"1042501174","Cavendishia pubescens (Kunth) Hemsl.","Cavendishia pubescens (Kunth) Hemsl.",2.609664,-75.65,"WGS84","elmms,gass84,gdativ,mdativ,rdativ,inmano","SOUTH_AMERICA","Colombia","CO","Antioquia",,,"Along road between Caramanta and Supia (Risaralda), ca. 4 mi S of Caramanta.","PRESERVED_SPECIMEN","PRESENT","ACCEPTED","Coleção Botânica, Instituto Nacional de Pesquisas da Amazônia (INPA)","3cc6171e-8c52-4f65-ad7a-32c74e395f29","c0d9c91a-0f83-4819-bf7e-bb5e1184eb6b","Instituto Nacional de Pesquisas da Amazônia (INPA)","Herbario INPA","Mike Hopkins","Luteyn, J.L.",,,,,,1015,1015,,"http://creativecommons.org/licenses/by-nc/4.0/legalcode","Instituto Nacional de Pesquisas da Amazônia (INPA)"
"1228168863","Cavendishia pubescens (Kunth) Hemsl.","Cavendishia pubescens (Kunth) Hemsl.",5.5,-72.5,"WGS84","gass84,ambcol,inmafu","SOUTH_AMERICA","Colombia","CO","Boyacá",,,"Boyacá","PRESERVED_SPECIMEN","PRESENT","ACCEPTED","seeds-22-sep-2023","90c853e6-56bd-480b-8e8f-6285c3f8d42b","7b8aff00-a9f8-11d8-944b-b8a03c50a862","F","Botany","A. E. Lawrance",,,,,,,,,,"http://creativecommons.org/publicdomain/zero/1.0/legalcode","The Field Museum of Natural History"
"1315020349","Cavendishia pubescens (Kunth) Hemsl.","Cavendishia pubescens (Kunth) Hemsl.",4.35885,-75.6947,"WGS84","cdc,gass84,cdpi","SOUTH_AMERICA","Colombia","CO","Quindío","Córdoba",,"Mpio. de Cordoba, carret. Cordoba-Pijao, vereda Carniceros, finca La Esperanza. Alt. 1900 m..","HUMAN_OBSERVATION","PRESENT","ACCEPTED",,"79684ec1-01e8-46cc-83cb-cd5bdfb469fe","eac88d99-9f6c-4031-8fc4-8088f0e0dfe7","Universidad Nacional de Colombia (UNAL)","COL","Vélez N., M. C.",,,,,,,1900,0,,"http://creativecommons.org/licenses/by-nc/4.0/legalcode",
"1315020357","Cavendishia pubescens (Kunth) Hemsl.","Cavendishia pubescens (Kunth) Hemsl.",4.1675,-75.8967,"WGS84","cdc,gass84,cdpi","SOUTH_AMERICA","Colombia","CO","Valle del Cauca","Sevilla",,"Vereda El Cebollal,quebrada El Guarapo.","HUMAN_OBSERVATION","PRESENT","ACCEPTED",,"79684ec1-01e8-46cc-83cb-cd5bdfb469fe","eac88d99-9f6c-4031-8fc4-8088f0e0dfe7","Universidad Nacional de Colombia (UNAL)","COL","Lozano C., G.",,,,,,,1900,0,,"http://creativecommons.org/licenses/by-nc/4.0/legalcode",
"1315020370","Cavendishia pubescens (Kunth) Hemsl.","Cavendishia pubescens (Kunth) Hemsl.",4.87444,-76.2292,"WGS84","cdc,gass84,cdpi","SOUTH_AMERICA","Colombia","CO","Valle del Cauca",,,"Entre Ansermonuevo y San Jose del Palmar, 60-62 Km.","HUMAN_OBSERVATION","PRESENT","ACCEPTED",,"79684ec1-01e8-46cc-83cb-cd5bdfb469fe","eac88d99-9f6c-4031-8fc4-8088f0e0dfe7","Universidad Nacional de Colombia (UNAL)","COL","Luteyn, J. L.",,,,,,,1910,40,,"http://creativecommons.org/licenses/by-nc/4.0/legalcode",
"1315020373","Cavendishia pubescens (Kunth) Hemsl.","Cavendishia pubescens (Kunth) Hemsl.",6.39795,-76.0604,"WGS84","cdc,gass84,cdpi","SOUTH_AMERICA","Colombia","CO","Antioquia","Rionegro",,"Entre Urrao y Caicedo.","HUMAN_OBSERVATION","PRESENT","ACCEPTED",,"79684ec1-01e8-46cc-83cb-cd5bdfb469fe","eac88d99-9f6c-4031-8fc4-8088f0e0dfe7","Universidad Nacional de Colombia (UNAL)","COL","Luteyn, J. L.",,,,,,,2544,106,,"http://creativecommons.org/licenses/by-nc/4.0/legalcode",
"1315020384","Cavendishia pubescens (Kunth) Hemsl.","Cavendishia pubescens (Kunth) Hemsl.",5.90046,-73.4509,"WGS84","cdc,gass84,cdpi","SOUTH_AMERICA","Colombia","CO","Boyacá","Togüí",,"Vereda Carare.","HUMAN_OBSERVATION","PRESENT","ACCEPTED",,"79684ec1-01e8-46cc-83cb-cd5bdfb469fe","eac88d99-9f6c-4031-8fc4-8088f0e0dfe7","Universidad Nacional de Colombia (UNAL)","COL","Snow, B.",,,,,,,,,,"http://creativecommons.org/licenses/by-nc/4.0/legalcode",
"1315020391","Cavendishia pubescens (Kunth) Hemsl.","Cavendishia pubescens (Kunth) Hemsl.",6.76722,-75.3175,"WGS84","cdc,gass84,cdpi","SOUTH_AMERICA","Colombia","CO","Antioquia","Carolina del Príncipe",,"Represa de Miraflores.","HUMAN_OBSERVATION","PRESENT","ACCEPTED",,"79684ec1-01e8-46cc-83cb-cd5bdfb469fe","eac88d99-9f6c-4031-8fc4-8088f0e0dfe7","Universidad Nacional de Colombia (UNAL)","COL","Lozano C., G.",,,,,,,2180,20,,"http://creativecommons.org/licenses/by-nc/4.0/legalcode",
"1315020392","Cavendishia pubescens (Kunth) Hemsl.","Cavendishia pubescens (Kunth) Hemsl.",1.94139,-75.7967,"WGS84","cdc,gass84,cdpi","SOUTH_AMERICA","Colombia","CO","Huila",,,"15 Km,entre Altamira y Florencia.","HUMAN_OBSERVATION","PRESENT","ACCEPTED",,"79684ec1-01e8-46cc-83cb-cd5bdfb469fe","eac88d99-9f6c-4031-8fc4-8088f0e0dfe7","Universidad Nacional de Colombia (UNAL)","COL","Luteyn, J. L.",,,,,,,1465,0,,"http://creativecommons.org/licenses/by-nc/4.0/legalcode",
"1315020397","Cavendishia pubescens (Kunth) Hemsl.","Cavendishia pubescens (Kunth) Hemsl.",5.91693,-73.4802,"WGS84","cdc,gass84,cdpi","SOUTH_AMERICA","Colombia","CO","Boyacá","Togüí",,"Vereda El Carare.","HUMAN_OBSERVATION","PRESENT","ACCEPTED",,"79684ec1-01e8-46cc-83cb-cd5bdfb469fe","eac88d99-9f6c-4031-8fc4-8088f0e0dfe7","Universidad Nacional de Colombia (UNAL)","COL","Snow, B.",,,,,,,,,,"http://creativecommons.org/licenses/by-nc/4.0/legalcode",
"1315020399","Cavendishia pubescens (Kunth) Hemsl.","Cavendishia pubescens (Kunth) Hemsl.",6.2188,-75.5021,"WGS84","cdc,gass84,cdpi","SOUTH_AMERICA","Colombia","CO","Antioquia","Medellín",,"Alto de Santa Helena.","HUMAN_OBSERVATION","PRESENT","ACCEPTED",,"79684ec1-01e8-46cc-83cb-cd5bdfb469fe","eac88d99-9f6c-4031-8fc4-8088f0e0dfe7","Universidad Nacional de Colombia (UNAL)","COL","Uribe U., L.",,,,,,,2500,0,,"http://creativecommons.org/licenses/by-nc/4.0/legalcode",
"1315020400","Cavendishia pubescens (Kunth) Hemsl.","Cavendishia pubescens (Kunth) Hemsl.",7.04329,-75.468,"WGS84","cdc,gass84,cdpi","SOUTH_AMERICA","Colombia","CO","Antioquia","Rionegro",,"Entre Yarumal y Valdivia,Km 122,10 Km N de Yarumal.","HUMAN_OBSERVATION","PRESENT","ACCEPTED",,"79684ec1-01e8-46cc-83cb-cd5bdfb469fe","eac88d99-9f6c-4031-8fc4-8088f0e0dfe7","Universidad Nacional de Colombia (UNAL)","COL","Luteyn, J. L.",,,,,,,2160,0,,"http://creativecommons.org/licenses/by-nc/4.0/legalcode",
"1315020403","Cavendishia pubescens (Kunth) Hemsl.","Cavendishia pubescens (Kunth) Hemsl.",6.76722,-75.3175,"WGS84","cdc,gass84,cdpi","SOUTH_AMERICA","Colombia","CO","Antioquia","Carolina del Príncipe",,"Represa de Miraflores.","HUMAN_OBSERVATION","PRESENT","ACCEPTED",,"79684ec1-01e8-46cc-83cb-cd5bdfb469fe","eac88d99-9f6c-4031-8fc4-8088f0e0dfe7","Universidad Nacional de Colombia (UNAL)","COL","Lozano C., G.",,,,,,,2180,20,,"http://creativecommons.org/licenses/by-nc/4.0/legalcode",
"1315020404","Cavendishia pubescens (Kunth) Hemsl.","Cavendishia pubescens (Kunth) Hemsl.",6.25351,-75.3537,"WGS84","cdc,gass84,cdpi","SOUTH_AMERICA","Colombia","CO","Antioquia","San Vicente",,"Mpio. San Vicente, Vereda Chaparral. Alt. 2197 m..","HUMAN_OBSERVATION","PRESENT","ACCEPTED",,"79684ec1-01e8-46cc-83cb-cd5bdfb469fe","eac88d99-9f6c-4031-8fc4-8088f0e0dfe7","Universidad Nacional de Colombia (UNAL)","COL","Santa S., J. I.",,,,,,,2197,0,,"http://creativecommons.org/licenses/by-nc/4.0/legalcode",
"1315020406","Cavendishia pubescens (Kunth) Hemsl.","Cavendishia pubescens (Kunth) Hemsl.",4.35392,-75.6655,"WGS84","cdc,gass84,cdpi","SOUTH_AMERICA","Colombia","CO","Quindío","Pijao",,"Carretera que conduce a la Vrda. Pedregales, 2400m.s.n.m..","HUMAN_OBSERVATION","PRESENT","ACCEPTED",,"79684ec1-01e8-46cc-83cb-cd5bdfb469fe","eac88d99-9f6c-4031-8fc4-8088f0e0dfe7","Universidad Nacional de Colombia (UNAL)","COL","Arbeláez S., G.",,,,,,,2400,0,,"http://creativecommons.org/licenses/by-nc/4.0/legalcode",
"1315020410","Cavendishia pubescens (Kunth) Hemsl.","Cavendishia pubescens (Kunth) Hemsl.",6.02582,-75.4415,"WGS84","cdc,gass84,cdpi","SOUTH_AMERICA","Colombia","CO","Antioquia","Rionegro",,"Cerca La Ceja: ca. 2180 m..","HUMAN_OBSERVATION","PRESENT","ACCEPTED",,"79684ec1-01e8-46cc-83cb-cd5bdfb469fe","eac88d99-9f6c-4031-8fc4-8088f0e0dfe7","Universidad Nacional de Colombia (UNAL)","COL",,,,,,,,2180,0,,"http://creativecommons.org/licenses/by-nc/4.0/legalcode",
"1315020411","Cavendishia pubescens (Kunth) Hemsl.","Cavendishia pubescens (Kunth) Hemsl.",6.15587,-75.1535,"WGS84","cdc,gass84,cdpi","SOUTH_AMERICA","Colombia","CO","Antioquia","Granada",,"SI.","HUMAN_OBSERVATION","PRESENT","ACCEPTED",,"79684ec1-01e8-46cc-83cb-cd5bdfb469fe","eac88d99-9f6c-4031-8fc4-8088f0e0dfe7","Universidad Nacional de Colombia (UNAL)","COL","Romero C., R.",,,,,,,2122,0,,"http://creativecommons.org/licenses/by-nc/4.0/legalcode",
"1315020415","Cavendishia pubescens (Kunth) Hemsl.","Cavendishia pubescens (Kunth) Hemsl.",4.37571,-74.4028,"WGS84","cdc,gass84,cdpi","SOUTH_AMERICA","Colombia","CO","Cundinamarca","Silvania",,"Camino a Fusagasuga.","HUMAN_OBSERVATION","PRESENT","ACCEPTED",,"79684ec1-01e8-46cc-83cb-cd5bdfb469fe","eac88d99-9f6c-4031-8fc4-8088f0e0dfe7","Universidad Nacional de Colombia (UNAL)","COL",,,,,,,,1450,0,,"http://creativecommons.org/licenses/by-nc/4.0/legalcode",
"1315020418","Cavendishia pubescens (Kunth) Hemsl.","Cavendishia pubescens (Kunth) Hemsl.",6.32917,-75.6764,"WGS84","cdc,gass84,cdpi","SOUTH_AMERICA","Colombia","CO","Antioquia","Medellín",,"Medellin/Palmitas. 2800 m..","HUMAN_OBSERVATION","PRESENT","ACCEPTED",,"79684ec1-01e8-46cc-83cb-cd5bdfb469fe","eac88d99-9f6c-4031-8fc4-8088f0e0dfe7","Universidad Nacional de Colombia (UNAL)","COL","Sierra F., J. A.",,,,,,,2800,0,,"http://creativecommons.org/licenses/by-nc/4.0/legalcode",
"1315020420","Cavendishia pubescens (Kunth) Hemsl.","Cavendishia pubescens (Kunth) Hemsl.",4.39089,-74.3467,"WGS84","cdc,gass84,cdpi","SOUTH_AMERICA","Colombia","CO","Cundinamarca","Fusagasugá",,"Fusagasuga, hacia La Aguadita. 1750-2080 m..","HUMAN_OBSERVATION","PRESENT","ACCEPTED",,"79684ec1-01e8-46cc-83cb-cd5bdfb469fe","eac88d99-9f6c-4031-8fc4-8088f0e0dfe7","Universidad Nacional de Colombia (UNAL)","COL","Duque J., J. M.",,,,,,,1915,165,,"http://creativecommons.org/licenses/by-nc/4.0/legalcode",
"1315020440","Cavendishia pubescens (Kunth) Hemsl.","Cavendishia pubescens (Kunth) Hemsl.",5.16557,-74.152,"WGS84","cdc,gass84,cdpi","SOUTH_AMERICA","Colombia","CO","Cundinamarca","Pacho",,"Patasia.","HUMAN_OBSERVATION","PRESENT","ACCEPTED",,"79684ec1-01e8-46cc-83cb-cd5bdfb469fe","eac88d99-9f6c-4031-8fc4-8088f0e0dfe7","Universidad Nacional de Colombia (UNAL)","COL","Uribe U., L.",,,,,,,1800,0,,"http://creativecommons.org/licenses/by-nc/4.0/legalcode",
"1576176856","Cavendishia pubescens (Kunth) Hemsl.","Cavendishia pubescens (Kunth) Hemsl.",5.536503,-74.923804,"WGS84","cdround,inmafu","SOUTH_AMERICA","Colombia","CO","Caldas","Samaná",,"Franja de Protección Central Hidroeléctrica La Miel I, río Moro","PRESERVED_SPECIMEN","PRESENT","ACCEPTED",,"2f7208c8-b31d-4287-84b4-fc10ab376302","f7f9717e-9e50-4a00-a30f-7b134390a566","Universidad de Caldas (UCaldas)","FAUC","M. Restrepo de Fraume","L.M. Álvarez-Mejía",,,,,,482,0,,"http://creativecommons.org/licenses/by/4.0/legalcode","Universidad de Caldas"
"1576176861","Cavendishia pubescens (Kunth) Hemsl.","Cavendishia pubescens (Kunth) Hemsl.",5.481486,-74.904048,"WGS84","cdround,inmafu","SOUTH_AMERICA","Colombia","CO","Caldas","Victoria",,"Franja protectora del río La Miel","PRESERVED_SPECIMEN","PRESENT","ACCEPTED",,"2f7208c8-b31d-4287-84b4-fc10ab376302","f7f9717e-9e50-4a00-a30f-7b134390a566","Universidad de Caldas (UCaldas)","FAUC","Henry","L.M. Álvarez-Mejía",,,,,,490,0,,"http://creativecommons.org/licenses/by/4.0/legalcode","Universidad de Caldas"
"1576176862","Cavendishia pubescens (Kunth) Hemsl.","Cavendishia pubescens (Kunth) Hemsl.",5.0738,-75.529211,"WGS84","cdround,inmafu","SOUTH_AMERICA","Colombia","CO","Caldas","Manizales",,"Entre los barrios La Francia y Chipre","PRESERVED_SPECIMEN","PRESENT","ACCEPTED",,"2f7208c8-b31d-4287-84b4-fc10ab376302","f7f9717e-9e50-4a00-a30f-7b134390a566","Universidad de Caldas (UCaldas)","FAUC","Mary Luz Melo","L.M. Álvarez-Mejía",,,,,,2180,0,,"http://creativecommons.org/licenses/by/4.0/legalcode","Universidad de Caldas"
"1576176863","Cavendishia pubescens (Kunth) Hemsl.","Cavendishia pubescens (Kunth) Hemsl.",5.112327,-75.50226,"WGS84","cdround,inmafu","SOUTH_AMERICA","Colombia","CO","Caldas","Manizales",,"Vereda Alto Bonito","PRESERVED_SPECIMEN","PRESENT","ACCEPTED",,"2f7208c8-b31d-4287-84b4-fc10ab376302","f7f9717e-9e50-4a00-a30f-7b134390a566","Universidad de Caldas (UCaldas)","FAUC","Orozco","L.M. Álvarez-Mejía",,,,,,1800,0,,"http://creativecommons.org/licenses/by/4.0/legalcode","Universidad de Caldas"
"1576176864","Cavendishia pubescens (Kunth) Hemsl.","Cavendishia pubescens (Kunth) Hemsl.",5.0564,-75.494444,"WGS84","cdround,inmafu","SOUTH_AMERICA","Colombia","CO","Caldas","Manizales",,"Sin datos","PRESERVED_SPECIMEN","PRESENT","ACCEPTED",,"2f7208c8-b31d-4287-84b4-fc10ab376302","f7f9717e-9e50-4a00-a30f-7b134390a566","Universidad de Caldas (UCaldas)","FAUC","Cano","L.M. Álvarez-Mejía",,,,,,2150,0,,"http://creativecommons.org/licenses/by/4.0/legalcode","Universidad de Caldas"
"1576176865","Cavendishia pubescens (Kunth) Hemsl.","Cavendishia pubescens (Kunth) Hemsl.",5.031546,-75.509364,"WGS84","cdround,inmafu","SOUTH_AMERICA","Colombia","CO","Caldas","Villamaría",,"Vereda Tejares","PRESERVED_SPECIMEN","PRESENT","ACCEPTED",,"2f7208c8-b31d-4287-84b4-fc10ab376302","f7f9717e-9e50-4a00-a30f-7b134390a566","Universidad de Caldas (UCaldas)","FAUC","L G. Clark","L.M. Álvarez-Mejía",,,,,,2010,0,,"http://creativecommons.org/licenses/by/4.0/legalcode","Universidad de Caldas"
"1576176870","Cavendishia pubescens (Kunth) Hemsl.","Cavendishia pubescens (Kunth) Hemsl.",5.083048,-75.496617,"WGS84","cdround,inmafu","SOUTH_AMERICA","Colombia","CO","Caldas","Manizales",,"Reserva Regional Monteleón","PRESERVED_SPECIMEN","PRESENT","ACCEPTED",,"2f7208c8-b31d-4287-84b4-fc10ab376302","f7f9717e-9e50-4a00-a30f-7b134390a566","Universidad de Caldas (UCaldas)","FAUC","M. Restrepo de Fraume","L.M. Álvarez-Mejía",,,,,,2250,0,,"http://creativecommons.org/licenses/by/4.0/legalcode","Universidad de Caldas"
"1576176874","Cavendishia pubescens (Kunth) Hemsl.","Cavendishia pubescens (Kunth) Hemsl.",5.097068,-75.56768,"WGS84","cdround,inmafu","SOUTH_AMERICA","Colombia","CO","Caldas","Manizales",,"Entre La Linda y vereda La Cabaña","PRESERVED_SPECIMEN","PRESENT","ACCEPTED",,"2f7208c8-b31d-4287-84b4-fc10ab376302","f7f9717e-9e50-4a00-a30f-7b134390a566","Universidad de Caldas (UCaldas)","FAUC","Gómez","L.M. Álvarez-Mejía",,,,,,1512,0,,"http://creativecommons.org/licenses/by/4.0/legalcode","Universidad de Caldas"
"1576176877","Cavendishia pubescens (Kunth) Hemsl.","Cavendishia pubescens (Kunth) Hemsl.",5.083048,-75.496617,"WGS84","cdround,inmafu","SOUTH_AMERICA","Colombia","CO","Caldas","Manizales",,"Reserva Regional Monteleón","PRESERVED_SPECIMEN","PRESENT","ACCEPTED",,"2f7208c8-b31d-4287-84b4-fc10ab376302","f7f9717e-9e50-4a00-a30f-7b134390a566","Universidad de Caldas (UCaldas)","FAUC","Simón D. Ramirez","L.M. Álvarez-Mejía",,,,,,2250,0,,"http://creativecommons.org/licenses/by/4.0/legalcode","Universidad de Caldas"
"1576176878","Cavendishia pubescens (Kunth) Hemsl.","Cavendishia pubescens (Kunth) Hemsl.",5.481486,-74.904048,"WGS84","cdround,inmafu","SOUTH_AMERICA","Colombia","CO","Caldas","Victoria",,"Margen izquierda del río La Miel","PRESERVED_SPECIMEN","PRESENT","ACCEPTED",,"2f7208c8-b31d-4287-84b4-fc10ab376302","f7f9717e-9e50-4a00-a30f-7b134390a566","Universidad de Caldas (UCaldas)","FAUC","Victor Hugo Cerón","L.M. Álvarez-Mejía",,,,,,500,0,,"http://creativecommons.org/licenses/by/4.0/legalcode","Universidad de Caldas"
"1576176879","Cavendishia pubescens (Kunth) Hemsl.","Cavendishia pubescens (Kunth) Hemsl.",4.57463,-74.29403,"WGS84","inmafu","SOUTH_AMERICA","Colombia","CO","Cundinamarca","Soacha",,"Salto del Tequendama","PRESERVED_SPECIMEN","PRESENT","ACCEPTED",,"2f7208c8-b31d-4287-84b4-fc10ab376302","f7f9717e-9e50-4a00-a30f-7b134390a566","Universidad de Caldas (UCaldas)","FAUC","M. Restrepo de Fraume","L.M. Álvarez-Mejía",,,,,,2334,0,,"http://creativecommons.org/licenses/by/4.0/legalcode","Universidad de Caldas"
"1576176880","Cavendishia pubescens (Kunth) Hemsl.","Cavendishia pubescens (Kunth) Hemsl.",5.083394,-75.506748,"WGS84","cdround,inmafu","SOUTH_AMERICA","Colombia","CO","Caldas","Manizales",,"Sin datos","PRESERVED_SPECIMEN","PRESENT","ACCEPTED",,"2f7208c8-b31d-4287-84b4-fc10ab376302","f7f9717e-9e50-4a00-a30f-7b134390a566","Universidad de Caldas (UCaldas)","FAUC","J.M. Duque-Jaramillo","L.M. Álvarez-Mejía",,,,,,2132,0,,"http://creativecommons.org/licenses/by/4.0/legalcode","Universidad de Caldas"
"1576176882","Cavendishia pubescens (Kunth) Hemsl.","Cavendishia pubescens (Kunth) Hemsl.",5.008197,-75.439387,"WGS84","cdround,inmafu","SOUTH_AMERICA","Colombia","CO","Caldas","Villamaría",,"Termales El Otoño","PRESERVED_SPECIMEN","PRESENT","ACCEPTED",,"2f7208c8-b31d-4287-84b4-fc10ab376302","f7f9717e-9e50-4a00-a30f-7b134390a566","Universidad de Caldas (UCaldas)","FAUC","Escobar","L.M. Álvarez-Mejía",,,,,,2300,0,,"http://creativecommons.org/licenses/by/4.0/legalcode","Universidad de Caldas"
"1576176893","Cavendishia pubescens (Kunth) Hemsl.","Cavendishia pubescens (Kunth) Hemsl.",4.72219,-75.67505,"WGS84","inmafu","SOUTH_AMERICA","Colombia","CO","Risaralda","Pereira",,"Vereda Yarumal, finca Sinaí","PRESERVED_SPECIMEN","PRESENT","ACCEPTED",,"2f7208c8-b31d-4287-84b4-fc10ab376302","f7f9717e-9e50-4a00-a30f-7b134390a566","Universidad de Caldas (UCaldas)","FAUC","D. Moreno","L.M. Álvarez-Mejía",,,,,,1661,0,,"http://creativecommons.org/licenses/by/4.0/legalcode","Universidad de Caldas"
"1576176897","Cavendishia pubescens (Kunth) Hemsl.","Cavendishia pubescens (Kunth) Hemsl.",5.020137,-75.422278,"WGS84","inmafu","SOUTH_AMERICA","Colombia","CO","Caldas","Villamaría",,"Subestación de la Central Hidroeléctrica de Caldas CHEC, La Enea","PRESERVED_SPECIMEN","PRESENT","ACCEPTED",,"2f7208c8-b31d-4287-84b4-fc10ab376302","f7f9717e-9e50-4a00-a30f-7b134390a566","Universidad de Caldas (UCaldas)","FAUC","J. Cardenas-L.","L.M. Álvarez-Mejía",,,,,,2315,0,,"http://creativecommons.org/licenses/by/4.0/legalcode","Universidad de Caldas"
"1576176898","Cavendishia pubescens (Kunth) Hemsl.","Cavendishia pubescens (Kunth) Hemsl.",5.055659,-75.495525,"WGS84","cdround,inmafu","SOUTH_AMERICA","Colombia","CO","Caldas","Manizales",,"Universidad de Caldas, Jardín Botánico","PRESERVED_SPECIMEN","PRESENT","ACCEPTED",,"2f7208c8-b31d-4287-84b4-fc10ab376302","f7f9717e-9e50-4a00-a30f-7b134390a566","Universidad de Caldas (UCaldas)","FAUC","J.M. Duque-Jaramillo","L.M. Álvarez-Mejía",,,,,,2092,0,,"http://creativecommons.org/licenses/by/4.0/legalcode","Universidad de Caldas"
"1576176899","Cavendishia pubescens (Kunth) Hemsl.","Cavendishia pubescens (Kunth) Hemsl.",5.058312,-75.435599,"WGS84","cdround,inmafu","SOUTH_AMERICA","Colombia","CO","Caldas","Manizales",,"Sector El Zancudo","PRESERVED_SPECIMEN","PRESENT","ACCEPTED",,"2f7208c8-b31d-4287-84b4-fc10ab376302","f7f9717e-9e50-4a00-a30f-7b134390a566","Universidad de Caldas (UCaldas)","FAUC","Mauricio Aguirre","L.M. Álvarez-Mejía",,,,,,2509,0,,"http://creativecommons.org/licenses/by/4.0/legalcode","Universidad de Caldas"
"1576176901","Cavendishia pubescens (Kunth) Hemsl.","Cavendishia pubescens (Kunth) Hemsl.",5.066584,-75.461191,"WGS84","cdround,inmafu","SOUTH_AMERICA","Colombia","CO","Caldas","Manizales",,"Carretera a Bocatoma","PRESERVED_SPECIMEN","PRESENT","ACCEPTED",,"2f7208c8-b31d-4287-84b4-fc10ab376302","f7f9717e-9e50-4a00-a30f-7b134390a566","Universidad de Caldas (UCaldas)","FAUC","J Cardona","L.M. Álvarez-Mejía",,,,,,2075,0,,"http://creativecommons.org/licenses/by/4.0/legalcode","Universidad de Caldas"
"1576183888","Cavendishia pubescens (Kunth) Hemsl.","Cavendishia pubescens (Kunth) Hemsl.",5.050188,-75.517974,"WGS84","cdround,inmafu","SOUTH_AMERICA","Colombia","CO","Caldas","Villamaría",,"Bocatoma municipal","PRESERVED_SPECIMEN","PRESENT","ACCEPTED",,"2f7208c8-b31d-4287-84b4-fc10ab376302","f7f9717e-9e50-4a00-a30f-7b134390a566","Universidad de Caldas (UCaldas)","FAUC","Jimenez Orozco Juan Carlos","L.M. Álvarez-Mejía",,,,,,1795,0,,"http://creativecommons.org/licenses/by/4.0/legalcode","Universidad de Caldas"
"1576183893","Cavendishia pubescens (Kunth) Hemsl.","Cavendishia pubescens (Kunth) Hemsl.",5.0392,-75.4179,"WGS84","cdround,inmafu","SOUTH_AMERICA","Colombia","CO","Caldas","Manizales",,"Vereda Maltería","PRESERVED_SPECIMEN","PRESENT","ACCEPTED",,"2f7208c8-b31d-4287-84b4-fc10ab376302","f7f9717e-9e50-4a00-a30f-7b134390a566","Universidad de Caldas (UCaldas)","FAUC","B. Soto-V.","L.M. Álvarez-Mejía",,,,,,2571,0,,"http://creativecommons.org/licenses/by/4.0/legalcode","Universidad de Caldas"
"1576184683","Cavendishia pubescens (Kunth) Hemsl.","Cavendishia pubescens (Kunth) Hemsl.",5.067763,-75.512748,"WGS84","cdround,inmafu","SOUTH_AMERICA","Colombia","CO","Caldas","Manizales",,"Parque Caldas","PRESERVED_SPECIMEN","PRESENT","ACCEPTED",,"2f7208c8-b31d-4287-84b4-fc10ab376302","f7f9717e-9e50-4a00-a30f-7b134390a566","Universidad de Caldas (UCaldas)","FAUC","Carlos Alberto Gómez Agudelo","L.M. Álvarez-Mejía",,,,,,2125,0,,"http://creativecommons.org/licenses/by/4.0/legalcode","Universidad de Caldas"
"1848592801","Cavendishia pubescens (Kunth) Hemsl.","Cavendishia pubescens (Kunth) Hemsl.",5.790628,-75.517164,"WGS84","","SOUTH_AMERICA","Colombia","CO","Antioquia","Abejorral",,,"HUMAN_OBSERVATION","PRESENT","ACCEPTED",,"4669cfa4-6379-4e7d-8b22-1d977d7d2197","1106e179-e49f-461f-95a6-459bf4d53c1b","Corporación Autónoma Regional de las Cuencas de los Ríos Negro y Nare - CORNARE",,,,,,,,,1931,0,,"http://creativecommons.org/licenses/by/4.0/legalcode",
"1928825309","Cavendishia pubescens (Kunth) Hemsl.","Cavendishia pubescens (Kunth) Hemsl.",-16.0553,-68.0164,"WGS84","gass84,mdativ","SOUTH_AMERICA","Bolivia (Plurinational State of)","BO","La Paz",,,"Valle de Zongo. Cahua generating station: terminus of Zongo Valley road, 43.6 km N of dam at Laguna Zongo (60.6 km from junction of road to Chacaltaya).","PRESERVED_SPECIMEN","PRESENT","ACCEPTED","Vascular plants","d415c253-4d61-4459-9d25-4015b9084fb0","ae447c50-b8a8-11d8-92a4-b8a03c50a862","NY","NY","W. Messinger",,,,,,,1650,,,"http://creativecommons.org/publicdomain/zero/1.0/legalcode","The New York Botanical Garden"
"1929878771","Cavendishia pubescens (Kunth) Hemsl.","Cavendishia pubescens (Kunth) Hemsl.",5.73,-73.47,"WGS84","gass84,mdativ","SOUTH_AMERICA","Colombia","CO","Boyacá","Villa de Leyva Mun.",,"Santuario de Flora y Fauna de Iguaque, cabaña de Carrizal.","PRESERVED_SPECIMEN","PRESENT","ACCEPTED","Vascular plants","d415c253-4d61-4459-9d25-4015b9084fb0","ae447c50-b8a8-11d8-92a4-b8a03c50a862","NY","NY","J. C. Betancur B.",,,,,,,2820,,,"http://creativecommons.org/publicdomain/zero/1.0/legalcode","The New York Botanical Garden"
"1930644905","Cavendishia pubescens (Kunth) Hemsl.","Cavendishia pubescens (Kunth) Hemsl.",10.408256,-67.285333,"WGS84","mdativ","SOUTH_AMERICA","Venezuela (Bolivarian Republic of)","VE",,,,"Prope coloniam Tovar.","PRESERVED_SPECIMEN","PRESENT","ACCEPTED","Vascular plants","d415c253-4d61-4459-9d25-4015b9084fb0","ae447c50-b8a8-11d8-92a4-b8a03c50a862","NY","NY","A. Fendler",,,,,,,,,,"http://creativecommons.org/publicdomain/zero/1.0/legalcode","The New York Botanical Garden"
"1936288115","Cavendishia pubescens (Kunth) Hemsl.","Cavendishia pubescens (Kunth) Hemsl.",-14.772778,-68.975,"WGS84","cdc,cdround,gass84,inmano","SOUTH_AMERICA","Bolivia (Plurinational State of)","BO","Provincia Franz Tamayo",,,"La Paz: Franz Tamayo. Santa Ana, bajando desde Pelechuco por el camino antiguo Pelechuco-Apolo","PRESERVED_SPECIMEN","PRESENT","ACCEPTED",,"834c9918-f762-11e1-a439-00145eb45e9a","0363cbd4-f666-455e-8e86-0bbddcf51950","MA","MA","R. Huasurco","A.Fuentes",,,,,"Bosque montano",2281,,,"http://creativecommons.org/licenses/by-nc/4.0/legalcode",
"1936288119","Cavendishia pubescens (Kunth) Hemsl.","Cavendishia pubescens (Kunth) Hemsl.",-14.771667,-68.982222,"WGS84","cdc,cdround,gass84,inmano","SOUTH_AMERICA","Bolivia (Plurinational State of)","BO","Departamento de La Paz",,,"La Paz: Franz Tamayo. Santa Ana, bajando desde Pelechuco por el camino antiguo Pelechuco-Apolo","PRESERVED_SPECIMEN","PRESENT","ACCEPTED",,"834c9918-f762-11e1-a439-00145eb45e9a","0363cbd4-f666-455e-8e86-0bbddcf51950","MA","MA",,"A.Fuentes",,,,,"Bosque montano",2223,,,"http://creativecommons.org/licenses/by-nc/4.0/legalcode",
"1936288155","Cavendishia pubescens (Kunth) Hemsl.","Cavendishia pubescens (Kunth) Hemsl.",-14.772778,-68.975,"WGS84","cdc,cdround,gass84,inmano","SOUTH_AMERICA","Bolivia (Plurinational State of)","BO","Provincia Franz Tamayo",,,"La Paz: Franz Tamayo. Santa Ana, bajando desde Pelechuco por el camino antiguo Pelechuco-Apolo","PRESERVED_SPECIMEN","PRESENT","ACCEPTED",,"834c9918-f762-11e1-a439-00145eb45e9a","0363cbd4-f666-455e-8e86-0bbddcf51950","MA","MA","R. Huasurco","A.Fuentes",,,,,"Bosque montano",2281,,,"http://creativecommons.org/licenses/by-nc/4.0/legalcode",
"1936293062","Cavendishia pubescens (Kunth) Hemsl.","Cavendishia pubescens (Kunth) Hemsl.",-14.7725,-68.985833,"WGS84","cdc,cdround,gass84,inmano","SOUTH_AMERICA","Bolivia (Plurinational State of)","BO","Provincia Franz Tamayo",,,"La Paz: Franz Tamayo. Madidi","PRESERVED_SPECIMEN","PRESENT","ACCEPTED",,"834c9918-f762-11e1-a439-00145eb45e9a","0363cbd4-f666-455e-8e86-0bbddcf51950","MA","MA","H. Huaylla","A.Fuentes",,,,,"Pelechuco-Apolo, Coronara Parque Nacional Madidi. Pajonal de ladera",2300,,,"http://creativecommons.org/licenses/by-nc/4.0/legalcode",
"1936309249","Cavendishia pubescens (Kunth) Hemsl.","Cavendishia pubescens (Kunth) Hemsl.",-14.772778,-68.975,"WGS84","cdc,cdround,gass84,inmano","SOUTH_AMERICA","Bolivia (Plurinational State of)","BO","Provincia Franz Tamayo",,,"La Paz: Franz Tamayo. Santa Ana, bajando desde Pelechuco por el camino antiguo Pelechuco-Apolo","PRESERVED_SPECIMEN","PRESENT","ACCEPTED",,"834c9918-f762-11e1-a439-00145eb45e9a","0363cbd4-f666-455e-8e86-0bbddcf51950","MA","MA","R. Huasurco","A.Fuentes",,,,,"Bosque montano",2281,,,"http://creativecommons.org/licenses/by-nc/4.0/legalcode",
"1944880745","Cavendishia pubescens (Kunth) Hemsl.","Cavendishia pubescens (Kunth) Hemsl.",4.462424,-75.489538,"WGS84","cdround","SOUTH_AMERICA","Colombia","CO","Tolima","Cajamarca",,"Vereda La Luisa, predios de Anglogold Ashanti, campamento Base","HUMAN_OBSERVATION","PRESENT","ACCEPTED",,"9cc67633-537a-4acc-8d37-92feeaddb2cd","f7f9717e-9e50-4a00-a30f-7b134390a566","Universidad de Caldas (UCALDAS)","HUQ","L. Álvarez-R.",,"2013-07-01/2015-06-01",,,,,2900,0,,"http://creativecommons.org/publicdomain/zero/1.0/legalcode",
"1944880752","Cavendishia pubescens (Kunth) Hemsl.","Cavendishia pubescens (Kunth) Hemsl.",4.462424,-75.489538,"WGS84","cdround","SOUTH_AMERICA","Colombia","CO","Tolima","Cajamarca",,"Vereda La Luisa, predios de Anglogold Ashanti, campamento Base","HUMAN_OBSERVATION","PRESENT","ACCEPTED",,"9cc67633-537a-4acc-8d37-92feeaddb2cd","f7f9717e-9e50-4a00-a30f-7b134390a566","Universidad de Caldas (UCALDAS)","HUQ","J.M. Duque|L. Álvarez-R.|J.C. Baquero|L. Cifuentes",,"2013-07-01/2015-06-01",,,,,2900,0,,"http://creativecommons.org/publicdomain/zero/1.0/legalcode",
"2013816922","Cavendishia pubescens (Kunth) Hemsl.","Cavendishia pubescens (Kunth) Hemsl.",4.980376,-75.388317,"WGS84","","SOUTH_AMERICA","Colombia","CO","Caldas","Villamaría",,"Vía Termales del Ruiz.","PRESERVED_SPECIMEN","PRESENT","ACCEPTED","Datos Depurados/sistematizados por Expedición por la historia - ColombiaBio","18da9e5d-8966-4893-bf70-b3911152d991","eac88d99-9f6c-4031-8fc4-8088f0e0dfe7","Universidad Nacional de Colombia (UNAL)","COL","J. Ruíz","O. Rangel",,,,,,3200,0,,"http://creativecommons.org/licenses/by/4.0/legalcode","Universidad Nacional de Colombia"
"2960851784","Cavendishia pubescens (Kunth) Hemsl.","Cavendishia pubescens (Kunth) Hemsl.",6.003889,-75.4275,"WGS84","cdround,colmafu,inmafu","SOUTH_AMERICA","Colombia","CO","Antioquia","La Ceja",,"Las Lomitas","PRESERVED_SPECIMEN","PRESENT","ACCEPTED",,"2e6917b2-44b4-4af7-94ce-47ac40677784","c8f840a3-4949-4e18-82e9-5771c3e57129","Universidad Católica de Oriente (UCO)","HUCO","Alejandro Botero",,,,,,,2200,0,,"http://creativecommons.org/publicdomain/zero/1.0/legalcode",
"2960851922","Cavendishia pubescens (Kunth) Hemsl.","Cavendishia pubescens (Kunth) Hemsl.",6.122236,-75.402431,"WGS84","cdround,colmafu,inmafu","SOUTH_AMERICA","Colombia","CO","Antioquia","Rionegro",,"Vereda Abreo","PRESERVED_SPECIMEN","PRESENT","ACCEPTED",,"2e6917b2-44b4-4af7-94ce-47ac40677784","c8f840a3-4949-4e18-82e9-5771c3e57129","Universidad Católica de Oriente (UCO)","HUCO","Edwar Andrés Ospina",,,,,,,2150,0,,"http://creativecommons.org/publicdomain/zero/1.0/legalcode",
"2960855577","Cavendishia pubescens (Kunth) Hemsl.","Cavendishia pubescens (Kunth) Hemsl.",6.15,-75.383333,"WGS84","cdround,colmafu,inmafu","SOUTH_AMERICA","Colombia","CO","Antioquia","Rionegro",,"Corregimiento San Antonio","PRESERVED_SPECIMEN","PRESENT","ACCEPTED",,"2e6917b2-44b4-4af7-94ce-47ac40677784","c8f840a3-4949-4e18-82e9-5771c3e57129","Universidad Católica de Oriente (UCO)","HUCO","Carlos Andrés Arbeláez",,,,,,,2125,0,,"http://creativecommons.org/publicdomain/zero/1.0/legalcode",
"2960855579","Cavendishia pubescens (Kunth) Hemsl.","Cavendishia pubescens (Kunth) Hemsl.",6.15,-75.383333,"WGS84","cdround,colmafu,inmafu","SOUTH_AMERICA","Colombia","CO","Antioquia","Rionegro",,"Corregimiento San Antonio","PRESERVED_SPECIMEN","PRESENT","ACCEPTED",,"2e6917b2-44b4-4af7-94ce-47ac40677784","c8f840a3-4949-4e18-82e9-5771c3e57129","Universidad Católica de Oriente (UCO)","HUCO","Lina María Ruiz",,,,,,,2125,0,,"http://creativecommons.org/publicdomain/zero/1.0/legalcode",
"2960855580","Cavendishia pubescens (Kunth) Hemsl.","Cavendishia pubescens (Kunth) Hemsl.",6.15,-75.383333,"WGS84","cdround,colmafu,inmafu","SOUTH_AMERICA","Colombia","CO","Antioquia","Rionegro",,"Corregimiento San Antonio","PRESERVED_SPECIMEN","PRESENT","ACCEPTED",,"2e6917b2-44b4-4af7-94ce-47ac40677784","c8f840a3-4949-4e18-82e9-5771c3e57129","Universidad Católica de Oriente (UCO)","HUCO","Anny Carolina Montoya",,,,,,,2125,0,,"http://creativecommons.org/publicdomain/zero/1.0/legalcode",
"2960855589","Cavendishia pubescens (Kunth) Hemsl.","Cavendishia pubescens (Kunth) Hemsl.",5.961589,-75.387964,"WGS84","cdround,colmafu,inmafu","SOUTH_AMERICA","Colombia","CO","Antioquia","La Unión",,"Vereda Vallejuelito, cerro Las Peñas","PRESERVED_SPECIMEN","PRESENT","ACCEPTED",,"2e6917b2-44b4-4af7-94ce-47ac40677784","c8f840a3-4949-4e18-82e9-5771c3e57129","Universidad Católica de Oriente (UCO)","HUCO","Deicy Álvarez|Claudia Bedoya|Daniela Hernández|Laura Jaramillo",,,,,,,2500,0,,"http://creativecommons.org/publicdomain/zero/1.0/legalcode",
"2960855597","Cavendishia pubescens (Kunth) Hemsl.","Cavendishia pubescens (Kunth) Hemsl.",6.258083,-75.410833,"WGS84","cdround,colmafu,inmafu","SOUTH_AMERICA","Colombia","CO","Antioquia","Guarne",,"El Colorado","PRESERVED_SPECIMEN","PRESENT","ACCEPTED",,"2e6917b2-44b4-4af7-94ce-47ac40677784","c8f840a3-4949-4e18-82e9-5771c3e57129","Universidad Católica de Oriente (UCO)","HUCO","Diana Osorio|Sandy Marín",,,,,,,2387,0,,"http://creativecommons.org/publicdomain/zero/1.0/legalcode",
"2960855598","Cavendishia pubescens (Kunth) Hemsl.","Cavendishia pubescens (Kunth) Hemsl.",6.162639,-75.388947,"WGS84","cdround,colmafu,inmafu","SOUTH_AMERICA","Colombia","CO","Antioquia","Rionegro",,"Vereda Sajonia","PRESERVED_SPECIMEN","PRESENT","ACCEPTED",,"2e6917b2-44b4-4af7-94ce-47ac40677784","c8f840a3-4949-4e18-82e9-5771c3e57129","Universidad Católica de Oriente (UCO)","HUCO","Fernando Alzate|Grupo de estudios Florísticos UCO",,,,,,,2200,0,,"http://creativecommons.org/publicdomain/zero/1.0/legalcode",
"2960855599","Cavendishia pubescens (Kunth) Hemsl.","Cavendishia pubescens (Kunth) Hemsl.",6.069742,-75.499778,"WGS84","cdround,colmafu,inmafu","SOUTH_AMERICA","Colombia","CO","Antioquia","Retiro",,"La Argentina, finca Cantos de Agua","PRESERVED_SPECIMEN","PRESENT","ACCEPTED",,"2e6917b2-44b4-4af7-94ce-47ac40677784","c8f840a3-4949-4e18-82e9-5771c3e57129","Universidad Católica de Oriente (UCO)","HUCO","Maria Fernanda Marín|Jenniffer Moreno|Moisés Puyosa",,,,,,,2154,0,,"http://creativecommons.org/publicdomain/zero/1.0/legalcode",
"2960855602","Cavendishia pubescens (Kunth) Hemsl.","Cavendishia pubescens (Kunth) Hemsl.",6.253861,-75.666611,"WGS84","cdround,colmafu,inmafu","SOUTH_AMERICA","Colombia","CO","Antioquia","Medellín",,"Corregimiento San Antonio de Prado","PRESERVED_SPECIMEN","PRESENT","ACCEPTED",,"2e6917b2-44b4-4af7-94ce-47ac40677784","c8f840a3-4949-4e18-82e9-5771c3e57129","Universidad Católica de Oriente (UCO)","HUCO","Idárraga A|Rodríguez W|Díaz O|Urrea L|Carmona D|Parra R",,,,,,,2425,0,,"http://creativecommons.org/publicdomain/zero/1.0/legalcode",
"2960855713","Cavendishia pubescens (Kunth) Hemsl.","Cavendishia pubescens (Kunth) Hemsl.",6.212389,-75.497681,"WGS84","cdround,colmafu,inmafu","SOUTH_AMERICA","Colombia","CO","Antioquia","Medellín",,"Corregimiento Santa Elena","PRESERVED_SPECIMEN","PRESENT","ACCEPTED",,"2e6917b2-44b4-4af7-94ce-47ac40677784","c8f840a3-4949-4e18-82e9-5771c3e57129","Universidad Católica de Oriente (UCO)","HUCO","Claudia Castaño Salazar",,,,,,,2450,650,,"http://creativecommons.org/publicdomain/zero/1.0/legalcode",
"4061068865","Cavendishia pubescens (Kunth) Hemsl.","Cavendishia pubescens (Kunth) Hemsl.",-16.371667,-67.735555,"WGS84","cdround,gass84,inmano","SOUTH_AMERICA","Bolivia (Plurinational State of)","BO","La Paz","Sud Yungas",,"Sirupaya","PRESERVED_SPECIMEN","PRESENT","ACCEPTED","Tropicos","e053ff53-c156-4e2e-b9b5-4462e9625424","90fd6680-349f-11d8-aa2d-b8a03c50a862",,"Tropicos","Otto Buchtien","Foster's catalog note file",,,,,,,,,"http://creativecommons.org/licenses/by/4.0/legalcode","Missouri Botanical Garden"
"4061068875","Cavendishia pubescens (Kunth) Hemsl.","Cavendishia pubescens (Kunth) Hemsl.",-16.183333,-67.733333,"WGS84","gass84,inmano","SOUTH_AMERICA","Bolivia (Plurinational State of)","BO","La Paz","Nor Yungas",,"Coroico","PRESERVED_SPECIMEN","PRESENT","ACCEPTED","Tropicos","e053ff53-c156-4e2e-b9b5-4462e9625424","90fd6680-349f-11d8-aa2d-b8a03c50a862",,"Tropicos","R.W. Pearce","Foster's catalog data file",,,,,,,,,"http://creativecommons.org/licenses/by/4.0/legalcode","Missouri Botanical Garden"
"4061633484","Cavendishia pubescens (Kunth) Hemsl.","Cavendishia pubescens (Kunth) Hemsl.",-16.183333,-67.733333,"WGS84","gass84,inmano","SOUTH_AMERICA","Bolivia (Plurinational State of)","BO","La Paz","Nor Yungas",,"Coroico","PRESERVED_SPECIMEN","PRESENT","ACCEPTED","Tropicos","e053ff53-c156-4e2e-b9b5-4462e9625424","90fd6680-349f-11d8-aa2d-b8a03c50a862",,"Tropicos","Otto Buchtien","Foster's catalog note file",,,,,,,,,"http://creativecommons.org/licenses/by/4.0/legalcode","Missouri Botanical Garden"
